v 1.19136 0.607303 0.827243
v 1.25 0.607303 0.41
v 1.25 1.385727 0.41
newmtl 1
Ka 0.25098039215686274 0.25098039215686274 0.25098039215686274
Kd 0.25098039215686274 0.25098039215686274 0.25098039215686274
Ks 0.07450980392156863 0.07450980392156863 0.07450980392156863
d 0.0
endmtl
v 1.19136 0.25601 0.827243
v 1.25 0.25601 0.41
v 1.25 0.311783 0.41
v 1.18449 0.481518 0.87613
v 1.18449 0.45449 0.87613
v 1.184633 0.45449 0.87511
v 1.184548 0.286409 0.875719
v 1.184633 0.281244 0.87511
v 1.184633 0.311783 0.87511
v 1.14058 0.192024 1.188564
v 1.140422 0.201303 1.189686
v 1.140422 0.152747 1.189686
v 1.140422 -0.174668 1.189686
v 1.142288 -0.154732 1.176413
v 1.140422 0.027978 1.189686
v 1.146821 -0.126457 1.144156
v 1.162671 -0.028929 1.031379
v 1.162671 0.027978 1.031379
v 1.160022 -0.036536 1.050227
v 1.156586 -0.054231 1.074678
v 1.153814 -0.077751 1.094398
v 1.151827 -0.107882 1.10854
v 1.152029 -0.103564 1.107101
v 1.136751 -0.315823 1.215809
v 1.136009 -0.272725 1.221088
v 1.121756 0.027978 1.322503
v 1.136532 -0.236969 1.217369
v 1.138667 -0.19343 1.202177
v 1.159362 -0.568789 1.054921
v 1.140422 -1.941395 1.189686
v 1.162671 -0.573418 1.031379
v 1.162671 -1.963644 1.031379
v 1.163891 -0.575125 1.022698
v 1.138904 -0.355817 1.200489
v 1.121756 -1.922729 1.322503
v 1.140422 -0.37341 1.189686
v 1.140718 -0.376836 1.187582
v 1.155054 -0.554491 1.085576
v 1.151585 -0.534738 1.110258
v 1.150717 -0.528097 1.116438
v 1.147958 -0.499158 1.136069
v 1.1463 -0.466865 1.147864
v 1.145789 -0.434964 1.151497
v 1.143148 -0.397224 1.170291
v 1.145865 -0.424987 1.15096
v 1.146031 -0.41501 1.149779
v 1.181509 -0.51432 0.897342
v 1.178511 -0.539076 0.918668
v 1.184633 -1.985606 0.87511
v 1.18372 -0.483301 0.88161
v 1.17428 -0.559993 0.948777
v 1.169767 -0.571859 0.980887
v 1.16535 -0.575514 1.012315
v 1.184307 -0.469668 0.877429
v 1.184633 -0.468574 0.87511
v 1.186894 -0.460984 0.859021
v 1.189111 -0.448087 0.843249
v 1.25 0.145432 0.41
v 1.19136 0.027978 0.827243
v 1.25 0.027978 0.41
v 1.19136 -0.351321 0.827243
v 1.192159 -0.366274 0.821561
v 1.249995 -2.050969 0.410033
v 1.25 -2.05 0.41
v 1.19136 -1.992333 0.827243
v 1.19136 -0.423119 0.827243
v 1.190892 -0.43112 0.830576
v 1.192518 -0.387247 0.819007
v 1.192509 -0.390624 0.81907
v 1.192063 -0.411107 0.82224
v 1.184633 -0.30594 0.87511
v 1.184668 -0.305999 0.874863
v 1.187361 -0.316243 0.855701
v 1.189453 -0.329638 0.840817
v 1.191125 -0.346922 0.828915
v 1.177505 -0.195103 0.925831
v 1.17718 -0.189145 0.928142
v 1.170301 -0.179025 0.97709
v 1.172353 -0.322177 0.962485
v 1.163901 -0.20592 1.022625
v 1.170434 -0.337318 0.976141
v 1.16906 -0.355724 0.985917
v 1.178029 -0.200447 0.922103
v 1.175782 -0.036891 0.938091
v 1.179115 -0.054091 0.914372
v 1.184633 0.027978 0.87511
v 1.166718 -0.076197 1.002581
v 1.164398 -0.080252 1.019087
v 1.162671 -0.086923 1.031379
v 1.162671 -0.518702 1.031379
v 1.16371 -0.025944 1.023984
v 1.167644 -0.021991 0.995992
v 1.17196 -0.025983 0.965285
v 1.177062 -0.182495 0.928978
v 1.177071 -0.181651 0.928917
v 1.177151 -0.179048 0.928347
v 1.169912 -0.513636 0.979853
v 1.172376 -0.503243 0.962324
v 1.173617 -0.459189 0.953495
v 1.174599 -0.487683 0.946505
v 1.176217 -0.468801 0.934992
v 1.169621 -0.427094 0.981926
v 1.171335 -0.444838 0.969729
v 1.165109 -0.520856 1.014034
v 1.166956 -0.519834 1.000891
v 1.168602 -0.407927 0.989177
v 1.168248 -0.387247 0.991696
v 1.168336 -0.376664 0.991073
v 1.181898 -0.077718 0.894571
v 1.1837 -0.104192 0.881748
v 1.184549 -0.133042 0.875711
v 1.180805 -0.20939 0.902344
v 1.180363 -0.209201 0.905493
v 1.179236 -0.300488 0.913513
v 1.179442 -0.20752 0.912048
v 1.178613 -0.204233 0.917945
v 1.174149 -0.093377 0.949706
v 1.172266 -0.083835 0.963109
v 1.170113 -0.07786 0.978423
v 1.167765 -0.075781 0.995132
v 1.184549 -0.18423 0.875711
v 1.184439 -0.189118 0.876491
v 1.184125 -0.194857 0.878728
v 1.183568 -0.200483 0.882689
v 1.183282 -0.2025 0.884722
v 1.182524 -0.206282 0.890119
v 1.181705 -0.208567 0.895945
v 1.181686 -0.300947 0.896079
v 1.180443 -0.300488 0.904922
v 1.177183 -0.17729 0.928119
v 1.177183 -0.138248 0.928119
v 1.176771 -0.122738 0.931053
v 1.175786 -0.107422 0.938062
v 1.174329 -0.094583 0.948424
v 1.151148 -0.16884 1.113366
v 1.147884 -0.188324 1.136593
v 1.154845 -0.388114 1.087061
v 1.147548 -0.190972 1.138987
v 1.145198 -0.215365 1.155706
v 1.143752 -0.242583 1.165994
v 1.154366 -0.394427 1.090473
v 1.15338 -0.413885 1.097484
v 1.162313 -0.088304 1.033922
v 1.160747 -0.098374 1.045066
v 1.158347 -0.143453 1.062146
v 1.15944 -0.111832 1.054366
v 1.158629 -0.126976 1.060136
v 1.158347 -0.150394 1.062146
v 1.155046 -0.155559 1.085632
v 1.153801 -0.464451 1.094491
v 1.155227 -0.483801 1.084346
v 1.153098 -0.443027 1.099494
v 1.157091 -0.498831 1.071082
v 1.159497 -0.510851 1.053966
v 1.153034 -0.434097 1.099949
v 1.16219 -0.518276 1.034802
v 1.143811 -0.303378 1.165574
v 1.145397 -0.331786 1.154286
v 1.143254 -0.271857 1.16954
v 1.147829 -0.355695 1.136987
v 1.151072 -0.375074 1.113909
v 1.152903 0.537821 1.100879
v 1.152903 0.493044 1.100879
v 1.157548 0.550267 1.067828
v 1.162671 0.493044 1.031379
v 1.157548 0.567672 1.067828
v 1.162671 0.607303 1.031379
v 1.144697 0.493044 1.159268
v 1.140566 0.504351 1.188666
v 1.140422 0.493044 1.189686
v 1.140566 0.521195 1.188666
v 1.140422 0.607303 1.189686
v 1.157548 0.457874 1.067828
v 1.162671 0.45449 1.031379
v 1.157548 0.475279 1.067828
v 1.152903 0.487008 1.100879
v 1.155612 0.278828 1.081604
v 1.155612 0.311783 1.081604
v 1.149899 0.278828 1.122255
v 1.149899 0.311783 1.122255
v 1.140422 0.311783 1.189686
v 1.140566 0.325929 1.188666
v 1.140422 0.340231 1.189686
v 1.142519 0.325929 1.174766
v 1.149899 0.322466 1.122255
v 1.155612 0.328705 1.081604
v 1.147954 0.322466 1.136093
v 1.142519 0.311783 1.174766
v 1.147954 0.311783 1.136093
v 1.142519 0.278828 1.174766
v 1.147954 0.278828 1.136093
v 1.157548 0.263075 1.067828
v 1.162671 0.25601 1.031379
v 1.157548 0.311783 1.067828
v 1.162671 0.311783 1.031379
v 1.157548 0.328705 1.067828
v 1.162671 0.340231 1.031379
v 1.140422 0.25601 1.189686
v 1.140566 0.263075 1.188666
v 1.140566 0.311783 1.188666
v 1.143164 0.237293 1.17018
v 1.15507 0.233442 1.085465
v 1.154744 0.238651 1.087782
v 1.143266 0.238651 1.169453
v 1.157132 0.233442 1.070789
v 1.162671 0.233442 1.031379
v 1.156989 0.23657 1.071805
v 1.156845 0.238651 1.072832
v 1.155209 0.186186 1.084475
v 1.155676 0.194884 1.081151
v 1.155881 0.207147 1.079689
v 1.14296 0.233442 1.17163
v 1.142508 0.224915 1.174843
v 1.155493 0.226666 1.08245
v 1.142259 0.209892 1.17662
v 1.155851 0.212868 1.079901
v 1.1469 0.165859 1.143597
v 1.149248 0.16382 1.126888
v 1.150168 0.164111 1.120341
v 1.151801 0.166386 1.10872
v 1.142285 0.205154 1.176431
v 1.14257 0.194539 1.174405
v 1.143189 0.184944 1.170003
v 1.153132 0.170625 1.099254
v 1.154093 0.175798 1.092416
v 1.154425 0.17821 1.090054
v 1.144143 0.17664 1.163214
v 1.145436 0.169963 1.154008
v 1.140422 0.222776 1.189686
v 1.140456 0.225794 1.189448
v 1.140422 0.233442 1.189686
v 1.140764 0.233442 1.187256
v 1.140974 0.238651 1.185763
v 1.121756 0.233442 1.322503
v 1.140279 0.209736 1.190705
v 1.140279 0.209833 1.190705
v 1.144388 0.156064 1.161466
v 1.14278 0.164912 1.172913
v 1.142386 0.167868 1.175711
v 1.141271 0.179283 1.183649
v 1.140422 0.145432 1.189686
v 1.146275 0.150269 1.148043
v 1.145468 0.152747 1.153782
v 1.153231 0.152747 1.09855
v 1.152159 0.149724 1.106177
v 1.162671 0.145432 1.031379
v 1.149378 0.147288 1.125961
v 1.148492 0.147502 1.132267
v 1.157407 0.184277 1.068831
v 1.156651 0.172761 1.074208
v 1.162671 0.152747 1.031379
v 1.155517 0.162947 1.082284
v 1.153927 0.154711 1.093592
v 1.157587 0.223468 1.06755
v 1.157835 0.20487 1.065789
v 1.157786 0.197502 1.066134
v 1.107503 0.027978 1.423917
v 1.107503 -1.908476 1.423917
v 1.121756 1.385727 1.322503
v 1.121756 1.922729 1.322503
v 1.107503 1.908476 1.423917
v 1.140422 1.385727 1.189686
v 1.140422 1.941395 1.189686
v 1.184633 1.385727 0.87511
v 1.162671 1.963644 1.031379
v 1.162671 1.385727 1.031379
v 1.184633 1.985606 0.87511
v 1.19136 1.385727 0.827243
v 1.19136 1.992333 0.827243
v 1.25 2.05 0.41
v 1.249995 2.050969 0.410033
v 1.178789 0.163877 0.916696
v 1.175278 0.166721 0.941677
v 1.17948 0.160735 0.911775
v 1.18026 0.158895 0.906222
v 1.184633 0.233442 0.87511
v 1.18449 0.228233 0.87613
v 1.18449 0.212949 0.87613
v 1.173887 0.200506 0.951572
v 1.17381 0.195293 0.952117
v 1.177283 0.187121 0.927406
v 1.174894 0.226733 0.944409
v 1.176684 0.228233 0.931668
v 1.178213 0.168336 0.920789
v 1.177741 0.174463 0.924148
v 1.174355 0.177275 0.948245
v 1.173923 0.186849 0.951314
v 1.184321 0.170839 0.87733
v 1.183821 0.165692 0.880887
v 1.184633 0.152747 0.87511
v 1.183628 0.164296 0.882259
v 1.182991 0.161047 0.886791
v 1.182614 0.212949 0.889474
v 1.182614 0.212543 0.889474
v 1.183162 0.209926 0.885574
v 1.183873 0.205069 0.880516
v 1.182288 0.159102 0.891793
v 1.181242 0.158205 0.899235
v 1.173211 0.166721 0.95638
v 1.17678 0.212949 0.930989
v 1.175846 0.212425 0.937634
v 1.175086 0.210849 0.943043
v 1.174647 0.209057 0.946166
v 1.17296 0.169833 0.958167
v 1.172346 0.181191 0.962538
v 1.172083 0.196728 0.964411
v 1.172241 0.207355 0.963281
v 1.172539 0.21346 0.961164
v 1.172967 0.218307 0.958119
v 1.173326 0.220982 0.95556
v 1.173983 0.224217 0.950889
v 1.174304 0.20675 0.948605
v 1.17406 0.204042 0.950341
v 1.184336 0.200022 0.877223
v 1.184633 0.194195 0.87511
v 1.19136 0.233442 0.827243
v 1.184651 0.193845 0.874984
v 1.184776 0.185842 0.874091
v 1.19136 0.152747 0.827243
v 1.184633 0.176978 0.87511
v 1.184628 0.176699 0.875142
v 1.18441 0.25601 0.876699
v 1.184064 0.248945 0.879157
v 1.181868 0.248945 0.894787
v 1.175634 0.249039 0.939144
v 1.174877 0.249635 0.944527
v 1.177112 0.251392 0.928624
v 1.176463 0.249702 0.933242
v 1.182445 0.255823 0.890675
v 1.182455 0.25601 0.89061
v 1.177929 0.25601 0.922813
v 1.177552 0.253374 0.925491
v 1.177916 0.255875 0.922901
v 1.18459 0.259686 0.87542
v 1.184633 0.25601 0.87511
v 1.184633 0.262692 0.87511
v 1.184776 0.272589 0.874091
v 1.172621 0.303626 0.960581
v 1.174687 0.303626 0.945877
v 1.173046 0.258833 0.957554
v 1.172725 0.262586 0.959837
v 1.174192 0.251447 0.949401
v 1.173617 0.254278 0.953493
v 1.1734 0.25601 0.955037
v 1.182043 0.307082 0.893537
v 1.182718 0.305208 0.888739
v 1.183279 0.302363 0.884746
v 1.172286 0.270775 0.962965
v 1.172083 0.282976 0.964411
v 1.172215 0.293699 0.963469
v 1.179185 0.30269 0.913876
v 1.179769 0.305536 0.90972
v 1.180396 0.30717 0.905259
v 1.18119 0.307806 0.899606
v 1.183812 0.29798 0.880948
v 1.184115 0.294444 0.878793
v 1.17381 0.281479 0.952117
v 1.173858 0.276955 0.951781
v 1.175443 0.264791 0.940503
v 1.174008 0.272866 0.950709
v 1.174262 0.269439 0.948905
v 1.175726 0.26493 0.938489
v 1.176056 0.265537 0.936138
v 1.176343 0.266638 0.934096
v 1.176571 0.268129 0.932472
v 1.17704 0.273517 0.929136
v 1.173991 0.292141 0.950835
v 1.177613 0.282976 0.925058
v 1.174456 0.300791 0.947521
v 1.177947 0.288894 0.922687
v 1.178732 0.299046 0.917096
v 1.174546 0.267132 0.946886
v 1.174816 0.265822 0.94496
v 1.175103 0.265067 0.942917
v 1.182914 0.265453 0.887342
v 1.179159 0.272184 0.914062
v 1.178578 0.263073 0.918197
v 1.18304 0.274086 0.886447
v 1.183039 0.274761 0.886451
v 1.179744 0.28222 0.909899
v 1.182917 0.282597 0.88732
v 1.181399 0.292116 0.898123
v 1.181134 0.291966 0.900006
v 1.182716 0.286541 0.88875
v 1.182598 0.287934 0.889587
v 1.182382 0.289688 0.891129
v 1.182107 0.291022 0.893083
v 1.181805 0.291799 0.895235
v 1.180802 0.291272 0.902369
v 1.18052 0.29009 0.904375
v 1.180244 0.288185 0.906339
v 1.184633 0.364651 0.87511
v 1.18449 0.415889 0.87613
v 1.172361 0.399419 0.962434
v 1.167507 0.415889 0.996968
v 1.181477 0.355624 0.897567
v 1.182475 0.357496 0.890462
v 1.182475 0.357901 0.890462
v 1.18206 0.358603 0.89342
v 1.181494 0.359773 0.897443
v 1.175314 0.340231 0.941419
v 1.172361 0.383573 0.962434
v 1.184633 0.340231 0.87511
v 1.181024 0.340231 0.900791
v 1.172361 0.31576 0.962434
v 1.172361 0.332853 0.962434
v 1.184464 0.349947 0.876315
v 1.184633 0.349432 0.87511
v 1.186669 0.343241 0.860623
v 1.19136 0.311783 0.827243
v 1.190029 0.31891 0.836715
v 1.188136 0.31891 0.850183
v 1.187889 0.3373 0.851942
v 1.187452 0.340149 0.85505
v 1.187432 0.340231 0.855197
v 1.188279 0.322037 0.849168
v 1.18838 0.327582 0.848453
v 1.189824 0.340231 0.838178
v 1.190104 0.334946 0.836184
v 1.19136 0.340231 0.827243
v 1.190203 0.328767 0.83548
v 1.190186 0.325393 0.835599
v 1.188309 0.33164 0.848956
v 1.188121 0.334946 0.850292
v 1.19136 0.45449 0.827243
v 1.186322 0.359866 0.863094
v 1.188199 0.352939 0.849739
v 1.189133 0.347346 0.843091
v 1.189265 0.346315 0.842155
v 1.189784 0.340977 0.83846
v 1.182554 0.431641 0.889906
v 1.182554 0.45449 0.889906
v 1.176841 0.431641 0.930556
v 1.176841 0.45449 0.930556
v 1.167507 0.45449 0.996968
v 1.167507 0.478742 0.996968
v 1.169461 0.478742 0.983068
v 1.176841 0.475279 0.930556
v 1.182554 0.481518 0.889906
v 1.174896 0.475279 0.944395
v 1.169461 0.45449 0.983068
v 1.174896 0.45449 0.944395
v 1.169461 0.431641 0.983068
v 1.174896 0.431641 0.944395
v 1.19136 0.145432 0.827243
v 1.25 0.152747 0.41
v 1.25 0.233442 0.41
v 1.25 0.340231 0.41
v 1.25 0.45449 0.41
v 1.25 0.493044 0.41
v 1.19136 0.493044 0.827243
v 1.184633 0.493044 0.87511
v 1.184633 0.607303 0.87511
v 1.184633 0.145432 0.87511
v 1.18449 0.143576 0.87613
v 1.18449 0.077946 0.87613
v 1.182554 0.143576 0.889906
v 1.169461 0.1408 0.983068
v 1.167507 0.077946 0.996968
v 1.167507 0.1408 0.996968
v 1.176841 0.093699 0.930556
v 1.182554 0.093699 0.889906
v 1.176841 0.137337 0.930556
v 1.174896 0.137337 0.944395
v 1.174896 0.093699 0.944395
v 1.169461 0.093699 0.983068
v 1.18449 0.538133 0.87613
v 1.18449 0.504569 0.87613
v 1.178849 0.6006 0.916262
v 1.180606 0.594594 0.903762
v 1.182111 0.585515 0.893057
v 1.183377 0.572845 0.884048
v 1.184135 0.558953 0.878653
v 1.167507 0.504569 0.996968
v 1.167507 0.539381 0.996968
v 1.167793 0.55801 0.994931
v 1.168542 0.572737 0.989605
v 1.169756 0.585515 0.980968
v 1.170334 0.589771 0.97685
v 1.171813 0.597337 0.966329
v 1.173431 0.601865 0.954818
v 1.175781 0.603918 0.938093
v 1.176861 0.603553 0.930412
v 1.18449 0.628093 0.87613
v 1.18449 0.610687 0.87613
v 1.18449 0.70308 0.87613
v 1.179845 0.690634 0.909181
v 1.179845 0.639821 0.909181
v 1.167507 0.657164 0.996968
v 1.167507 0.674008 0.996968
v 1.18449 0.720486 0.87613
v 1.140566 0.093699 1.188666
v 1.155612 0.093699 1.081604
v 1.155612 0.142297 1.081604
v 1.157548 0.077946 1.067828
v 1.140566 0.077946 1.188666
v 1.157548 0.142297 1.067828
v 1.157548 0.351756 1.067828
v 1.149919 0.45074 1.122111
v 1.151908 0.447787 1.107961
v 1.153665 0.441781 1.095461
v 1.155169 0.432701 1.084755
v 1.144872 0.444524 1.158027
v 1.146489 0.449052 1.146517
v 1.140422 0.45449 1.189686
v 1.14884 0.451105 1.129792
v 1.156435 0.420032 1.075747
v 1.157194 0.40614 1.070351
v 1.157548 0.38532 1.067828
v 1.140566 0.351756 1.188666
v 1.140566 0.386567 1.188666
v 1.140852 0.405197 1.18663
v 1.1416 0.419924 1.181303
v 1.142814 0.432701 1.172666
v 1.143393 0.436958 1.168548
v 1.121756 0.152747 1.322503
v 1.121756 0.145432 1.322503
v 1.121756 0.607303 1.322503
v 1.121756 0.493044 1.322503
v 1.121756 0.45449 1.322503
v 1.121756 0.340231 1.322503
v 1.121756 0.311783 1.322503
v 1.121756 0.25601 1.322503
v 1.107503 1.385727 1.423917
v 1.107503 0.607303 1.423917
v 1.107503 0.493044 1.423917
v 1.107503 0.45449 1.423917
v 1.107503 0.340231 1.423917
v 1.107503 0.311783 1.423917
v 1.107503 0.25601 1.423917
v 1.107503 0.233442 1.423917
v 1.107503 0.152747 1.423917
v 1.107503 0.145432 1.423917
v -1.25 2.05 0.11
v -1.25 1.7 0.11
v -1.25 2.05 0.41
v -1.25 1.7 0.4
v -1.25 1.3 0.11
v -1.25 0.2 0.11
v -1.25 1.3 0.4
v -1.25 0.2 0.4
v -1.25 -0.2 0.4
v -1.25 -2.05 0.41
v -1.25 -1.7 0.11
v -1.25 -2.05 0.11
v -1.25 -1.7 0.4
v -1.25 -1.3 0.4
v -1.25 -1.3 0.11
v -1.25 -0.2 0.11
v -0.915 -1.3 0.01
v -1.15 -1.3 0.01
v -1.15 -0.2 0.01
v -1.15 -2.05 0.01
v -1.15 -1.7 0.01
v -0.915 -1.7 0.01
v -0.398137 -0.865 0.01
v 1.15 -0.865 0.01
v 1.15 -2.05 0.01
v -0.915 -0.2 0.01
v -1.175882 -2.05 0.013407
v -1.175882 -1.7 0.013407
v -1.2 -2.05 0.023397
v -1.2 -1.7 0.023397
v -1.220711 -2.05 0.039289
v -1.220711 -1.7 0.039289
v -1.236603 -2.05 0.06
v -1.236603 -1.7 0.06
v -1.246593 -2.05 0.084118
v -1.246593 -1.7 0.084118
v -1.175882 -1.3 0.013407
v -1.175882 -0.2 0.013407
v -1.2 -1.3 0.023397
v -1.2 -0.2 0.023397
v -1.220711 -1.3 0.039289
v -1.220711 -0.2 0.039289
v -1.236603 -1.3 0.06
v -1.236603 -0.2 0.06
v -1.246593 -1.3 0.084118
v -1.246593 -0.2 0.084118
v -0.915 1.7 0.01
v -1.15 1.7 0.01
v -1.15 2.05 0.01
v -1.15 0.2 0.01
v -1.15 1.3 0.01
v -0.915 1.3 0.01
v 1.15 2.05 0.01
v 1.15 0.865 0.01
v -0.398137 0.865 0.01
v -0.915 0.2 0.01
v -1.175882 0.2 0.013407
v -1.175882 1.3 0.013407
v -1.2 0.2 0.023397
v -1.2 1.3 0.023397
v -1.220711 0.2 0.039289
v -1.220711 1.3 0.039289
v -1.236603 0.2 0.06
v -1.236603 1.3 0.06
v -1.246593 0.2 0.084118
v -1.246593 1.3 0.084118
v 1.25 2.05 0.11
v 1.25 0.865 0.11
v 1.25 0.865 0.4
v 1.25 -0.865 0.4
v 1.25 -2.05 0.11
v 1.25 -0.865 0.11
v 1.175882 -0.865 0.013407
v 1.175882 -2.05 0.013407
v 1.2 -0.865 0.023397
v 1.2 -2.05 0.023397
v 1.220711 -0.865 0.039289
v 1.220711 -2.05 0.039289
v 1.236603 -0.865 0.06
v 1.236603 -2.05 0.06
v 1.246593 -0.865 0.084118
v 1.246593 -2.05 0.084118
v 1.175882 2.05 0.013407
v 1.175882 0.865 0.013407
v 1.2 2.05 0.023397
v 1.2 0.865 0.023397
v 1.220711 2.05 0.039289
v 1.220711 0.865 0.039289
v 1.236603 2.05 0.06
v 1.236603 0.865 0.06
v 1.246593 2.05 0.084118
v 1.246593 0.865 0.084118
v -1.175882 1.7 0.013407
v -1.175882 2.05 0.013407
v -1.2 1.7 0.023397
v -1.2 2.05 0.023397
v -1.220711 1.7 0.039289
v -1.220711 2.05 0.039289
v -1.236603 1.7 0.06
v -1.236603 2.05 0.06
v -1.246593 1.7 0.084118
v -1.246593 2.05 0.084118
v 1.15 2.15 0.11
v -1.15 2.15 0.11
v 1.15 2.15 0.41
v -1.15 2.15 0.41
v 1.15 -2.15 0.41
v -1.15 -2.15 0.41
v 1.15 -2.15 0.11
v -1.15 -2.15 0.11
v -1.008476 1.908476 1.51
v -1.008476 -1.908476 1.51
v 1.008476 1.908476 1.51
v 1.008476 -1.908476 1.51
v -1.150968 2.149995 0.410033
v -1.008476 2.007503 1.423917
v 1.008476 2.007503 1.423917
v 1.150968 2.149995 0.410033
v -1.249995 -2.050969 0.410033
v -1.107503 -1.908476 1.423917
v -1.107503 1.908476 1.423917
v -1.249995 2.050969 0.410033
v 1.150968 -2.149995 0.410033
v 1.008476 -2.007503 1.423917
v -1.008476 -2.007503 1.423917
v -1.150968 -2.149995 0.410033
v -1.008476 -2.001673 1.446255
v 1.008476 -2.001673 1.446255
v -1.008476 -2.001338 1.446881
v 1.008476 -2.001338 1.446881
v -1.008476 -1.990386 1.467365
v 1.008476 -1.990386 1.467365
v -1.008476 -1.990007 1.467789
v 1.008476 -1.990007 1.467789
v -1.008476 -1.974406 1.485189
v 1.008476 -1.974406 1.485189
v -1.008476 -1.974054 1.485429
v 1.008476 -1.974054 1.485429
v -1.008476 -1.954647 1.498703
v 1.008476 -1.954647 1.498703
v -1.008476 -1.954381 1.498803
v 1.008476 -1.954381 1.498803
v -1.008476 -1.932243 1.507135
v 1.008476 -1.932243 1.507135
v -1.008476 -1.932102 1.507152
v 1.008476 -1.932102 1.507152
v 1.090007 -1.908476 1.467789
v 1.074406 -1.908476 1.485189
v 1.072159 -1.92554 1.485189
v 1.053074 -1.920426 1.498703
v 1.031433 -1.914628 1.507135
v 1.029059 -1.92036 1.507135
v 1.02036 -1.929059 1.507135
v 1.025282 -1.925282 1.507135
v 1.014628 -1.931433 1.507135
v 1.032102 -1.908476 1.507152
v 1.098497 -1.932598 1.446255
v 1.103647 -1.933974 1.426959
v 1.103721 -1.933802 1.426945
v 1.093606 -1.957444 1.428846
v 1.089187 -1.955075 1.446255
v 1.09351 -1.957567 1.42885
v 1.074376 -1.974376 1.446255
v 1.07783 -1.97783 1.429494
v 1.055075 -1.989187 1.446255
v 1.057568 -1.99351 1.42885
v 1.057444 -1.993606 1.428846
v 1.032598 -1.998497 1.446255
v 1.033974 -2.003647 1.426959
v 1.033802 -2.003721 1.426945
v 1.074054 -1.908476 1.485429
v 1.054647 -1.908476 1.498703
v 1.054381 -1.908476 1.498803
v 1.032243 -1.908476 1.507135
v 1.048461 -1.931562 1.498703
v 1.041124 -1.941124 1.498703
v 1.031562 -1.948461 1.498703
v 1.020426 -1.953074 1.498703
v 1.065573 -1.941441 1.485189
v 1.055095 -1.955095 1.485189
v 1.041441 -1.965573 1.485189
v 1.02554 -1.972159 1.485189
v 1.101338 -1.908476 1.446881
v 1.090386 -1.908476 1.467365
v 1.087595 -1.929676 1.467365
v 1.079412 -1.949431 1.467365
v 1.066395 -1.966395 1.467365
v 1.049431 -1.979413 1.467365
v 1.029676 -1.987595 1.467365
v 1.101673 -1.908476 1.446255
v -1.02554 -1.972159 1.485189
v -1.020426 -1.953074 1.498703
v -1.014628 -1.931433 1.507135
v -1.02036 -1.929059 1.507135
v -1.029059 -1.92036 1.507135
v -1.025282 -1.925282 1.507135
v -1.031433 -1.914628 1.507135
v -1.032598 -1.998497 1.446255
v -1.033974 -2.003647 1.426959
v -1.033802 -2.003721 1.426945
v -1.057444 -1.993606 1.428846
v -1.055075 -1.989187 1.446255
v -1.057568 -1.99351 1.42885
v -1.074376 -1.974376 1.446255
v -1.07783 -1.97783 1.429494
v -1.089187 -1.955075 1.446255
v -1.09351 -1.957567 1.42885
v -1.093606 -1.957444 1.428846
v -1.098497 -1.932598 1.446255
v -1.103647 -1.933974 1.426959
v -1.103721 -1.933802 1.426945
v -1.101673 -1.908476 1.446255
v -1.032102 -1.908476 1.507152
v -1.031562 -1.948461 1.498703
v -1.041124 -1.941124 1.498703
v -1.048461 -1.931562 1.498703
v -1.053074 -1.920426 1.498703
v -1.032243 -1.908476 1.507135
v -1.054381 -1.908476 1.498803
v -1.054647 -1.908476 1.498703
v -1.074054 -1.908476 1.485429
v -1.041441 -1.965573 1.485189
v -1.055095 -1.955095 1.485189
v -1.065573 -1.941441 1.485189
v -1.072159 -1.92554 1.485189
v -1.029676 -1.987595 1.467365
v -1.049431 -1.979413 1.467365
v -1.066395 -1.966395 1.467365
v -1.079412 -1.949431 1.467365
v -1.087595 -1.929676 1.467365
v -1.074406 -1.908476 1.485189
v -1.090007 -1.908476 1.467789
v -1.090386 -1.908476 1.467365
v -1.101338 -1.908476 1.446881
v 1.246512 -2.075871 0.411524
v 1.246423 -2.076505 0.411562
v 1.236565 -2.099984 0.41251
v 1.236441 -2.100279 0.412522
v 1.220711 -2.120711 0.412849
v 1.200279 -2.136441 0.412522
v 1.199984 -2.136564 0.41251
v 1.176505 -2.146424 0.411562
v 1.175871 -2.146512 0.411524
v 1.101673 1.908476 1.446255
v 1.101338 1.908476 1.446881
v 1.090386 1.908476 1.467365
v 1.090007 1.908476 1.467789
v 1.074406 1.908476 1.485189
v 1.074054 1.908476 1.485429
v 1.054647 1.908476 1.498703
v 1.054381 1.908476 1.498803
v 1.032243 1.908476 1.507135
v 1.032102 1.908476 1.507152
v 1.008476 2.001673 1.446255
v -1.008476 2.001673 1.446255
v 1.008476 2.001338 1.446881
v -1.008476 2.001338 1.446881
v 1.008476 1.990386 1.467365
v -1.008476 1.990386 1.467365
v 1.008476 1.990007 1.467789
v -1.008476 1.990007 1.467789
v 1.008476 1.974406 1.485189
v -1.008476 1.974406 1.485189
v 1.008476 1.974054 1.485429
v -1.008476 1.974054 1.485429
v 1.008476 1.954647 1.498703
v -1.008476 1.954647 1.498703
v 1.008476 1.954381 1.498803
v -1.008476 1.954381 1.498803
v 1.008476 1.932243 1.507135
v -1.008476 1.932243 1.507135
v 1.008476 1.932102 1.507152
v -1.008476 1.932102 1.507152
v -1.101673 1.908476 1.446255
v -1.101338 1.908476 1.446881
v -1.090386 1.908476 1.467365
v -1.090007 1.908476 1.467789
v -1.074406 1.908476 1.485189
v -1.074054 1.908476 1.485429
v -1.054647 1.908476 1.498703
v -1.054381 1.908476 1.498803
v -1.032243 1.908476 1.507135
v -1.032102 1.908476 1.507152
v -1.200279 -2.136441 0.412522
v -1.199984 -2.136564 0.41251
v -1.176505 -2.146424 0.411562
v -1.175871 -2.146512 0.411524
v -1.220711 -2.120711 0.412849
v -1.236441 -2.100279 0.412522
v -1.236565 -2.099984 0.41251
v -1.246423 -2.076505 0.411562
v -1.246512 -2.075871 0.411524
v 1.175882 -2.146593 0.11
v 1.2 -2.136603 0.11
v 1.220711 -2.120711 0.11
v 1.236603 -2.1 0.11
v 1.246593 -2.075882 0.11
v 1.02554 1.972159 1.485189
v 1.020426 1.953074 1.498703
v 1.014628 1.931433 1.507135
v 1.02036 1.929059 1.507135
v 1.029059 1.92036 1.507135
v 1.025282 1.925282 1.507135
v 1.031433 1.914628 1.507135
v 1.032598 1.998497 1.446255
v 1.033974 2.003647 1.426959
v 1.033802 2.003721 1.426945
v 1.057444 1.993606 1.428846
v 1.055075 1.989187 1.446255
v 1.057568 1.99351 1.42885
v 1.074376 1.974376 1.446255
v 1.07783 1.97783 1.429494
v 1.089187 1.955075 1.446255
v 1.09351 1.957567 1.42885
v 1.093606 1.957444 1.428846
v 1.098497 1.932598 1.446255
v 1.103647 1.933974 1.426959
v 1.103721 1.933802 1.426945
v 1.031562 1.948461 1.498703
v 1.041124 1.941124 1.498703
v 1.048461 1.931562 1.498703
v 1.053074 1.920426 1.498703
v 1.041441 1.965573 1.485189
v 1.055095 1.955095 1.485189
v 1.065573 1.941441 1.485189
v 1.072159 1.92554 1.485189
v 1.029676 1.987595 1.467365
v 1.049431 1.979413 1.467365
v 1.066395 1.966395 1.467365
v 1.079412 1.949431 1.467365
v 1.087595 1.929676 1.467365
v -1.072159 1.92554 1.485189
v -1.053074 1.920426 1.498703
v -1.031433 1.914628 1.507135
v -1.029059 1.92036 1.507135
v -1.02036 1.929059 1.507135
v -1.025282 1.925282 1.507135
v -1.014628 1.931433 1.507135
v -1.098497 1.932598 1.446255
v -1.103647 1.933974 1.426959
v -1.103721 1.933802 1.426945
v -1.093606 1.957444 1.428846
v -1.089187 1.955075 1.446255
v -1.09351 1.957567 1.42885
v -1.074376 1.974376 1.446255
v -1.07783 1.97783 1.429494
v -1.055075 1.989187 1.446255
v -1.057568 1.99351 1.42885
v -1.057444 1.993606 1.428846
v -1.032598 1.998497 1.446255
v -1.033974 2.003647 1.426959
v -1.033802 2.003721 1.426945
v -1.048461 1.931562 1.498703
v -1.041124 1.941124 1.498703
v -1.031562 1.948461 1.498703
v -1.020426 1.953074 1.498703
v -1.065573 1.941441 1.485189
v -1.055095 1.955095 1.485189
v -1.041441 1.965573 1.485189
v -1.02554 1.972159 1.485189
v -1.087595 1.929676 1.467365
v -1.079412 1.949431 1.467365
v -1.066395 1.966395 1.467365
v -1.049431 1.979413 1.467365
v -1.029676 1.987595 1.467365
v -1.246593 -2.075882 0.11
v -1.236603 -2.1 0.11
v -1.220711 -2.120711 0.11
v -1.2 -2.136603 0.11
v -1.175882 -2.146593 0.11
v 1.15 -2.075882 0.013407
v -1.15 -2.075882 0.013407
v 1.15 -2.1 0.023397
v -1.15 -2.1 0.023397
v 1.15 -2.120711 0.039289
v -1.15 -2.120711 0.039289
v 1.15 -2.136603 0.06
v -1.15 -2.136603 0.06
v 1.15 -2.146593 0.084118
v -1.15 -2.146593 0.084118
v 1.243301 -2.075 0.084118
v 1.233652 -2.098296 0.084118
v 1.233652 -2.072414 0.06
v 1.225 -2.093301 0.06
v 1.218301 -2.068301 0.039289
v 1.211237 -2.085355 0.039289
v 1.198296 -2.062941 0.023397
v 1.193301 -2.075 0.023397
v 1.175 -2.056699 0.013407
v 1.172414 -2.062941 0.013407
v 1.218301 -2.118301 0.084118
v 1.211237 -2.111237 0.06
v 1.2 -2.1 0.039289
v 1.185355 -2.085355 0.023397
v 1.168301 -2.068301 0.013407
v 1.198296 -2.133652 0.084118
v 1.175 -2.143301 0.084118
v 1.193301 -2.125 0.06
v 1.172414 -2.133652 0.06
v 1.185355 -2.111237 0.039289
v 1.168301 -2.118301 0.039289
v 1.175 -2.093301 0.023397
v 1.162941 -2.098296 0.023397
v 1.162941 -2.072414 0.013407
v 1.156699 -2.075 0.013407
v 1.200279 2.136441 0.412522
v 1.199984 2.136564 0.41251
v 1.176505 2.146424 0.411562
v 1.175871 2.146512 0.411524
v 1.220711 2.120711 0.412849
v 1.236441 2.100279 0.412522
v 1.236565 2.099984 0.41251
v 1.246423 2.076505 0.411562
v 1.246512 2.075871 0.411524
v -1.236441 2.100279 0.412522
v -1.236565 2.099984 0.41251
v -1.246423 2.076505 0.411562
v -1.246512 2.075871 0.411524
v -1.220711 2.120711 0.412849
v -1.200279 2.136441 0.412522
v -1.199984 2.136564 0.41251
v -1.176505 2.146424 0.411562
v -1.175871 2.146512 0.411524
v -1.175 -2.143301 0.084118
v -1.198296 -2.133652 0.084118
v -1.172414 -2.133652 0.06
v -1.193301 -2.125 0.06
v -1.168301 -2.118301 0.039289
v -1.185355 -2.111237 0.039289
v -1.162941 -2.098296 0.023397
v -1.175 -2.093301 0.023397
v -1.156699 -2.075 0.013407
v -1.162941 -2.072414 0.013407
v -1.218301 -2.118301 0.084118
v -1.211237 -2.111237 0.06
v -1.2 -2.1 0.039289
v -1.185355 -2.085355 0.023397
v -1.168301 -2.068301 0.013407
v -1.233652 -2.098296 0.084118
v -1.243301 -2.075 0.084118
v -1.225 -2.093301 0.06
v -1.233652 -2.072414 0.06
v -1.211237 -2.085355 0.039289
v -1.218301 -2.068301 0.039289
v -1.193301 -2.075 0.023397
v -1.198296 -2.062941 0.023397
v -1.172414 -2.062941 0.013407
v -1.175 -2.056699 0.013407
v 1.246593 2.075882 0.11
v 1.236603 2.1 0.11
v 1.220711 2.120711 0.11
v 1.2 2.136603 0.11
v 1.175882 2.146593 0.11
v -1.175882 2.146593 0.11
v -1.2 2.136603 0.11
v -1.220711 2.120711 0.11
v -1.236603 2.1 0.11
v -1.246593 2.075882 0.11
v 1.175 2.143301 0.084118
v 1.198296 2.133652 0.084118
v 1.172414 2.133652 0.06
v 1.193301 2.125 0.06
v 1.168301 2.118301 0.039289
v 1.185355 2.111237 0.039289
v 1.162941 2.098296 0.023397
v 1.175 2.093301 0.023397
v 1.156699 2.075 0.013407
v 1.162941 2.072414 0.013407
v 1.218301 2.118301 0.084118
v 1.211237 2.111237 0.06
v 1.2 2.1 0.039289
v 1.185355 2.085355 0.023397
v 1.168301 2.068301 0.013407
v 1.15 2.146593 0.084118
v 1.15 2.136603 0.06
v 1.15 2.120711 0.039289
v 1.15 2.1 0.023397
v 1.15 2.075882 0.013407
v 1.233652 2.098296 0.084118
v 1.243301 2.075 0.084118
v 1.225 2.093301 0.06
v 1.233652 2.072414 0.06
v 1.211237 2.085355 0.039289
v 1.218301 2.068301 0.039289
v 1.193301 2.075 0.023397
v 1.198296 2.062941 0.023397
v 1.172414 2.062941 0.013407
v 1.175 2.056699 0.013407
v -1.243301 2.075 0.084118
v -1.233652 2.098296 0.084118
v -1.233652 2.072414 0.06
v -1.225 2.093301 0.06
v -1.218301 2.068301 0.039289
v -1.211237 2.085355 0.039289
v -1.198296 2.062941 0.023397
v -1.193301 2.075 0.023397
v -1.175 2.056699 0.013407
v -1.172414 2.062941 0.013407
v -1.218301 2.118301 0.084118
v -1.211237 2.111237 0.06
v -1.2 2.1 0.039289
v -1.185355 2.085355 0.023397
v -1.168301 2.068301 0.013407
v -1.198296 2.133652 0.084118
v -1.175 2.143301 0.084118
v -1.193301 2.125 0.06
v -1.172414 2.133652 0.06
v -1.185355 2.111237 0.039289
v -1.168301 2.118301 0.039289
v -1.175 2.093301 0.023397
v -1.162941 2.098296 0.023397
v -1.162941 2.072414 0.013407
v -1.156699 2.075 0.013407
v -1.15 2.146593 0.084118
v -1.15 2.136603 0.06
v -1.15 2.120711 0.039289
v -1.15 2.1 0.023397
v -1.15 2.075882 0.013407
v -2.215 1.7 0.4
v -2.215 1.3 0.4
newmtl 2
Ka 0.8509803921568627 0.8509803921568627 0.8509803921568627
Kd 0.8509803921568627 0.8509803921568627 0.8509803921568627
Ks 0.4235294117647059 0.4235294117647059 0.4235294117647059
d 0.0
endmtl
v -0.915 1.3 0.0
v -0.915 1.7 0.0
v -2.215 1.3 0.0
v -2.215 1.7 0.0
v -0.398137 0.865 0.0
v -0.915 0.2 0.0
v -0.915 -0.2 0.0
v -0.398137 -0.865 0.0
v -2.215 0.2 0.4
v -2.215 0.2 0.0
v -2.215 -0.2 0.0
v -2.215 -0.2 0.4
v 1.585 -0.865 0.4
v 1.885 -0.565 0.4
v 1.885 0.565 0.4
v 1.585 0.865 0.4
v 1.585 -0.865 0.0
v 1.585 0.865 0.0
v 1.885 -0.565 0.0
v 1.885 0.565 0.0
v -2.215 -1.3 0.4
v -2.215 -1.7 0.4
v -0.915 -1.7 0.0
v -0.915 -1.3 0.0
v -2.215 -1.7 0.0
v -2.215 -1.3 0.0
v 1.156602 0.142297 1.081744
v 1.158539 0.142297 1.067967
newmtl 3
Ka 1.0 1.0 1.0
Kd 1.0 1.0 1.0
Ks 0.8784313725490196 0.8784313725490196 0.8784313725490196
d 0.0
endmtl
v 1.156602 0.093699 1.081744
v 1.141556 0.093699 1.188806
v 1.141556 0.077946 1.188806
v 1.158539 0.077946 1.067967
v 1.157835 0.238651 1.072971
v 1.15798 0.23657 1.071944
v 1.158825 0.20487 1.065928
v 1.158578 0.223468 1.067689
v 1.155734 0.238651 1.087922
v 1.156484 0.226666 1.082589
v 1.156842 0.212868 1.080041
v 1.156872 0.207147 1.079829
v 1.156666 0.194884 1.08129
v 1.156199 0.186186 1.084615
v 1.155415 0.17821 1.090193
v 1.155083 0.175798 1.092555
v 1.154122 0.170625 1.099393
v 1.152792 0.166386 1.108859
v 1.151158 0.164111 1.12048
v 1.150238 0.16382 1.127027
v 1.14789 0.165859 1.143736
v 1.146427 0.169963 1.154147
v 1.145133 0.17664 1.163353
v 1.144179 0.184944 1.170142
v 1.14356 0.194539 1.174544
v 1.143275 0.205154 1.176571
v 1.143249 0.209892 1.176759
v 1.144256 0.238651 1.169592
v 1.144154 0.237293 1.170319
v 1.143499 0.224915 1.174983
v 1.141964 0.238651 1.185902
v 1.141269 0.209736 1.190844
v 1.141269 0.209833 1.190844
v 1.141446 0.225794 1.189587
v 1.14157 0.192024 1.188703
v 1.142261 0.179283 1.183788
v 1.143377 0.167868 1.17585
v 1.14377 0.164912 1.173052
v 1.145379 0.156064 1.161605
v 1.147265 0.150269 1.148182
v 1.149482 0.147502 1.132406
v 1.150368 0.147288 1.126101
v 1.156507 0.162947 1.082423
v 1.154918 0.154711 1.093731
v 1.153149 0.149724 1.106317
v 1.157642 0.172761 1.074348
v 1.158398 0.184277 1.06897
v 1.158777 0.197502 1.066273
v 1.156602 0.328705 1.081744
v 1.158539 0.328705 1.067967
v 1.156602 0.278828 1.081744
v 1.150889 0.278828 1.122394
v 1.150889 0.322466 1.122394
v 1.148945 0.322466 1.136232
v 1.148945 0.278828 1.136232
v 1.143509 0.278828 1.174905
v 1.143509 0.325929 1.174905
v 1.141556 0.325929 1.188806
v 1.141556 0.263075 1.188806
v 1.158539 0.263075 1.067967
v 1.153931 0.426889 1.100748
v 1.154831 0.421503 1.094346
v 1.15616 0.432701 1.084894
v 1.155007 0.420153 1.093096
v 1.157426 0.420032 1.075886
v 1.15577 0.412302 1.087664
v 1.158184 0.40614 1.07049
v 1.156317 0.402256 1.083776
v 1.158539 0.38532 1.067967
v 1.156602 0.385226 1.081744
v 1.158539 0.351756 1.067967
v 1.156602 0.367509 1.081744
v 1.141556 0.351756 1.188806
v 1.143509 0.367509 1.174905
v 1.141556 0.386567 1.188806
v 1.143509 0.385944 1.174905
v 1.141842 0.405197 1.186769
v 1.14375 0.401628 1.173195
v 1.142591 0.419924 1.181442
v 1.144281 0.412218 1.169418
v 1.143805 0.432701 1.172805
v 1.145107 0.42116 1.163538
v 1.144383 0.436958 1.168687
v 1.145564 0.424501 1.160286
v 1.145862 0.444524 1.158166
v 1.146513 0.429246 1.153531
v 1.14748 0.449052 1.146656
v 1.147749 0.432701 1.144738
v 1.14983 0.451105 1.129931
v 1.149891 0.434542 1.129498
v 1.15091 0.45074 1.12225
v 1.151196 0.433936 1.12021
v 1.152898 0.447787 1.1081
v 1.152701 0.431324 1.1095
v 1.154655 0.441781 1.0956
v 1.142519 0.385944 1.174766
v 1.142519 0.367509 1.174766
v 1.155612 0.367509 1.081604
v 1.155612 0.385226 1.081604
v 1.153841 0.421503 1.094207
v 1.154017 0.420153 1.092957
v 1.15478 0.412302 1.087525
v 1.155326 0.402256 1.083637
v 1.148901 0.434542 1.129359
v 1.150206 0.433936 1.120071
v 1.151711 0.431324 1.109361
v 1.152941 0.426889 1.100609
v 1.144117 0.42116 1.163399
v 1.144574 0.424501 1.160147
v 1.145523 0.429246 1.153392
v 1.146759 0.432701 1.144599
v 1.14276 0.401628 1.173055
v 1.14329 0.412218 1.169279
v 1.151975 0.491999 1.114671
v 1.153894 0.487008 1.101019
v 1.151975 0.532955 1.114671
v 1.153894 0.537821 1.101019
v 1.144916 0.510247 1.164897
v 1.141556 0.504351 1.188806
v 1.158539 0.457874 1.067967
v 1.158539 0.475279 1.067967
v 1.144409 0.511303 1.168504
v 1.143726 0.512243 1.173361
v 1.141556 0.521195 1.188806
v 1.143726 0.512617 1.173361
v 1.144445 0.513604 1.168249
v 1.144916 0.51452 1.164897
v 1.158539 0.567672 1.067967
v 1.158539 0.550267 1.067967
v 1.150984 0.491999 1.114532
v 1.150984 0.532955 1.114532
v 1.143926 0.51452 1.164758
v 1.142736 0.512617 1.173222
v 1.143455 0.513604 1.16811
v 1.142736 0.512243 1.173222
v 1.143926 0.510247 1.164758
v 1.143419 0.511303 1.168364
v 1.183544 0.143576 0.890045
v 1.18548 0.143576 0.876269
v 1.183544 0.093699 0.890045
v 1.177831 0.093699 0.930696
v 1.177831 0.137337 0.930696
v 1.175886 0.137337 0.944534
v 1.175886 0.093699 0.944534
v 1.170451 0.093699 0.983207
v 1.170451 0.1408 0.983207
v 1.168497 0.1408 0.997107
v 1.168497 0.077946 0.997107
v 1.18548 0.077946 0.876269
v 1.183605 0.212543 0.889613
v 1.183605 0.212949 0.889613
v 1.181647 0.21195 0.903539
v 1.180335 0.179467 0.912877
v 1.180096 0.182892 0.91458
v 1.178731 0.174463 0.924287
v 1.180698 0.212934 0.910293
v 1.177675 0.228233 0.931808
v 1.180557 0.212949 0.911297
v 1.179394 0.212949 0.919576
v 1.18548 0.212949 0.876269
v 1.18548 0.228233 0.876269
v 1.173232 0.207355 0.963421
v 1.17505 0.204042 0.950481
v 1.173529 0.21346 0.961303
v 1.175294 0.20675 0.948745
v 1.182406 0.209708 0.898139
v 1.183032 0.206398 0.89369
v 1.184153 0.209926 0.885714
v 1.183291 0.204489 0.891842
v 1.184863 0.205069 0.880655
v 1.183697 0.200172 0.888954
v 1.185326 0.200022 0.877362
v 1.183932 0.195536 0.887284
v 1.185641 0.193845 0.875123
v 1.184021 0.189804 0.886648
v 1.185767 0.185842 0.87423
v 1.18394 0.184641 0.887224
v 1.185619 0.176699 0.875282
v 1.183764 0.181183 0.88848
v 1.185311 0.170839 0.877469
v 1.183474 0.178137 0.89054
v 1.184811 0.165692 0.881026
v 1.183293 0.176838 0.891833
v 1.178274 0.187121 0.927545
v 1.179776 0.192549 0.916857
v 1.17777 0.212949 0.931128
v 1.174202 0.166721 0.956519
v 1.176268 0.166721 0.941816
v 1.17395 0.169833 0.958306
v 1.175345 0.177275 0.948384
v 1.173336 0.181191 0.962677
v 1.174914 0.186849 0.951453
v 1.173073 0.196728 0.96455
v 1.174801 0.195293 0.952256
v 1.174877 0.200506 0.951711
v 1.176836 0.212425 0.937773
v 1.175884 0.226733 0.944548
v 1.176076 0.210849 0.943182
v 1.174973 0.224217 0.951028
v 1.175637 0.209057 0.946306
v 1.174317 0.220982 0.955699
v 1.173957 0.218307 0.958258
v 1.180522 0.177763 0.911544
v 1.179204 0.168336 0.920928
v 1.180838 0.175934 0.909301
v 1.179779 0.163877 0.916835
v 1.181234 0.174592 0.906478
v 1.18047 0.160735 0.911914
v 1.181722 0.173838 0.903012
v 1.181251 0.158895 0.906362
v 1.182059 0.173708 0.90061
v 1.182233 0.158205 0.899374
v 1.182548 0.174096 0.897135
v 1.183279 0.159102 0.891932
v 1.182934 0.175101 0.894385
v 1.183982 0.161047 0.88693
v 1.184619 0.164296 0.882398
v 1.179532 0.177763 0.911405
v 1.179345 0.179467 0.912738
v 1.179106 0.182892 0.91444
v 1.178785 0.192549 0.916718
v 1.181069 0.173708 0.90047
v 1.180731 0.173838 0.902873
v 1.180244 0.174592 0.906339
v 1.179847 0.175934 0.909162
v 1.182484 0.178137 0.8904
v 1.182302 0.176838 0.891694
v 1.181944 0.175101 0.894246
v 1.181557 0.174096 0.896996
v 1.183031 0.189804 0.886509
v 1.18295 0.184641 0.887084
v 1.182774 0.181183 0.888341
v 1.182041 0.206398 0.893551
v 1.182301 0.204489 0.891703
v 1.182707 0.200172 0.888815
v 1.182942 0.195536 0.887145
v 1.179567 0.212949 0.911158
v 1.179708 0.212934 0.910154
v 1.180657 0.21195 0.9034
v 1.181416 0.209708 0.898
v 1.178403 0.212949 0.919436
v 1.182858 0.248945 0.894926
v 1.183436 0.255823 0.890814
v 1.18403 0.274086 0.886586
v 1.183904 0.265453 0.887482
v 1.185055 0.248945 0.879296
v 1.18558 0.259686 0.875559
v 1.185767 0.272589 0.87423
v 1.185538 0.286409 0.875858
v 1.185106 0.294444 0.878932
v 1.184803 0.29798 0.881088
v 1.184269 0.302363 0.884886
v 1.183708 0.305208 0.888879
v 1.183034 0.307082 0.893676
v 1.182181 0.307806 0.899745
v 1.181386 0.30717 0.905399
v 1.180759 0.305536 0.909859
v 1.180175 0.30269 0.914015
v 1.179722 0.299046 0.917235
v 1.178937 0.288894 0.922826
v 1.178604 0.282976 0.925197
v 1.17803 0.273517 0.929275
v 1.177562 0.268129 0.932611
v 1.177333 0.266638 0.934235
v 1.177046 0.265537 0.936277
v 1.176716 0.26493 0.938628
v 1.176433 0.264791 0.940642
v 1.176094 0.265067 0.943056
v 1.175807 0.265822 0.945099
v 1.175536 0.267132 0.947026
v 1.175252 0.269439 0.949044
v 1.174999 0.272866 0.950849
v 1.174848 0.276955 0.95192
v 1.174801 0.281479 0.952256
v 1.174981 0.292141 0.950974
v 1.175447 0.300791 0.94766
v 1.175678 0.303626 0.946017
v 1.173611 0.303626 0.96072
v 1.173205 0.293699 0.963608
v 1.173073 0.282976 0.96455
v 1.173276 0.270775 0.963104
v 1.173716 0.262586 0.959976
v 1.174037 0.258833 0.957693
v 1.174607 0.254278 0.953632
v 1.175182 0.251447 0.94954
v 1.175867 0.249635 0.944666
v 1.176624 0.249039 0.939283
v 1.177453 0.249702 0.933381
v 1.178102 0.251392 0.928763
v 1.178543 0.253374 0.92563
v 1.180149 0.272184 0.914201
v 1.179568 0.263073 0.918336
v 1.178907 0.255875 0.92304
v 1.180734 0.28222 0.910038
v 1.181234 0.288185 0.906479
v 1.18151 0.29009 0.904515
v 1.181792 0.291272 0.902508
v 1.182124 0.291966 0.900145
v 1.182389 0.292116 0.898262
v 1.182795 0.291799 0.895374
v 1.183097 0.291022 0.893222
v 1.183372 0.289688 0.891268
v 1.183589 0.287934 0.889726
v 1.183706 0.286541 0.888889
v 1.183907 0.282597 0.88746
v 1.184029 0.274761 0.88659
v 1.173351 0.383573 0.962573
v 1.173351 0.399419 0.962573
v 1.182485 0.359773 0.897582
v 1.18305 0.358603 0.893559
v 1.183466 0.357901 0.890601
v 1.183466 0.357496 0.890601
v 1.182467 0.355624 0.897706
v 1.173351 0.332853 0.962573
v 1.173351 0.31576 0.962573
v 1.185454 0.349947 0.876454
v 1.187659 0.343241 0.860763
v 1.188443 0.340149 0.855189
v 1.188879 0.3373 0.852081
v 1.189111 0.334946 0.850431
v 1.189299 0.33164 0.849095
v 1.18937 0.327582 0.848592
v 1.189269 0.322037 0.849307
v 1.189127 0.31891 0.850322
v 1.191019 0.31891 0.836854
v 1.191176 0.325393 0.835739
v 1.191193 0.328767 0.835619
v 1.190774 0.340977 0.838599
v 1.191094 0.334946 0.836323
v 1.190255 0.346315 0.842294
v 1.190123 0.347346 0.84323
v 1.189189 0.352939 0.849878
v 1.187312 0.359866 0.863234
v 1.183544 0.481518 0.890045
v 1.18548 0.481518 0.876269
v 1.183544 0.431641 0.890045
v 1.177831 0.431641 0.930696
v 1.177831 0.475279 0.930696
v 1.175886 0.475279 0.944534
v 1.175886 0.431641 0.944534
v 1.170451 0.431641 0.983207
v 1.170451 0.478742 0.983207
v 1.168497 0.478742 0.997107
v 1.168497 0.415889 0.997107
v 1.18548 0.415889 0.876269
v 1.180873 0.579702 0.90905
v 1.181773 0.574316 0.902648
v 1.183101 0.585515 0.893196
v 1.181948 0.572966 0.901398
v 1.184367 0.572845 0.884187
v 1.182712 0.565115 0.895966
v 1.185125 0.558953 0.878792
v 1.183258 0.555069 0.892078
v 1.18548 0.538133 0.876269
v 1.183544 0.538039 0.890045
v 1.18548 0.504569 0.876269
v 1.183544 0.520322 0.890045
v 1.168497 0.504569 0.997107
v 1.170451 0.520322 0.983207
v 1.168497 0.539381 0.997107
v 1.170451 0.538757 0.983207
v 1.168784 0.55801 0.995071
v 1.170691 0.554442 0.981496
v 1.169532 0.572737 0.989744
v 1.171222 0.565031 0.97772
v 1.170746 0.585515 0.981107
v 1.172048 0.573973 0.97184
v 1.171325 0.589771 0.976989
v 1.172505 0.577314 0.968588
v 1.172803 0.597337 0.966468
v 1.173455 0.582059 0.961833
v 1.174421 0.601865 0.954957
v 1.174691 0.585514 0.95304
v 1.176772 0.603918 0.938233
v 1.176832 0.587355 0.9378
v 1.177851 0.603553 0.930552
v 1.178138 0.586749 0.928512
v 1.17984 0.6006 0.916402
v 1.179643 0.584137 0.917802
v 1.181597 0.594594 0.903902
v 1.169461 0.538757 0.983068
v 1.169461 0.520322 0.983068
v 1.182554 0.520322 0.889906
v 1.182554 0.538039 0.889906
v 1.180782 0.574316 0.902509
v 1.180958 0.572966 0.901259
v 1.181721 0.565115 0.895827
v 1.182268 0.555069 0.891939
v 1.175842 0.587355 0.937661
v 1.177148 0.586749 0.928373
v 1.178653 0.584137 0.917663
v 1.179883 0.579702 0.908911
v 1.171058 0.573973 0.971701
v 1.171515 0.577314 0.968449
v 1.172465 0.582059 0.961693
v 1.1737 0.585514 0.952901
v 1.169701 0.554442 0.981357
v 1.170232 0.565031 0.977581
v 1.178916 0.644812 0.922973
v 1.180835 0.639821 0.90932
v 1.178916 0.685768 0.922973
v 1.180835 0.690634 0.90932
v 1.171857 0.66306 0.973199
v 1.168497 0.657164 0.997107
v 1.18548 0.610687 0.876269
v 1.18548 0.628093 0.876269
v 1.17135 0.664116 0.976805
v 1.170668 0.665056 0.981663
v 1.168497 0.674008 0.997107
v 1.170668 0.66543 0.981663
v 1.171386 0.666417 0.976551
v 1.171857 0.667333 0.973199
v 1.18548 0.720486 0.876269
v 1.18548 0.70308 0.876269
v 1.177926 0.644812 0.922834
v 1.177926 0.685768 0.922834
v 1.170867 0.667333 0.97306
v 1.169678 0.66543 0.981524
v 1.170396 0.666417 0.976411
v 1.169678 0.665056 0.981524
v 1.170867 0.66306 0.97306
v 1.17036 0.664116 0.976666
v 1.187884 -0.460984 0.85916
v 1.190101 -0.448087 0.843388
v 1.177207 -0.468801 0.935131
v 1.156217 -0.483801 1.084486
v 1.154791 -0.464451 1.09463
v 1.14729 -0.466865 1.148003
v 1.188351 -0.316243 0.85584
v 1.185658 -0.305999 0.875003
v 1.182676 -0.300947 0.896218
v 1.14678 -0.434964 1.151637
v 1.171291 -0.179025 0.977229
v 1.164891 -0.20592 1.022764
v 1.180226 -0.300488 0.913652
v 1.173344 -0.322177 0.962624
v 1.181434 -0.300488 0.905061
v 1.192116 -0.346922 0.829054
v 1.190443 -0.329638 0.840956
v 1.185179 -0.409682 0.878412
v 1.18581 -0.402561 0.873922
v 1.191882 -0.43112 0.830715
v 1.18618 -0.39442 0.871285
v 1.146388 -0.331786 1.154425
v 1.139894 -0.355817 1.200628
v 1.141708 -0.376836 1.187721
v 1.175589 -0.487683 0.946644
v 1.18471 -0.483301 0.881749
v 1.185297 -0.469668 0.877568
v 1.159337 -0.150394 1.062285
v 1.159337 -0.143453 1.062285
v 1.152817 -0.107882 1.108679
v 1.15962 -0.126976 1.060275
v 1.153019 -0.103564 1.10724
v 1.16043 -0.111832 1.054506
v 1.154804 -0.077751 1.094538
v 1.157576 -0.054231 1.074817
v 1.148819 -0.355695 1.137126
v 1.144138 -0.397224 1.17043
v 1.152062 -0.375074 1.114048
v 1.147021 -0.41501 1.149918
v 1.155836 -0.388114 1.087201
v 1.154088 -0.443027 1.099633
v 1.154024 -0.434097 1.100088
v 1.146855 -0.424987 1.1511
v 1.154371 -0.413885 1.097624
v 1.155356 -0.394427 1.090612
v 1.182257 -0.421579 0.899198
v 1.183355 -0.419394 0.891386
v 1.184332 -0.415431 0.884434
v 1.193054 -0.411107 0.822379
v 1.193499 -0.390624 0.819209
v 1.186263 -0.388114 0.870695
v 1.193508 -0.387247 0.819146
v 1.186144 -0.380477 0.871547
v 1.193149 -0.366274 0.821701
v 1.18576 -0.372865 0.874278
v 1.185133 -0.366142 0.878734
v 1.184267 -0.360485 0.884899
v 1.180105 -0.054091 0.914512
v 1.17532 -0.094583 0.948563
v 1.182888 -0.077718 0.89471
v 1.176776 -0.107422 0.938201
v 1.18469 -0.104192 0.881888
v 1.177761 -0.122738 0.931193
v 1.185539 -0.133042 0.87585
v 1.178173 -0.138248 0.928258
v 1.185539 -0.18423 0.87585
v 1.178173 -0.17729 0.928258
v 1.185429 -0.189118 0.87663
v 1.16318 -0.518276 1.034942
v 1.164881 -0.575125 1.022837
v 1.166099 -0.520856 1.014173
v 1.16634 -0.575514 1.012455
v 1.167946 -0.519834 1.00103
v 1.170757 -0.571859 0.981026
v 1.170903 -0.513636 0.979992
v 1.17527 -0.559993 0.948916
v 1.173366 -0.503243 0.962463
v 1.179502 -0.539076 0.918807
v 1.182499 -0.51432 0.897481
v 1.179903 -0.35641 0.915951
v 1.181025 -0.354488 0.907971
v 1.182063 -0.354477 0.900584
v 1.183224 -0.356491 0.892323
v 1.161738 -0.098374 1.045205
v 1.163304 -0.088304 1.034061
v 1.161012 -0.036536 1.050366
v 1.165389 -0.080252 1.019227
v 1.164701 -0.025944 1.024123
v 1.167709 -0.076197 1.00272
v 1.168635 -0.021991 0.996131
v 1.168755 -0.075781 0.995272
v 1.17295 -0.025983 0.965425
v 1.171104 -0.07786 0.978562
v 1.176772 -0.036891 0.93823
v 1.173256 -0.083835 0.963248
v 1.17514 -0.093377 0.949845
v 1.143278 -0.154732 1.176552
v 1.148874 -0.188324 1.136732
v 1.147811 -0.126457 1.144295
v 1.152139 -0.16884 1.113505
v 1.156036 -0.155559 1.085771
v 1.148948 -0.499158 1.136208
v 1.151707 -0.528097 1.116577
v 1.158081 -0.498831 1.071221
v 1.152575 -0.534738 1.110397
v 1.160487 -0.510851 1.054105
v 1.156044 -0.554491 1.085715
v 1.160352 -0.568789 1.055061
v 1.137741 -0.315823 1.215948
v 1.144801 -0.303378 1.165714
v 1.136999 -0.272725 1.221228
v 1.144244 -0.271857 1.169679
v 1.137522 -0.236969 1.217508
v 1.144742 -0.242583 1.166134
v 1.139657 -0.19343 1.202316
v 1.146188 -0.215365 1.155845
v 1.148538 -0.190972 1.139126
v 1.181076 -0.42178 0.907603
v 1.179913 -0.419846 0.915877
v 1.174607 -0.459189 0.953634
v 1.178861 -0.415869 0.923366
v 1.172326 -0.444838 0.969868
v 1.177993 -0.410222 0.92954
v 1.170611 -0.427094 0.982065
v 1.177351 -0.403325 0.93411
v 1.169592 -0.407927 0.989316
v 1.176965 -0.395685 0.936854
v 1.169238 -0.387247 0.991835
v 1.176845 -0.388114 0.937708
v 1.169326 -0.376664 0.991212
v 1.176962 -0.380645 0.936877
v 1.17005 -0.355724 0.986056
v 1.177372 -0.372612 0.933962
v 1.171424 -0.337318 0.97628
v 1.178034 -0.365672 0.92925
v 1.178908 -0.360126 0.923031
v 1.178061 -0.181651 0.929057
v 1.184272 -0.2025 0.884861
v 1.184558 -0.200483 0.882828
v 1.178141 -0.179048 0.928486
v 1.185115 -0.194857 0.878867
v 1.181796 -0.20939 0.902483
v 1.182695 -0.208567 0.896084
v 1.183514 -0.206282 0.890258
v 1.17817 -0.189145 0.928282
v 1.178495 -0.195103 0.92597
v 1.181353 -0.209201 0.905632
v 1.179019 -0.200447 0.922242
v 1.179603 -0.204233 0.918084
v 1.180432 -0.20752 0.912187
v 1.178053 -0.182495 0.929117
v 1.175855 -0.388114 0.937569
v 1.175972 -0.380645 0.936738
v 1.176381 -0.372612 0.933823
v 1.177044 -0.365672 0.929111
v 1.177918 -0.360126 0.922892
v 1.178913 -0.35641 0.915811
v 1.180034 -0.354488 0.907831
v 1.181072 -0.354477 0.900445
v 1.182233 -0.356491 0.892184
v 1.183277 -0.360485 0.88476
v 1.184143 -0.366142 0.878595
v 1.18477 -0.372865 0.874139
v 1.185153 -0.380477 0.871408
v 1.185273 -0.388114 0.870556
v 1.18519 -0.39442 0.871146
v 1.184819 -0.402561 0.873783
v 1.184188 -0.409682 0.878273
v 1.183342 -0.415431 0.884295
v 1.182365 -0.419394 0.891247
v 1.181267 -0.421579 0.899059
v 1.180086 -0.42178 0.907464
v 1.178923 -0.419846 0.915738
v 1.177871 -0.415869 0.923227
v 1.177003 -0.410222 0.929401
v 1.176361 -0.403325 0.933971
v 1.175975 -0.395685 0.936715
usemtl 1
f 1// 2// 3//
f 4// 5// 6//
f 7// 8// 9//
f 10// 11// 12//
f 13// 14// 15//
f 16// 17// 18//
f 18// 17// 19//
f 20// 21// 22//
f 22// 21// 18//
f 22// 18// 23//
f 23// 18// 24//
f 19// 25// 18//
f 18// 25// 26//
f 18// 26// 24//
f 27// 28// 29//
f 29// 28// 30//
f 29// 30// 31//
f 32// 33// 34//
f 34// 33// 35//
f 34// 35// 36//
f 37// 38// 39//
f 39// 38// 33//
f 39// 33// 40//
f 32// 41// 33//
f 33// 41// 42//
f 33// 42// 43//
f 43// 44// 33//
f 33// 44// 45//
f 33// 45// 40//
f 40// 45// 46//
f 40// 46// 47//
f 47// 46// 48//
f 47// 48// 49//
f 50// 51// 52//
f 50// 52// 53//
f 51// 54// 52//
f 52// 54// 55//
f 52// 55// 35//
f 35// 55// 56//
f 35// 56// 36//
f 57// 53// 58//
f 58// 53// 52//
f 58// 52// 59//
f 59// 52// 60//
f 61// 62// 63//
f 63// 62// 64//
f 63// 64// 65//
f 66// 67// 68//
f 68// 67// 69//
f 68// 69// 52//
f 52// 69// 70//
f 52// 70// 60//
f 65// 71// 63//
f 63// 71// 72//
f 63// 72// 67//
f 67// 72// 73//
f 67// 73// 69//
f 74// 75// 62//
f 62// 75// 76//
f 76// 77// 62//
f 62// 77// 78//
f 62// 78// 64//
f 79// 80// 81//
f 82// 83// 84//
f 84// 83// 85//
f 79// 81// 86//
f 87// 88// 89//
f 90// 91// 83//
f 83// 91// 92//
f 83// 92// 93//
f 20// 94// 21//
f 21// 94// 95//
f 21// 95// 89//
f 89// 95// 96//
f 89// 96// 87//
f 80// 97// 81//
f 81// 97// 98//
f 81// 98// 99//
f 100// 101// 102//
f 102// 101// 103//
f 102// 103// 104//
f 105// 93// 106//
f 106// 93// 107//
f 106// 107// 102//
f 102// 107// 108//
f 102// 108// 100//
f 105// 109// 93//
f 93// 109// 110//
f 93// 110// 83//
f 83// 110// 111//
f 83// 111// 85//
f 88// 112// 89//
f 89// 112// 113//
f 89// 113// 114//
f 115// 116// 117//
f 117// 116// 118//
f 117// 118// 81//
f 81// 118// 119//
f 81// 119// 86//
f 120// 121// 81//
f 81// 121// 122//
f 81// 122// 83//
f 83// 122// 123//
f 83// 123// 90//
f 124// 125// 74//
f 125// 126// 74//
f 74// 126// 127//
f 74// 127// 128//
f 128// 129// 74//
f 74// 129// 130//
f 74// 130// 131//
f 131// 130// 115//
f 131// 115// 132//
f 132// 115// 117//
f 99// 133// 81//
f 81// 133// 134//
f 81// 134// 135//
f 135// 136// 81//
f 81// 136// 137//
f 81// 137// 120//
f 138// 139// 140//
f 139// 141// 140//
f 140// 141// 142//
f 140// 142// 143//
f 92// 140// 93//
f 93// 140// 144//
f 93// 144// 145//
f 146// 147// 148//
f 148// 147// 149//
f 148// 149// 150//
f 146// 148// 92//
f 92// 148// 151//
f 92// 151// 140//
f 140// 151// 152//
f 140// 152// 138//
f 153// 154// 155//
f 155// 154// 156//
f 155// 156// 157//
f 145// 158// 93//
f 93// 158// 155//
f 93// 155// 159//
f 159// 155// 157//
f 160// 161// 162//
f 162// 161// 163//
f 162// 163// 143//
f 143// 163// 164//
f 143// 164// 140//
f 165// 166// 167//
f 167// 166// 168//
f 167// 168// 169//
f 169// 168// 170//
f 171// 172// 173//
f 173// 172// 174//
f 173// 174// 175//
f 176// 177// 178//
f 178// 177// 168//
f 178// 168// 179//
f 179// 168// 166//
f 180// 181// 182//
f 182// 181// 183//
f 184// 185// 186//
f 186// 185// 187//
f 183// 181// 188//
f 188// 181// 189//
f 188// 189// 190//
f 187// 191// 192//
f 192// 191// 193//
f 192// 193// 194//
f 195// 196// 197//
f 197// 196// 198//
f 197// 198// 199//
f 199// 198// 200//
f 199// 200// 189//
f 201// 202// 184//
f 184// 202// 203//
f 184// 203// 185//
f 204// 205// 206//
f 204// 206// 207//
f 207// 206// 196//
f 207// 196// 201//
f 201// 196// 195//
f 201// 195// 202//
f 208// 209// 210//
f 210// 209// 196//
f 210// 196// 211//
f 211// 196// 206//
f 212// 213// 214//
f 204// 215// 205//
f 205// 215// 216//
f 205// 216// 217//
f 217// 216// 218//
f 217// 218// 219//
f 220// 221// 219//
f 219// 221// 222//
f 219// 222// 223//
f 218// 224// 219//
f 219// 224// 225//
f 219// 225// 226//
f 223// 227// 219//
f 219// 227// 228//
f 219// 228// 214//
f 214// 228// 229//
f 214// 229// 212//
f 226// 230// 219//
f 219// 230// 231//
f 219// 231// 220//
f 232// 233// 234//
f 234// 233// 235//
f 234// 235// 201//
f 201// 235// 236//
f 201// 236// 207//
f 237// 238// 239//
f 15// 240// 241//
f 241// 242// 15//
f 15// 242// 243//
f 15// 243// 13//
f 244// 245// 15//
f 15// 245// 246//
f 15// 246// 240//
f 247// 248// 249//
f 249// 248// 250//
f 249// 250// 244//
f 244// 250// 251//
f 244// 251// 245//
f 252// 253// 254//
f 254// 253// 255//
f 254// 255// 256//
f 208// 257// 209//
f 209// 257// 258//
f 209// 258// 254//
f 254// 258// 259//
f 254// 259// 252//
f 260// 261// 38//
f 262// 263// 264//
f 265// 266// 263//
f 267// 268// 269//
f 269// 268// 266//
f 270// 271// 272//
f 272// 271// 273//
f 272// 273// 274//
f 275// 276// 277//
f 277// 276// 278//
f 279// 280// 281//
f 282// 283// 284//
f 209// 285// 286//
f 275// 287// 276//
f 276// 287// 288//
f 276// 288// 289//
f 289// 288// 284//
f 289// 284// 290//
f 290// 284// 283//
f 291// 292// 293//
f 293// 292// 294//
f 293// 294// 295//
f 296// 297// 281//
f 281// 297// 298//
f 281// 298// 299//
f 295// 300// 293//
f 293// 300// 301//
f 293// 301// 254//
f 254// 301// 278//
f 254// 278// 302//
f 302// 278// 276//
f 303// 304// 284//
f 284// 304// 305//
f 284// 305// 306//
f 302// 307// 254//
f 254// 307// 308//
f 254// 308// 209//
f 209// 308// 309//
f 309// 310// 209//
f 209// 310// 311//
f 209// 311// 312//
f 312// 313// 209//
f 209// 313// 314//
f 209// 314// 285//
f 306// 315// 284//
f 284// 315// 316//
f 284// 316// 282//
f 299// 317// 281//
f 281// 317// 318//
f 281// 318// 279//
f 279// 318// 319//
f 320// 321// 322//
f 322// 321// 323//
f 322// 323// 293//
f 293// 323// 324//
f 293// 324// 291//
f 325// 326// 279//
f 279// 326// 327//
f 328// 329// 209//
f 330// 331// 327//
f 332// 333// 334//
f 330// 327// 335//
f 331// 328// 327//
f 327// 328// 209//
f 327// 209// 279//
f 279// 209// 286//
f 279// 286// 280//
f 332// 334// 327//
f 327// 334// 336//
f 327// 336// 335//
f 337// 338// 339//
f 339// 338// 4//
f 339// 4// 340//
f 341// 342// 12//
f 343// 344// 196//
f 329// 345// 209//
f 209// 345// 346//
f 209// 346// 196//
f 196// 346// 347//
f 196// 347// 343//
f 348// 349// 12//
f 12// 349// 350//
f 344// 351// 196//
f 196// 351// 352//
f 196// 352// 198//
f 198// 352// 353//
f 198// 353// 341//
f 354// 355// 342//
f 342// 355// 356//
f 342// 356// 12//
f 12// 356// 357//
f 12// 357// 348//
f 350// 358// 12//
f 12// 358// 359//
f 12// 359// 10//
f 360// 361// 362//
f 362// 361// 363//
f 362// 363// 364//
f 362// 365// 360//
f 360// 365// 366//
f 360// 366// 367//
f 367// 368// 360//
f 360// 368// 369//
f 360// 369// 370//
f 370// 369// 371//
f 370// 371// 372//
f 372// 371// 373//
f 372// 373// 342//
f 342// 373// 374//
f 342// 374// 354//
f 375// 376// 364//
f 364// 376// 377//
f 364// 377// 362//
f 378// 379// 333//
f 333// 379// 380//
f 333// 380// 334//
f 378// 381// 379//
f 379// 381// 382//
f 379// 382// 383//
f 383// 382// 384//
f 383// 385// 386//
f 384// 387// 383//
f 383// 387// 388//
f 383// 388// 389//
f 389// 390// 383//
f 383// 390// 391//
f 383// 391// 385//
f 386// 392// 383//
f 383// 392// 393//
f 383// 393// 394//
f 395// 396// 397//
f 397// 396// 398//
f 399// 400// 401//
f 401// 402// 399//
f 399// 402// 403//
f 399// 403// 404//
f 404// 403// 405//
f 404// 405// 200//
f 406// 407// 12//
f 12// 407// 408//
f 341// 12// 198//
f 198// 12// 408//
f 198// 408// 200//
f 200// 408// 409//
f 200// 409// 404//
f 410// 407// 411//
f 411// 407// 406//
f 411// 406// 412//
f 413// 414// 415//
f 416// 417// 406//
f 406// 417// 418//
f 406// 418// 412//
f 340// 4// 11//
f 11// 4// 413//
f 11// 413// 12//
f 12// 413// 415//
f 12// 415// 406//
f 406// 415// 419//
f 406// 419// 420//
f 421// 422// 423//
f 423// 422// 424//
f 423// 424// 413//
f 413// 424// 425//
f 413// 425// 414//
f 420// 426// 406//
f 406// 426// 427//
f 406// 427// 416//
f 8// 396// 9//
f 9// 396// 395//
f 9// 395// 428//
f 428// 395// 429//
f 428// 429// 430//
f 430// 431// 428//
f 428// 431// 432//
f 428// 432// 423//
f 423// 432// 433//
f 423// 433// 421//
f 434// 435// 436//
f 436// 435// 437//
f 405// 397// 200//
f 200// 397// 398//
f 200// 398// 177//
f 177// 398// 438//
f 177// 438// 168//
f 168// 438// 439//
f 168// 439// 440//
f 437// 435// 441//
f 441// 435// 442//
f 441// 442// 443//
f 440// 444// 445//
f 445// 444// 446//
f 445// 446// 447//
f 61// 448// 62//
f 62// 448// 89//
f 62// 89// 74//
f 74// 89// 114//
f 74// 114// 124//
f 449// 450// 322//
f 322// 450// 319//
f 322// 319// 320//
f 320// 319// 318//
f 4// 6// 413//
f 413// 6// 451//
f 413// 451// 423//
f 423// 451// 452//
f 423// 452// 428//
f 453// 2// 454//
f 454// 2// 1//
f 454// 1// 455//
f 450// 5// 319//
f 319// 5// 4//
f 319// 4// 279//
f 279// 4// 338//
f 279// 338// 325//
f 325// 338// 337//
f 452// 453// 428//
f 428// 453// 454//
f 428// 454// 9//
f 9// 454// 455//
f 9// 455// 7//
f 7// 455// 442//
f 456// 271// 267//
f 267// 271// 270//
f 267// 270// 268//
f 457// 458// 459//
f 458// 457// 460//
f 460// 457// 249//
f 460// 249// 461//
f 448// 457// 89//
f 89// 457// 459//
f 89// 459// 21//
f 21// 459// 462//
f 21// 462// 249//
f 249// 462// 463//
f 249// 463// 461//
f 464// 465// 466//
f 466// 465// 460//
f 466// 460// 467//
f 467// 460// 461//
f 467// 461// 468//
f 468// 461// 469//
f 61// 449// 448//
f 448// 449// 322//
f 448// 322// 457//
f 457// 322// 293//
f 457// 293// 249//
f 249// 293// 254//
f 249// 254// 247//
f 247// 254// 256//
f 470// 455// 456//
f 456// 455// 1//
f 456// 1// 271//
f 271// 1// 3//
f 271// 3// 273//
f 470// 471// 455//
f 455// 471// 168//
f 455// 168// 442//
f 442// 168// 440//
f 442// 440// 443//
f 443// 440// 445//
f 472// 473// 456//
f 456// 473// 474//
f 474// 475// 456//
f 456// 475// 476//
f 456// 476// 470//
f 471// 477// 168//
f 168// 477// 478//
f 168// 478// 170//
f 170// 478// 479//
f 170// 479// 480//
f 480// 481// 170//
f 170// 481// 482//
f 170// 482// 483//
f 483// 484// 170//
f 170// 484// 485//
f 170// 485// 456//
f 456// 485// 486//
f 456// 486// 472//
f 487// 488// 456//
f 489// 490// 491//
f 456// 488// 170//
f 170// 488// 492//
f 170// 492// 493//
f 491// 487// 489//
f 489// 487// 456//
f 489// 456// 494//
f 494// 456// 267//
f 494// 267// 493//
f 493// 267// 269//
f 493// 269// 170//
f 495// 496// 497//
f 498// 499// 18//
f 18// 499// 495//
f 18// 495// 244//
f 244// 495// 497//
f 244// 497// 249//
f 249// 497// 500//
f 249// 500// 21//
f 21// 500// 498//
f 21// 498// 18//
f 192// 190// 187//
f 187// 190// 189//
f 187// 189// 186//
f 186// 189// 200//
f 186// 200// 501//
f 502// 503// 177//
f 177// 503// 504//
f 177// 504// 505//
f 506// 507// 508//
f 508// 507// 509//
f 505// 510// 177//
f 177// 510// 511//
f 177// 511// 200//
f 200// 511// 512//
f 200// 512// 501//
f 501// 513// 186//
f 186// 513// 514//
f 186// 514// 508//
f 508// 514// 515//
f 508// 515// 516//
f 516// 517// 508//
f 508// 517// 518//
f 508// 518// 506//
f 171// 173// 176//
f 176// 173// 508//
f 176// 508// 177//
f 177// 508// 509//
f 177// 509// 502//
f 266// 265// 269//
f 269// 265// 175//
f 269// 175// 170//
f 170// 175// 174//
f 170// 174// 169//
f 238// 237// 14//
f 14// 237// 519//
f 14// 519// 15//
f 15// 519// 520//
f 15// 520// 244//
f 244// 520// 29//
f 244// 29// 18//
f 18// 29// 31//
f 18// 31// 16//
f 263// 262// 265//
f 265// 262// 521//
f 265// 521// 175//
f 175// 521// 522//
f 175// 522// 173//
f 173// 522// 523//
f 173// 523// 508//
f 508// 523// 524//
f 508// 524// 186//
f 186// 524// 525//
f 186// 525// 184//
f 184// 525// 526//
f 184// 526// 201//
f 201// 526// 237//
f 201// 237// 234//
f 234// 237// 239//
f 234// 239// 232//
f 264// 527// 262//
f 262// 527// 528//
f 262// 528// 521//
f 521// 528// 529//
f 521// 529// 522//
f 522// 529// 530//
f 522// 530// 523//
f 523// 530// 531//
f 523// 531// 524//
f 524// 531// 532//
f 524// 532// 525//
f 525// 532// 533//
f 525// 533// 526//
f 526// 533// 534//
f 526// 534// 237//
f 237// 534// 535//
f 237// 535// 519//
f 519// 535// 536//
f 519// 536// 520//
f 520// 536// 260//
f 520// 260// 29//
f 29// 260// 38//
f 29// 38// 27//
f 27// 38// 37//
f 537// 538// 539//
f 539// 538// 540//
f 541// 542// 543//
f 543// 542// 544//
f 545// 546// 544//
f 544// 546// 539//
f 544// 539// 543//
f 543// 539// 540//
f 547// 548// 549//
f 549// 548// 546//
f 549// 546// 550//
f 550// 546// 545//
f 550// 545// 551//
f 551// 545// 552//
f 553// 554// 555//
f 556// 557// 558//
f 559// 560// 561//
f 556// 558// 561//
f 561// 558// 553//
f 561// 553// 559//
f 559// 553// 555//
f 559// 555// 562//
f 557// 556// 563//
f 557// 563// 564//
f 564// 563// 565//
f 564// 565// 566//
f 566// 565// 567//
f 566// 567// 568//
f 568// 567// 569//
f 568// 569// 570//
f 570// 569// 571//
f 570// 571// 572//
f 572// 571// 548//
f 572// 548// 547//
f 555// 554// 573//
f 555// 573// 574//
f 574// 573// 575//
f 574// 575// 576//
f 576// 575// 577//
f 576// 577// 578//
f 578// 577// 579//
f 578// 579// 580//
f 580// 579// 581//
f 580// 581// 582//
f 582// 581// 551//
f 582// 551// 552//
f 583// 584// 585//
f 586// 587// 588//
f 589// 590// 591//
f 585// 589// 583//
f 583// 589// 591//
f 583// 591// 588//
f 588// 591// 592//
f 588// 592// 586//
f 587// 586// 593//
f 587// 593// 594//
f 594// 593// 595//
f 594// 595// 596//
f 596// 595// 597//
f 596// 597// 598//
f 598// 597// 599//
f 598// 599// 600//
f 600// 599// 601//
f 600// 601// 602//
f 602// 601// 542//
f 602// 542// 541//
f 603// 273// 604//
f 604// 273// 3//
f 604// 3// 605//
f 605// 3// 2//
f 2// 453// 605//
f 605// 453// 452//
f 605// 452// 606//
f 452// 451// 606//
f 606// 451// 6//
f 606// 6// 5//
f 5// 450// 606//
f 606// 450// 449//
f 606// 449// 61//
f 607// 608// 67//
f 67// 608// 606//
f 67// 606// 63//
f 63// 606// 61//
f 561// 560// 609//
f 561// 609// 610//
f 610// 609// 611//
f 610// 611// 612//
f 612// 611// 613//
f 612// 613// 614//
f 614// 613// 615//
f 614// 615// 616//
f 616// 615// 617//
f 616// 617// 618//
f 618// 617// 608//
f 618// 608// 607//
f 590// 589// 619//
f 590// 619// 620//
f 620// 619// 621//
f 620// 621// 622//
f 622// 621// 623//
f 622// 623// 624//
f 624// 623// 625//
f 624// 625// 626//
f 626// 625// 627//
f 626// 627// 628//
f 628// 627// 603//
f 628// 603// 604//
f 585// 584// 629//
f 585// 629// 630//
f 630// 629// 631//
f 630// 631// 632//
f 632// 631// 633//
f 632// 633// 634//
f 634// 633// 635//
f 634// 635// 636//
f 636// 635// 637//
f 636// 637// 638//
f 638// 637// 538//
f 638// 538// 537//
f 639// 640// 641//
f 641// 640// 642//
f 643// 644// 645//
f 645// 644// 646//
f 647// 648// 649//
f 649// 648// 650//
f 651// 652// 642//
f 642// 652// 653//
f 642// 653// 641//
f 641// 653// 654//
f 655// 656// 546//
f 546// 656// 657//
f 546// 657// 539//
f 539// 657// 658//
f 659// 660// 643//
f 643// 660// 661//
f 643// 661// 644//
f 644// 661// 662//
f 661// 660// 663//
f 663// 660// 664//
f 663// 664// 665//
f 665// 664// 666//
f 665// 666// 667//
f 667// 666// 668//
f 667// 668// 669//
f 669// 668// 670//
f 669// 670// 671//
f 671// 670// 672//
f 671// 672// 673//
f 673// 672// 674//
f 673// 674// 675//
f 675// 674// 676//
f 675// 676// 677//
f 677// 676// 678//
f 677// 678// 679//
f 679// 678// 680//
f 679// 680// 681//
f 680// 682// 681//
f 681// 682// 650//
f 681// 650// 648//
f 683// 684// 685//
f 686// 687// 688//
f 650// 689// 690//
f 691// 689// 650//
f 688// 687// 650//
f 692// 650// 687//
f 693// 694// 695//
f 694// 693// 696//
f 696// 693// 697//
f 696// 697// 698//
f 698// 697// 699//
f 698// 699// 700//
f 700// 699// 701//
f 700// 701// 702//
f 702// 701// 703//
f 703// 701// 704//
f 703// 704// 705//
f 705// 704// 706//
f 706// 704// 664//
f 706// 664// 660//
f 682// 691// 650//
f 707// 708// 686//
f 686// 708// 709//
f 686// 709// 687//
f 687// 709// 710//
f 687// 710// 692//
f 711// 690// 712//
f 712// 690// 689//
f 712// 689// 713//
f 713// 689// 691//
f 713// 691// 714//
f 682// 680// 691//
f 691// 680// 678//
f 691// 678// 714//
f 714// 678// 676//
f 714// 676// 674//
f 685// 711// 715//
f 715// 711// 712//
f 715// 712// 716//
f 716// 712// 713//
f 716// 713// 717//
f 717// 713// 714//
f 717// 714// 718//
f 718// 714// 674//
f 719// 720// 721//
f 721// 720// 683//
f 683// 685// 721//
f 721// 685// 715//
f 721// 715// 722//
f 722// 715// 716//
f 722// 716// 723//
f 723// 716// 717//
f 723// 717// 724//
f 724// 717// 718//
f 724// 718// 725//
f 684// 707// 685//
f 685// 707// 686//
f 685// 686// 711//
f 711// 686// 688//
f 711// 688// 690//
f 690// 688// 650//
f 719// 693// 726//
f 726// 693// 695//
f 726// 695// 261//
f 674// 672// 718//
f 718// 672// 670//
f 718// 670// 725//
f 725// 670// 668//
f 725// 668// 666//
f 719// 721// 693//
f 693// 721// 722//
f 693// 722// 697//
f 697// 722// 723//
f 697// 723// 699//
f 699// 723// 724//
f 699// 724// 701//
f 701// 724// 725//
f 701// 725// 704//
f 704// 725// 666//
f 704// 666// 664//
f 669// 671// 727//
f 728// 729// 730//
f 648// 731// 732//
f 733// 731// 648//
f 730// 729// 648//
f 681// 648// 729//
f 734// 735// 736//
f 735// 734// 737//
f 737// 734// 738//
f 737// 738// 739//
f 739// 738// 740//
f 739// 740// 741//
f 741// 740// 742//
f 741// 742// 743//
f 743// 742// 744//
f 744// 742// 745//
f 744// 745// 746//
f 746// 745// 747//
f 747// 745// 748//
f 747// 748// 656//
f 749// 733// 648//
f 673// 675// 728//
f 728// 675// 677//
f 728// 677// 729//
f 729// 677// 679//
f 729// 679// 681//
f 750// 732// 751//
f 751// 732// 731//
f 751// 731// 752//
f 752// 731// 733//
f 752// 733// 753//
f 749// 754// 733//
f 733// 754// 755//
f 733// 755// 753//
f 753// 755// 756//
f 753// 756// 757//
f 727// 750// 758//
f 758// 750// 751//
f 758// 751// 759//
f 759// 751// 752//
f 759// 752// 760//
f 760// 752// 753//
f 760// 753// 761//
f 761// 753// 757//
f 665// 667// 762//
f 762// 667// 669//
f 669// 727// 762//
f 762// 727// 758//
f 762// 758// 763//
f 763// 758// 759//
f 763// 759// 764//
f 764// 759// 760//
f 764// 760// 765//
f 765// 760// 761//
f 765// 761// 766//
f 671// 673// 727//
f 727// 673// 728//
f 727// 728// 750//
f 750// 728// 730//
f 750// 730// 732//
f 732// 730// 648//
f 665// 734// 663//
f 663// 734// 736//
f 663// 736// 661//
f 757// 767// 761//
f 761// 767// 768//
f 761// 768// 766//
f 766// 768// 769//
f 766// 769// 770//
f 665// 762// 734//
f 734// 762// 763//
f 734// 763// 738//
f 738// 763// 764//
f 738// 764// 740//
f 740// 764// 765//
f 740// 765// 742//
f 742// 765// 766//
f 742// 766// 745//
f 745// 766// 770//
f 745// 770// 748//
f 38// 261// 695//
f 66// 68// 771//
f 771// 68// 772//
f 52// 35// 695//
f 695// 35// 33//
f 695// 33// 38//
f 68// 52// 772//
f 772// 52// 695//
f 772// 695// 773//
f 773// 695// 774//
f 695// 694// 774//
f 774// 694// 696//
f 774// 696// 775//
f 775// 696// 698//
f 698// 700// 775//
f 775// 700// 702//
f 775// 702// 776//
f 776// 702// 703//
f 776// 703// 777//
f 777// 703// 705//
f 777// 705// 778//
f 778// 705// 706//
f 778// 706// 779//
f 779// 706// 660//
f 779// 660// 659//
f 260// 536// 780//
f 780// 536// 535//
f 535// 534// 780//
f 780// 534// 533//
f 780// 533// 532//
f 532// 531// 780//
f 780// 531// 530//
f 780// 530// 529//
f 529// 528// 780//
f 780// 528// 527//
f 780// 527// 264//
f 261// 260// 726//
f 726// 260// 780//
f 726// 780// 719//
f 719// 780// 781//
f 719// 781// 720//
f 720// 781// 782//
f 720// 782// 683//
f 683// 782// 783//
f 683// 783// 684//
f 684// 783// 784//
f 684// 784// 707//
f 707// 784// 785//
f 707// 785// 708//
f 708// 785// 786//
f 708// 786// 709//
f 709// 786// 787//
f 709// 787// 710//
f 710// 787// 788//
f 710// 788// 692//
f 788// 789// 692//
f 692// 789// 649//
f 692// 649// 650//
f 653// 652// 790//
f 790// 652// 791//
f 790// 791// 792//
f 792// 791// 793//
f 792// 793// 794//
f 794// 793// 795//
f 794// 795// 796//
f 796// 795// 797//
f 796// 797// 798//
f 798// 797// 799//
f 798// 799// 800//
f 800// 799// 801//
f 800// 801// 802//
f 802// 801// 803//
f 802// 803// 804//
f 804// 803// 805//
f 804// 805// 806//
f 806// 805// 807//
f 806// 807// 808//
f 807// 809// 808//
f 808// 809// 647//
f 808// 647// 649//
f 657// 656// 810//
f 810// 656// 748//
f 810// 748// 811//
f 811// 748// 770//
f 811// 770// 812//
f 812// 770// 769//
f 812// 769// 813//
f 813// 769// 768//
f 813// 768// 814//
f 814// 768// 767//
f 814// 767// 815//
f 815// 767// 757//
f 815// 757// 816//
f 816// 757// 756//
f 816// 756// 817//
f 817// 756// 755//
f 817// 755// 818//
f 818// 755// 754//
f 818// 754// 819//
f 754// 749// 819//
f 819// 749// 648//
f 819// 648// 647//
f 820// 821// 736//
f 736// 821// 822//
f 736// 822// 661//
f 661// 822// 823//
f 661// 823// 662//
f 736// 735// 820//
f 820// 735// 737//
f 820// 737// 824//
f 824// 737// 739//
f 739// 741// 824//
f 824// 741// 743//
f 824// 743// 825//
f 825// 743// 744//
f 825// 744// 826//
f 826// 744// 746//
f 826// 746// 827//
f 827// 746// 747//
f 827// 747// 828//
f 828// 747// 656//
f 828// 656// 655//
f 643// 645// 659//
f 659// 645// 829//
f 659// 829// 779//
f 779// 829// 778//
f 778// 829// 830//
f 778// 830// 777//
f 777// 830// 776//
f 776// 830// 831//
f 776// 831// 775//
f 775// 831// 774//
f 774// 831// 832//
f 774// 832// 773//
f 773// 832// 772//
f 772// 832// 833//
f 772// 833// 771//
f 607// 67// 833//
f 833// 67// 66//
f 833// 66// 771//
f 796// 798// 834//
f 835// 836// 837//
f 649// 838// 839//
f 840// 838// 649//
f 837// 836// 649//
f 808// 649// 836//
f 841// 842// 843//
f 842// 841// 844//
f 844// 841// 845//
f 844// 845// 846//
f 846// 845// 847//
f 846// 847// 848//
f 848// 847// 849//
f 848// 849// 850//
f 850// 849// 851//
f 851// 849// 852//
f 851// 852// 853//
f 853// 852// 854//
f 854// 852// 780//
f 854// 780// 264//
f 789// 840// 649//
f 800// 802// 835//
f 835// 802// 804//
f 835// 804// 836//
f 836// 804// 806//
f 836// 806// 808//
f 855// 839// 856//
f 856// 839// 838//
f 856// 838// 857//
f 857// 838// 840//
f 857// 840// 858//
f 789// 788// 840//
f 840// 788// 787//
f 840// 787// 858//
f 858// 787// 786//
f 858// 786// 785//
f 834// 855// 859//
f 859// 855// 856//
f 859// 856// 860//
f 860// 856// 857//
f 860// 857// 861//
f 861// 857// 858//
f 861// 858// 862//
f 862// 858// 785//
f 792// 794// 863//
f 863// 794// 796//
f 796// 834// 863//
f 863// 834// 859//
f 863// 859// 864//
f 864// 859// 860//
f 864// 860// 865//
f 865// 860// 861//
f 865// 861// 866//
f 866// 861// 862//
f 866// 862// 867//
f 798// 800// 834//
f 834// 800// 835//
f 834// 835// 855//
f 855// 835// 837//
f 855// 837// 839//
f 839// 837// 649//
f 792// 841// 790//
f 790// 841// 843//
f 790// 843// 653//
f 785// 784// 862//
f 862// 784// 783//
f 862// 783// 867//
f 867// 783// 782//
f 867// 782// 781//
f 792// 863// 841//
f 841// 863// 864//
f 841// 864// 845//
f 845// 864// 865//
f 845// 865// 847//
f 847// 865// 866//
f 847// 866// 849//
f 849// 866// 867//
f 849// 867// 852//
f 852// 867// 781//
f 852// 781// 780//
f 813// 814// 868//
f 869// 870// 871//
f 647// 872// 873//
f 874// 872// 647//
f 871// 870// 647//
f 819// 647// 870//
f 875// 876// 877//
f 876// 875// 878//
f 878// 875// 879//
f 878// 879// 880//
f 880// 879// 881//
f 880// 881// 882//
f 882// 881// 883//
f 882// 883// 884//
f 884// 883// 885//
f 885// 883// 886//
f 885// 886// 887//
f 887// 886// 888//
f 888// 886// 791//
f 888// 791// 652//
f 809// 874// 647//
f 815// 816// 869//
f 869// 816// 817//
f 869// 817// 870//
f 870// 817// 818//
f 870// 818// 819//
f 889// 873// 890//
f 890// 873// 872//
f 890// 872// 891//
f 891// 872// 874//
f 891// 874// 892//
f 809// 807// 874//
f 874// 807// 805//
f 874// 805// 892//
f 892// 805// 803//
f 892// 803// 801//
f 868// 889// 893//
f 893// 889// 890//
f 893// 890// 894//
f 894// 890// 891//
f 894// 891// 895//
f 895// 891// 892//
f 895// 892// 896//
f 896// 892// 801//
f 811// 812// 897//
f 897// 812// 813//
f 813// 868// 897//
f 897// 868// 893//
f 897// 893// 898//
f 898// 893// 894//
f 898// 894// 899//
f 899// 894// 895//
f 899// 895// 900//
f 900// 895// 896//
f 900// 896// 901//
f 814// 815// 868//
f 868// 815// 869//
f 868// 869// 889//
f 889// 869// 871//
f 889// 871// 873//
f 873// 871// 647//
f 811// 875// 810//
f 810// 875// 877//
f 810// 877// 657//
f 801// 799// 896//
f 896// 799// 797//
f 896// 797// 901//
f 901// 797// 795//
f 901// 795// 793//
f 811// 897// 875//
f 875// 897// 898//
f 875// 898// 879//
f 879// 898// 899//
f 879// 899// 881//
f 881// 899// 900//
f 881// 900// 883//
f 883// 900// 901//
f 883// 901// 886//
f 886// 901// 793//
f 886// 793// 791//
f 546// 548// 655//
f 655// 548// 902//
f 655// 902// 828//
f 828// 902// 827//
f 827// 902// 903//
f 827// 903// 826//
f 826// 903// 825//
f 825// 903// 904//
f 825// 904// 824//
f 824// 904// 820//
f 820// 904// 905//
f 820// 905// 821//
f 821// 905// 822//
f 822// 905// 906//
f 822// 906// 823//
f 646// 644// 906//
f 906// 644// 662//
f 906// 662// 823//
f 556// 561// 907//
f 556// 907// 908//
f 908// 907// 909//
f 908// 909// 910//
f 910// 909// 911//
f 910// 911// 912//
f 912// 911// 913//
f 912// 913// 914//
f 914// 913// 915//
f 914// 915// 916//
f 916// 915// 645//
f 916// 645// 646//
f 833// 832// 917//
f 917// 832// 918//
f 917// 918// 919//
f 919// 918// 920//
f 919// 920// 921//
f 921// 920// 922//
f 921// 922// 923//
f 923// 922// 924//
f 923// 924// 925//
f 925// 924// 926//
f 925// 926// 561//
f 832// 831// 918//
f 918// 831// 927//
f 918// 927// 920//
f 920// 927// 928//
f 920// 928// 922//
f 922// 928// 929//
f 922// 929// 924//
f 924// 929// 930//
f 924// 930// 926//
f 926// 930// 931//
f 926// 931// 561//
f 607// 833// 618//
f 618// 833// 917//
f 618// 917// 616//
f 616// 917// 919//
f 616// 919// 614//
f 614// 919// 921//
f 614// 921// 612//
f 612// 921// 923//
f 612// 923// 610//
f 610// 923// 925//
f 610// 925// 561//
f 830// 829// 932//
f 932// 829// 933//
f 932// 933// 934//
f 934// 933// 935//
f 934// 935// 936//
f 936// 935// 937//
f 936// 937// 938//
f 938// 937// 939//
f 938// 939// 940//
f 940// 939// 941//
f 940// 941// 561//
f 829// 645// 933//
f 933// 645// 915//
f 933// 915// 935//
f 935// 915// 913//
f 935// 913// 937//
f 937// 913// 911//
f 937// 911// 939//
f 939// 911// 909//
f 939// 909// 941//
f 941// 909// 907//
f 941// 907// 561//
f 831// 830// 927//
f 927// 830// 932//
f 927// 932// 928//
f 928// 932// 934//
f 928// 934// 929//
f 929// 934// 936//
f 929// 936// 930//
f 930// 936// 938//
f 930// 938// 931//
f 931// 938// 940//
f 931// 940// 561//
f 942// 943// 843//
f 843// 943// 944//
f 843// 944// 653//
f 653// 944// 945//
f 653// 945// 654//
f 843// 842// 942//
f 942// 842// 844//
f 942// 844// 946//
f 946// 844// 846//
f 846// 848// 946//
f 946// 848// 850//
f 946// 850// 947//
f 947// 850// 851//
f 947// 851// 948//
f 948// 851// 853//
f 948// 853// 949//
f 949// 853// 854//
f 266// 854// 263//
f 263// 854// 264//
f 266// 268// 854//
f 854// 268// 270//
f 854// 270// 949//
f 949// 270// 272//
f 949// 272// 950//
f 950// 272// 274//
f 951// 952// 877//
f 877// 952// 953//
f 877// 953// 657//
f 657// 953// 954//
f 657// 954// 658//
f 877// 876// 951//
f 951// 876// 878//
f 951// 878// 955//
f 955// 878// 880//
f 880// 882// 955//
f 955// 882// 884//
f 955// 884// 956//
f 956// 884// 885//
f 956// 885// 957//
f 957// 885// 887//
f 957// 887// 958//
f 958// 887// 888//
f 958// 888// 959//
f 959// 888// 652//
f 959// 652// 651//
f 906// 905// 960//
f 960// 905// 961//
f 960// 961// 962//
f 962// 961// 963//
f 962// 963// 964//
f 964// 963// 965//
f 964// 965// 966//
f 966// 965// 967//
f 966// 967// 968//
f 968// 967// 969//
f 968// 969// 556//
f 905// 904// 961//
f 961// 904// 970//
f 961// 970// 963//
f 963// 970// 971//
f 963// 971// 965//
f 965// 971// 972//
f 965// 972// 967//
f 967// 972// 973//
f 967// 973// 969//
f 969// 973// 974//
f 969// 974// 556//
f 646// 906// 916//
f 916// 906// 960//
f 916// 960// 914//
f 914// 960// 962//
f 914// 962// 912//
f 912// 962// 964//
f 912// 964// 910//
f 910// 964// 966//
f 910// 966// 908//
f 908// 966// 968//
f 908// 968// 556//
f 903// 902// 975//
f 975// 902// 976//
f 975// 976// 977//
f 977// 976// 978//
f 977// 978// 979//
f 979// 978// 980//
f 979// 980// 981//
f 981// 980// 982//
f 981// 982// 983//
f 983// 982// 984//
f 983// 984// 556//
f 902// 548// 976//
f 976// 548// 571//
f 976// 571// 978//
f 978// 571// 569//
f 978// 569// 980//
f 980// 569// 567//
f 980// 567// 982//
f 982// 567// 565//
f 982// 565// 984//
f 984// 565// 563//
f 984// 563// 556//
f 904// 903// 970//
f 970// 903// 975//
f 970// 975// 971//
f 971// 975// 977//
f 971// 977// 972//
f 972// 977// 979//
f 972// 979// 973//
f 973// 979// 981//
f 973// 981// 974//
f 974// 981// 983//
f 974// 983// 556//
f 273// 603// 274//
f 274// 603// 985//
f 274// 985// 950//
f 950// 985// 949//
f 949// 985// 986//
f 949// 986// 948//
f 948// 986// 947//
f 947// 986// 987//
f 947// 987// 946//
f 946// 987// 942//
f 942// 987// 988//
f 942// 988// 943//
f 943// 988// 944//
f 944// 988// 989//
f 944// 989// 945//
f 639// 641// 989//
f 989// 641// 654//
f 989// 654// 945//
f 642// 640// 651//
f 651// 640// 990//
f 651// 990// 959//
f 959// 990// 958//
f 958// 990// 991//
f 958// 991// 957//
f 957// 991// 956//
f 956// 991// 992//
f 956// 992// 955//
f 955// 992// 951//
f 951// 992// 993//
f 951// 993// 952//
f 952// 993// 953//
f 953// 993// 994//
f 953// 994// 954//
f 537// 539// 994//
f 994// 539// 658//
f 994// 658// 954//
f 989// 988// 995//
f 995// 988// 996//
f 995// 996// 997//
f 997// 996// 998//
f 997// 998// 999//
f 999// 998// 1000//
f 999// 1000// 1001//
f 1001// 1000// 1002//
f 1001// 1002// 1003//
f 1003// 1002// 1004//
f 1003// 1004// 589//
f 988// 987// 996//
f 996// 987// 1005//
f 996// 1005// 998//
f 998// 1005// 1006//
f 998// 1006// 1000//
f 1000// 1006// 1007//
f 1000// 1007// 1002//
f 1002// 1007// 1008//
f 1002// 1008// 1004//
f 1004// 1008// 1009//
f 1004// 1009// 589//
f 639// 989// 1010//
f 1010// 989// 995//
f 1010// 995// 1011//
f 1011// 995// 997//
f 1011// 997// 1012//
f 1012// 997// 999//
f 1012// 999// 1013//
f 1013// 999// 1001//
f 1013// 1001// 1014//
f 1014// 1001// 1003//
f 1014// 1003// 589//
f 986// 985// 1015//
f 1015// 985// 1016//
f 1015// 1016// 1017//
f 1017// 1016// 1018//
f 1017// 1018// 1019//
f 1019// 1018// 1020//
f 1019// 1020// 1021//
f 1021// 1020// 1022//
f 1021// 1022// 1023//
f 1023// 1022// 1024//
f 1023// 1024// 589//
f 985// 603// 1016//
f 1016// 603// 627//
f 1016// 627// 1018//
f 1018// 627// 625//
f 1018// 625// 1020//
f 1020// 625// 623//
f 1020// 623// 1022//
f 1022// 623// 621//
f 1022// 621// 1024//
f 1024// 621// 619//
f 1024// 619// 589//
f 987// 986// 1005//
f 1005// 986// 1015//
f 1005// 1015// 1006//
f 1006// 1015// 1017//
f 1006// 1017// 1007//
f 1007// 1017// 1019//
f 1007// 1019// 1008//
f 1008// 1019// 1021//
f 1008// 1021// 1009//
f 1009// 1021// 1023//
f 1009// 1023// 589//
f 994// 993// 1025//
f 1025// 993// 1026//
f 1025// 1026// 1027//
f 1027// 1026// 1028//
f 1027// 1028// 1029//
f 1029// 1028// 1030//
f 1029// 1030// 1031//
f 1031// 1030// 1032//
f 1031// 1032// 1033//
f 1033// 1032// 1034//
f 1033// 1034// 585//
f 993// 992// 1026//
f 1026// 992// 1035//
f 1026// 1035// 1028//
f 1028// 1035// 1036//
f 1028// 1036// 1030//
f 1030// 1036// 1037//
f 1030// 1037// 1032//
f 1032// 1037// 1038//
f 1032// 1038// 1034//
f 1034// 1038// 1039//
f 1034// 1039// 585//
f 537// 994// 638//
f 638// 994// 1025//
f 638// 1025// 636//
f 636// 1025// 1027//
f 636// 1027// 634//
f 634// 1027// 1029//
f 634// 1029// 632//
f 632// 1029// 1031//
f 632// 1031// 630//
f 630// 1031// 1033//
f 630// 1033// 585//
f 991// 990// 1040//
f 1040// 990// 1041//
f 1040// 1041// 1042//
f 1042// 1041// 1043//
f 1042// 1043// 1044//
f 1044// 1043// 1045//
f 1044// 1045// 1046//
f 1046// 1045// 1047//
f 1046// 1047// 1048//
f 1048// 1047// 1049//
f 1048// 1049// 585//
f 990// 640// 1041//
f 1041// 640// 1050//
f 1041// 1050// 1043//
f 1043// 1050// 1051//
f 1043// 1051// 1045//
f 1045// 1051// 1052//
f 1045// 1052// 1047//
f 1047// 1052// 1053//
f 1047// 1053// 1049//
f 1049// 1053// 1054//
f 1049// 1054// 585//
f 992// 991// 1035//
f 1035// 991// 1040//
f 1035// 1040// 1036//
f 1036// 1040// 1042//
f 1036// 1042// 1037//
f 1037// 1042// 1044//
f 1037// 1044// 1038//
f 1038// 1044// 1046//
f 1038// 1046// 1039//
f 1039// 1046// 1048//
f 1039// 1048// 585//
f 589// 585// 1054//
f 589// 1054// 1014//
f 1014// 1054// 1053//
f 1014// 1053// 1013//
f 1013// 1053// 1052//
f 1013// 1052// 1012//
f 1012// 1052// 1051//
f 1012// 1051// 1011//
f 1011// 1051// 1050//
f 1011// 1050// 1010//
f 1010// 1050// 640//
f 1010// 640// 639//
usemtl 2
f 1055// 1056// 540//
f 540// 1056// 543//
f 588// 1057// 583//
f 583// 1057// 1058//
f 594// 1059// 587//
f 587// 1059// 1057//
f 587// 1057// 588//
f 594// 596// 1059//
f 1059// 596// 598//
f 1059// 598// 600//
f 543// 1056// 541//
f 541// 1056// 1059//
f 541// 1059// 602//
f 602// 1059// 600//
f 637// 635// 1060//
f 1060// 635// 633//
f 1060// 633// 631//
f 1055// 540// 1060//
f 1060// 540// 538//
f 1060// 538// 637//
f 631// 629// 1060//
f 1060// 629// 584//
f 1060// 584// 1058//
f 1058// 584// 583//
f 1056// 1055// 1059//
f 1059// 1055// 1060//
f 1058// 1057// 1060//
f 1060// 1057// 1059//
f 591// 1061// 592//
f 592// 1061// 1062//
f 562// 1063// 559//
f 559// 1063// 1064//
f 1065// 544// 1066//
f 1066// 544// 542//
f 1066// 542// 601//
f 601// 599// 1066//
f 1066// 599// 597//
f 1066// 597// 595//
f 595// 593// 1066//
f 1066// 593// 586//
f 1066// 586// 1062//
f 1062// 586// 592//
f 574// 576// 1067//
f 1067// 576// 578//
f 1067// 578// 580//
f 545// 1068// 552//
f 552// 1068// 1067//
f 552// 1067// 582//
f 582// 1067// 580//
f 574// 1067// 555//
f 555// 1067// 1063//
f 555// 1063// 562//
f 1065// 1068// 544//
f 544// 1068// 545//
f 605// 606// 1069//
f 1070// 1071// 1069//
f 1069// 1071// 1072//
f 1069// 1072// 605//
f 617// 615// 1073//
f 1073// 615// 613//
f 1073// 613// 611//
f 1069// 606// 1073//
f 1073// 606// 608//
f 1073// 608// 617//
f 559// 1064// 560//
f 560// 1064// 1073//
f 560// 1073// 609//
f 609// 1073// 611//
f 620// 622// 1074//
f 1074// 622// 624//
f 1074// 624// 626//
f 620// 1074// 590//
f 590// 1074// 1061//
f 590// 1061// 591//
f 605// 1072// 604//
f 604// 1072// 1074//
f 604// 1074// 628//
f 628// 1074// 626//
f 1068// 1065// 1067//
f 1067// 1065// 1066//
f 1075// 1076// 1070//
f 1070// 1076// 1071//
f 1074// 1076// 1075//
f 1063// 1067// 1066//
f 1066// 1062// 1063//
f 1063// 1062// 1061//
f 1063// 1061// 1064//
f 1064// 1061// 1074//
f 1064// 1074// 1073//
f 1073// 1074// 1075//
f 1077// 1078// 550//
f 550// 1078// 549//
f 558// 1079// 553//
f 553// 1079// 1080//
f 564// 566// 1081//
f 1081// 566// 568//
f 1081// 568// 570//
f 564// 1081// 557//
f 557// 1081// 1079//
f 557// 1079// 558//
f 549// 1078// 547//
f 547// 1078// 1081//
f 547// 1081// 572//
f 572// 1081// 570//
f 581// 579// 1082//
f 1082// 579// 577//
f 1082// 577// 575//
f 1077// 550// 1082//
f 1082// 550// 551//
f 1082// 551// 581//
f 575// 573// 1082//
f 1082// 573// 554//
f 1082// 554// 1080//
f 1080// 554// 553//
f 1078// 1077// 1081//
f 1081// 1077// 1082//
f 1080// 1079// 1082//
f 1082// 1079// 1081//
f 1073// 1075// 1069//
f 1069// 1075// 1070//
f 1076// 1074// 1071//
f 1071// 1074// 1072//
usemtl 3
f 1083// 1084// 497//
f 497// 1084// 500//
f 1085// 1083// 496//
f 496// 1083// 497//
f 1086// 1085// 495//
f 495// 1085// 496//
f 1087// 1086// 499//
f 499// 1086// 495//
f 1088// 1087// 498//
f 498// 1087// 499//
f 1084// 1088// 500//
f 500// 1088// 498//
f 1086// 1087// 1085//
f 1085// 1087// 1088//
f 1085// 1088// 1083//
f 1083// 1088// 1084//
f 211// 1089// 1090//
f 1091// 258// 257//
f 1091// 257// 1092//
f 1092// 257// 208//
f 1092// 208// 1090//
f 1090// 208// 210//
f 1090// 210// 211//
f 1093// 1089// 206//
f 206// 1089// 211//
f 1093// 206// 205//
f 1093// 205// 1094//
f 205// 217// 1094//
f 1094// 217// 219//
f 1094// 219// 1095//
f 1095// 219// 214//
f 1095// 214// 1096//
f 1096// 214// 213//
f 1096// 213// 1097//
f 1097// 213// 212//
f 1097// 212// 1098//
f 1098// 212// 229//
f 1098// 229// 1099//
f 1099// 229// 228//
f 1099// 228// 1100//
f 1100// 228// 227//
f 1100// 227// 1101//
f 1101// 227// 223//
f 1101// 223// 1102//
f 1102// 223// 222//
f 1102// 222// 1103//
f 1103// 222// 221//
f 1103// 221// 1104//
f 1104// 221// 220//
f 1104// 220// 1105//
f 1105// 220// 231//
f 1105// 231// 1106//
f 1106// 231// 230//
f 1106// 230// 1107//
f 1107// 230// 226//
f 1107// 226// 1108//
f 1108// 226// 225//
f 1108// 225// 1109//
f 1109// 225// 224//
f 1109// 224// 1110//
f 1110// 224// 218//
f 1110// 218// 1111//
f 207// 1112// 1113//
f 1111// 218// 216//
f 1111// 216// 1114//
f 1114// 216// 215//
f 1114// 215// 1113//
f 1113// 215// 204//
f 1113// 204// 207//
f 1115// 1112// 236//
f 236// 1112// 207//
f 238// 1116// 1117//
f 1115// 236// 235//
f 1115// 235// 1118//
f 235// 233// 1118//
f 1118// 233// 232//
f 1118// 232// 1117//
f 1117// 232// 239//
f 1117// 239// 238//
f 1116// 238// 14//
f 1116// 14// 1119//
f 14// 13// 1119//
f 1119// 13// 243//
f 1119// 243// 1120//
f 1120// 243// 242//
f 1120// 242// 1121//
f 1121// 242// 241//
f 1121// 241// 1122//
f 1122// 241// 240//
f 1122// 240// 1123//
f 1123// 240// 246//
f 1123// 246// 1124//
f 246// 245// 1124//
f 1124// 245// 251//
f 1124// 251// 1125//
f 1125// 251// 250//
f 1125// 250// 1126//
f 255// 1127// 1128//
f 1126// 250// 248//
f 1126// 248// 1129//
f 1129// 248// 247//
f 1129// 247// 1128//
f 1128// 247// 256//
f 1128// 256// 255//
f 1127// 255// 253//
f 1127// 253// 1130//
f 1130// 253// 252//
f 1130// 252// 1131//
f 1131// 252// 259//
f 1131// 259// 1132//
f 1132// 259// 258//
f 1132// 258// 1091//
f 1113// 1112// 1115//
f 1108// 1121// 1107//
f 1107// 1121// 1122//
f 1107// 1122// 1106//
f 1106// 1122// 1123//
f 1106// 1123// 1105//
f 1126// 1104// 1125//
f 1125// 1104// 1105//
f 1125// 1105// 1124//
f 1124// 1105// 1123//
f 1113// 1115// 1114//
f 1114// 1115// 1118//
f 1114// 1118// 1111//
f 1111// 1118// 1117//
f 1111// 1117// 1110//
f 1110// 1117// 1116//
f 1110// 1116// 1109//
f 1109// 1116// 1119//
f 1109// 1119// 1108//
f 1108// 1119// 1120//
f 1108// 1120// 1121//
f 1089// 1093// 1090//
f 1090// 1093// 1094//
f 1090// 1094// 1092//
f 1092// 1094// 1095//
f 1092// 1095// 1091//
f 1091// 1095// 1096//
f 1091// 1096// 1132//
f 1132// 1096// 1097//
f 1132// 1097// 1131//
f 1131// 1097// 1098//
f 1131// 1098// 1130//
f 1130// 1098// 1099//
f 1130// 1099// 1127//
f 1127// 1099// 1100//
f 1127// 1100// 1128//
f 1128// 1100// 1101//
f 1128// 1101// 1129//
f 1129// 1101// 1102//
f 1129// 1102// 1126//
f 1126// 1102// 1103//
f 1126// 1103// 1104//
f 1133// 1134// 189//
f 189// 1134// 199//
f 180// 1135// 181//
f 181// 1135// 1133//
f 181// 1133// 189//
f 1136// 1135// 182//
f 182// 1135// 180//
f 188// 1137// 183//
f 183// 1137// 1136//
f 183// 1136// 182//
f 1138// 1137// 190//
f 190// 1137// 188//
f 194// 1139// 192//
f 192// 1139// 1138//
f 192// 1138// 190//
f 1140// 1139// 193//
f 193// 1139// 194//
f 187// 1141// 191//
f 191// 1141// 1140//
f 191// 1140// 193//
f 1142// 1141// 185//
f 185// 1141// 187//
f 202// 1143// 203//
f 203// 1143// 1142//
f 203// 1142// 185//
f 1144// 1143// 195//
f 195// 1143// 202//
f 199// 1134// 197//
f 197// 1134// 1144//
f 197// 1144// 195//
f 1144// 1134// 1133//
f 1133// 1135// 1144//
f 1144// 1135// 1136//
f 1144// 1136// 1143//
f 1141// 1142// 1140//
f 1140// 1142// 1143//
f 1140// 1143// 1139//
f 1139// 1143// 1136//
f 1139// 1136// 1138//
f 1138// 1136// 1137//
f 1145// 1146// 1147//
f 1147// 1146// 1148//
f 1147// 1148// 1149//
f 1149// 1148// 1150//
f 1149// 1150// 1151//
f 1151// 1150// 1152//
f 1151// 1152// 1153//
f 1153// 1152// 1154//
f 1153// 1154// 1155//
f 1155// 1154// 1156//
f 1155// 1156// 1157//
f 1157// 1156// 1158//
f 1157// 1158// 1159//
f 1159// 1158// 1160//
f 1159// 1160// 1161//
f 1161// 1160// 1162//
f 1161// 1162// 1163//
f 1163// 1162// 1164//
f 1163// 1164// 1165//
f 1165// 1164// 1166//
f 1165// 1166// 1167//
f 1167// 1166// 1168//
f 1167// 1168// 1169//
f 1169// 1168// 1170//
f 1169// 1170// 1171//
f 1171// 1170// 1172//
f 1171// 1172// 1173//
f 1173// 1172// 1174//
f 1173// 1174// 1175//
f 1175// 1174// 1176//
f 1175// 1176// 1177//
f 1177// 1176// 1178//
f 1177// 1178// 1179//
f 1179// 1178// 1145//
f 1179// 1145// 1147//
f 1153// 1155// 512//
f 512// 1155// 501//
f 1153// 512// 511//
f 1153// 511// 1151//
f 1151// 511// 510//
f 1151// 510// 1149//
f 1149// 510// 505//
f 1149// 505// 1147//
f 1147// 505// 504//
f 1147// 504// 1179//
f 1179// 504// 503//
f 1179// 503// 1177//
f 1177// 503// 502//
f 1177// 502// 1175//
f 1175// 502// 509//
f 1175// 509// 1173//
f 1173// 509// 507//
f 1173// 507// 1171//
f 1171// 507// 506//
f 1171// 506// 1169//
f 1169// 506// 518//
f 1169// 518// 1167//
f 1167// 518// 517//
f 1167// 517// 1165//
f 1165// 517// 516//
f 1165// 516// 1163//
f 1163// 516// 515//
f 1163// 515// 1161//
f 1161// 515// 514//
f 1161// 514// 1159//
f 1157// 1159// 513//
f 513// 1159// 514//
f 1155// 1157// 501//
f 501// 1157// 513//
f 1160// 1158// 1180//
f 1180// 1158// 1181//
f 1158// 1156// 1181//
f 1181// 1156// 1182//
f 1156// 1154// 1182//
f 1182// 1154// 1183//
f 1146// 1184// 1185//
f 1146// 1185// 1148//
f 1148// 1185// 1186//
f 1148// 1186// 1150//
f 1150// 1186// 1187//
f 1150// 1187// 1152//
f 1152// 1187// 1183//
f 1152// 1183// 1154//
f 1174// 1188// 1189//
f 1174// 1189// 1176//
f 1176// 1189// 1190//
f 1176// 1190// 1178//
f 1178// 1190// 1191//
f 1178// 1191// 1145//
f 1145// 1191// 1184//
f 1145// 1184// 1146//
f 1166// 1192// 1193//
f 1166// 1193// 1168//
f 1168// 1193// 1194//
f 1168// 1194// 1170//
f 1170// 1194// 1195//
f 1170// 1195// 1172//
f 1172// 1195// 1188//
f 1172// 1188// 1174//
f 1160// 1180// 1196//
f 1160// 1196// 1162//
f 1162// 1196// 1197//
f 1162// 1197// 1164//
f 1164// 1197// 1192//
f 1164// 1192// 1166//
usemtl 1
f 1185// 1184// 1180//
f 1181// 1182// 1180//
f 1180// 1182// 1183//
f 1183// 1187// 1180//
f 1180// 1187// 1186//
f 1180// 1186// 1185//
f 1184// 1191// 1180//
f 1180// 1191// 1190//
f 1180// 1190// 1189//
f 1189// 1188// 1180//
f 1180// 1188// 1195//
f 1180// 1195// 1194//
f 1194// 1193// 1180//
f 1180// 1193// 1192//
f 1180// 1192// 1196//
f 1196// 1192// 1197//
usemtl 3
f 1198// 1199// 1200//
f 1200// 1199// 1201//
f 1202// 1203// 1198//
f 1198// 1203// 1204//
f 1198// 1204// 1199//
f 1199// 1204// 1205//
f 1202// 1206// 1203//
f 1203// 1206// 1207//
f 1203// 1207// 1208//
f 1208// 1207// 1209//
f 1208// 1209// 1210//
f 1210// 1211// 1208//
f 1208// 1211// 1200//
f 1208// 1200// 1212//
f 1212// 1200// 1201//
f 1212// 1201// 1213//
f 1208// 1212// 174//
f 174// 1212// 169//
f 1203// 1208// 172//
f 172// 1208// 174//
f 176// 1204// 171//
f 171// 1204// 1203//
f 171// 1203// 172//
f 1205// 1204// 178//
f 178// 1204// 176//
f 1199// 1205// 179//
f 179// 1205// 178//
f 165// 1201// 166//
f 166// 1201// 1199//
f 166// 1199// 179//
f 1213// 1201// 167//
f 167// 1201// 165//
f 1212// 1213// 169//
f 169// 1213// 167//
f 1198// 1200// 1214//
f 1214// 1200// 1215//
f 1200// 1211// 1215//
f 1215// 1211// 1216//
f 1209// 1217// 1218//
f 1209// 1218// 1210//
f 1210// 1218// 1216//
f 1210// 1216// 1211//
f 1209// 1207// 1217//
f 1217// 1207// 1219//
f 1202// 1220// 1221//
f 1202// 1221// 1206//
f 1206// 1221// 1219//
f 1206// 1219// 1207//
f 1202// 1198// 1220//
f 1220// 1198// 1214//
usemtl 1
f 1217// 1219// 1218//
f 1218// 1219// 1221//
f 1218// 1221// 1216//
f 1216// 1221// 1220//
f 1216// 1220// 1215//
f 1215// 1220// 1214//
usemtl 3
f 1222// 1223// 460//
f 460// 1223// 458//
f 1224// 1222// 465//
f 465// 1222// 460//
f 1225// 1224// 464//
f 464// 1224// 465//
f 1226// 1225// 466//
f 466// 1225// 464//
f 1227// 1226// 467//
f 467// 1226// 466//
f 1228// 1227// 468//
f 468// 1227// 467//
f 1229// 1228// 469//
f 469// 1228// 468//
f 1230// 1229// 461//
f 461// 1229// 469//
f 1231// 1230// 463//
f 463// 1230// 461//
f 1232// 1231// 462//
f 462// 1231// 463//
f 1233// 1232// 459//
f 459// 1232// 462//
f 1223// 1233// 458//
f 458// 1233// 459//
f 1230// 1231// 1229//
f 1229// 1231// 1232//
f 1229// 1232// 1228//
f 1223// 1222// 1233//
f 1233// 1222// 1224//
f 1233// 1224// 1225//
f 1226// 1227// 1225//
f 1225// 1227// 1228//
f 1225// 1228// 1233//
f 1233// 1228// 1232//
f 1234// 1235// 1236//
f 1237// 1238// 1239//
f 1240// 1241// 1242//
f 1242// 1241// 1243//
f 1244// 1245// 1235//
f 1235// 1245// 1241//
f 1235// 1241// 1236//
f 1236// 1241// 1240//
f 1246// 1247// 1248//
f 1248// 1247// 1249//
f 1236// 1250// 1234//
f 1234// 1250// 1251//
f 1234// 1251// 1252//
f 1252// 1251// 1253//
f 1252// 1253// 1254//
f 1254// 1253// 1255//
f 1254// 1255// 1256//
f 1256// 1255// 1257//
f 1256// 1257// 1258//
f 1258// 1257// 1259//
f 1258// 1259// 1260//
f 1260// 1259// 1261//
f 1260// 1261// 1262//
f 1262// 1261// 1263//
f 1262// 1263// 1264//
f 1264// 1263// 1265//
f 1264// 1265// 1266//
f 1266// 1265// 1267//
f 1239// 1238// 1268//
f 1268// 1238// 1269//
f 1268// 1269// 1270//
f 1271// 1272// 1273//
f 1273// 1272// 1274//
f 1273// 1274// 1275//
f 1275// 1274// 1276//
f 1275// 1276// 1277//
f 1277// 1276// 1278//
f 1277// 1278// 1246//
f 1246// 1278// 1279//
f 1246// 1279// 1247//
f 1269// 1243// 1270//
f 1270// 1243// 1241//
f 1270// 1241// 1280//
f 1280// 1241// 1281//
f 1280// 1281// 1282//
f 1282// 1281// 1283//
f 1282// 1283// 1284//
f 1284// 1283// 1285//
f 1284// 1285// 1249//
f 1249// 1285// 1286//
f 1249// 1286// 1248//
f 1237// 1239// 1287//
f 1287// 1239// 1288//
f 1287// 1288// 1289//
f 1289// 1288// 1290//
f 1289// 1290// 1291//
f 1291// 1290// 1292//
f 1291// 1292// 1293//
f 1293// 1292// 1294//
f 1293// 1294// 1295//
f 1295// 1294// 1296//
f 1295// 1296// 1297//
f 1297// 1296// 1298//
f 1297// 1298// 1299//
f 1299// 1298// 1300//
f 1299// 1300// 1267//
f 1267// 1300// 1301//
f 1267// 1301// 1266//
f 1277// 309// 308//
f 1277// 308// 1275//
f 1275// 308// 307//
f 1275// 307// 1273//
f 1273// 307// 302//
f 1273// 302// 1271//
f 1272// 1271// 276//
f 276// 1271// 302//
f 1272// 276// 289//
f 1272// 289// 1274//
f 1274// 289// 290//
f 1274// 290// 1276//
f 1276// 290// 283//
f 1276// 283// 1278//
f 1278// 283// 282//
f 1278// 282// 1279//
f 1279// 282// 316//
f 1279// 316// 1247//
f 1247// 316// 315//
f 1247// 315// 1249//
f 1249// 315// 306//
f 1249// 306// 1284//
f 1284// 306// 305//
f 1284// 305// 1282//
f 1282// 305// 304//
f 1282// 304// 1280//
f 1280// 304// 303//
f 1280// 303// 1270//
f 1268// 1270// 284//
f 284// 1270// 303//
f 1268// 284// 288//
f 1268// 288// 1239//
f 1239// 288// 287//
f 1239// 287// 1288//
f 1288// 287// 275//
f 1288// 275// 1290//
f 1290// 275// 277//
f 1290// 277// 1292//
f 1292// 277// 278//
f 1292// 278// 1294//
f 1294// 278// 301//
f 1294// 301// 1296//
f 1296// 301// 300//
f 1296// 300// 1298//
f 1298// 300// 295//
f 1298// 295// 1300//
f 1300// 295// 294//
f 1300// 294// 1301//
f 1301// 294// 292//
f 1301// 292// 1266//
f 321// 1260// 323//
f 323// 1260// 1262//
f 323// 1262// 324//
f 324// 1262// 1264//
f 324// 1264// 291//
f 291// 1264// 1266//
f 291// 1266// 292//
f 1260// 321// 320//
f 1260// 320// 1258//
f 1258// 320// 318//
f 1258// 318// 1256//
f 318// 317// 1256//
f 1256// 317// 299//
f 1256// 299// 1254//
f 1254// 299// 298//
f 1254// 298// 1252//
f 1252// 298// 297//
f 1252// 297// 1234//
f 1235// 1234// 296//
f 296// 1234// 297//
f 1244// 1235// 281//
f 281// 1235// 296//
f 1245// 1244// 280//
f 280// 1244// 281//
f 1241// 1245// 286//
f 286// 1245// 280//
f 1241// 286// 285//
f 1241// 285// 1281//
f 1281// 285// 314//
f 1281// 314// 1283//
f 1283// 314// 313//
f 1283// 313// 1285//
f 1285// 313// 312//
f 1285// 312// 1286//
f 1286// 312// 311//
f 1286// 311// 1248//
f 1248// 311// 310//
f 1248// 310// 1246//
f 1246// 310// 309//
f 1246// 309// 1277//
f 1287// 1302// 1303//
f 1287// 1303// 1237//
f 1237// 1303// 1304//
f 1237// 1304// 1238//
f 1238// 1304// 1305//
f 1238// 1305// 1269//
f 1295// 1306// 1307//
f 1295// 1307// 1293//
f 1293// 1307// 1308//
f 1293// 1308// 1291//
f 1291// 1308// 1309//
f 1291// 1309// 1289//
f 1289// 1309// 1302//
f 1289// 1302// 1287//
f 1265// 1310// 1311//
f 1265// 1311// 1267//
f 1267// 1311// 1312//
f 1267// 1312// 1299//
f 1299// 1312// 1313//
f 1299// 1313// 1297//
f 1297// 1313// 1306//
f 1297// 1306// 1295//
f 1259// 1314// 1315//
f 1259// 1315// 1261//
f 1261// 1315// 1316//
f 1261// 1316// 1263//
f 1263// 1316// 1310//
f 1263// 1310// 1265//
f 1251// 1317// 1318//
f 1251// 1318// 1253//
f 1253// 1318// 1319//
f 1253// 1319// 1255//
f 1255// 1319// 1320//
f 1255// 1320// 1257//
f 1257// 1320// 1314//
f 1257// 1314// 1259//
f 1242// 1321// 1322//
f 1242// 1322// 1240//
f 1240// 1322// 1323//
f 1240// 1323// 1236//
f 1236// 1323// 1324//
f 1236// 1324// 1250//
f 1250// 1324// 1317//
f 1250// 1317// 1251//
f 1242// 1243// 1321//
f 1321// 1243// 1325//
f 1243// 1269// 1325//
f 1325// 1269// 1305//
usemtl 1
f 1322// 1321// 1302//
f 1321// 1325// 1305//
f 1305// 1304// 1321//
f 1321// 1304// 1303//
f 1321// 1303// 1302//
f 1322// 1302// 1323//
f 1323// 1302// 1309//
f 1323// 1309// 1324//
f 1311// 1310// 1318//
f 1311// 1318// 1312//
f 1319// 1318// 1320//
f 1320// 1318// 1314//
f 1309// 1308// 1324//
f 1324// 1308// 1307//
f 1324// 1307// 1317//
f 1317// 1307// 1306//
f 1317// 1306// 1318//
f 1318// 1306// 1313//
f 1318// 1313// 1312//
f 1310// 1316// 1318//
f 1318// 1316// 1315//
f 1318// 1315// 1314//
usemtl 3
f 327// 1326// 1327//
f 1328// 381// 378//
f 1328// 378// 1329//
f 1329// 378// 333//
f 1329// 333// 1327//
f 1327// 333// 332//
f 1327// 332// 327//
f 1330// 1326// 326//
f 326// 1326// 327//
f 1331// 1330// 325//
f 325// 1330// 326//
f 340// 1332// 339//
f 339// 1332// 1331//
f 339// 1331// 337//
f 337// 1331// 325//
f 1333// 1332// 11//
f 11// 1332// 340//
f 11// 10// 1333//
f 1333// 10// 359//
f 1333// 359// 1334//
f 1334// 359// 358//
f 1334// 358// 1335//
f 1335// 358// 350//
f 1335// 350// 1336//
f 1336// 350// 349//
f 1336// 349// 1337//
f 1337// 349// 348//
f 1337// 348// 1338//
f 1338// 348// 357//
f 1338// 357// 1339//
f 1339// 357// 356//
f 1339// 356// 1340//
f 1340// 356// 355//
f 1340// 355// 1341//
f 1341// 355// 354//
f 1341// 354// 1342//
f 1342// 354// 374//
f 1342// 374// 1343//
f 1343// 374// 373//
f 1343// 373// 1344//
f 1344// 373// 371//
f 1344// 371// 1345//
f 1345// 371// 369//
f 1345// 369// 1346//
f 1346// 369// 368//
f 1346// 368// 1347//
f 1347// 368// 367//
f 1347// 367// 1348//
f 1348// 367// 366//
f 1348// 366// 1349//
f 1349// 366// 365//
f 1349// 365// 1350//
f 1350// 365// 362//
f 1350// 362// 1351//
f 1351// 362// 377//
f 1351// 377// 1352//
f 1352// 377// 376//
f 1352// 376// 1353//
f 1353// 376// 375//
f 1353// 375// 1354//
f 1354// 375// 364//
f 1354// 364// 1355//
f 1355// 364// 363//
f 1355// 363// 1356//
f 1356// 363// 361//
f 1356// 361// 1357//
f 1357// 361// 360//
f 1357// 360// 1358//
f 1358// 360// 370//
f 1358// 370// 1359//
f 1359// 370// 372//
f 1359// 372// 1360//
f 1360// 372// 342//
f 1360// 342// 1361//
f 1362// 1361// 341//
f 341// 1361// 342//
f 1362// 341// 353//
f 1362// 353// 1363//
f 1363// 353// 352//
f 1363// 352// 1364//
f 1364// 352// 351//
f 1364// 351// 1365//
f 1365// 351// 344//
f 1365// 344// 1366//
f 1366// 344// 343//
f 1366// 343// 1367//
f 1367// 343// 1368//
f 1368// 343// 347//
f 347// 346// 1368//
f 1368// 346// 345//
f 1368// 345// 1369//
f 1369// 345// 329//
f 1369// 329// 1370//
f 1370// 329// 328//
f 1370// 328// 1371//
f 1371// 328// 331//
f 1371// 331// 1372//
f 1372// 331// 330//
f 1372// 330// 1373//
f 1373// 330// 335//
f 1373// 335// 1374//
f 379// 1375// 1376//
f 1374// 335// 336//
f 1374// 336// 1377//
f 1377// 336// 334//
f 1377// 334// 1376//
f 1376// 334// 380//
f 1376// 380// 379//
f 1375// 379// 383//
f 1375// 383// 1378//
f 1378// 383// 394//
f 1378// 394// 1379//
f 1379// 394// 393//
f 1379// 393// 1380//
f 1380// 393// 392//
f 1380// 392// 1381//
f 1381// 392// 386//
f 1381// 386// 1382//
f 1382// 386// 385//
f 1382// 385// 1383//
f 1383// 385// 391//
f 1383// 391// 1384//
f 1384// 391// 390//
f 1384// 390// 1385//
f 1385// 390// 389//
f 1385// 389// 1386//
f 1386// 389// 388//
f 1386// 388// 1387//
f 1387// 388// 387//
f 1387// 387// 1388//
f 1388// 387// 384//
f 1388// 384// 1389//
f 1389// 384// 382//
f 1389// 382// 1390//
f 1390// 382// 381//
f 1390// 381// 1328//
f 1354// 1355// 1366//
f 1366// 1355// 1365//
f 1378// 1345// 1375//
f 1375// 1345// 1346//
f 1334// 1335// 1386//
f 1386// 1335// 1336//
f 1386// 1336// 1385//
f 1385// 1336// 1337//
f 1385// 1337// 1384//
f 1384// 1337// 1338//
f 1384// 1338// 1383//
f 1383// 1338// 1339//
f 1383// 1339// 1382//
f 1382// 1339// 1340//
f 1382// 1340// 1381//
f 1381// 1340// 1341//
f 1381// 1341// 1380//
f 1380// 1341// 1342//
f 1380// 1342// 1379//
f 1379// 1342// 1343//
f 1379// 1343// 1378//
f 1378// 1343// 1344//
f 1378// 1344// 1345//
f 1332// 1328// 1331//
f 1331// 1328// 1329//
f 1331// 1329// 1330//
f 1330// 1329// 1327//
f 1330// 1327// 1326//
f 1355// 1356// 1365//
f 1365// 1356// 1357//
f 1365// 1357// 1364//
f 1364// 1357// 1358//
f 1364// 1358// 1363//
f 1363// 1358// 1359//
f 1363// 1359// 1362//
f 1362// 1359// 1360//
f 1362// 1360// 1361//
f 1386// 1387// 1334//
f 1334// 1387// 1388//
f 1334// 1388// 1333//
f 1333// 1388// 1389//
f 1333// 1389// 1332//
f 1332// 1389// 1390//
f 1332// 1390// 1328//
f 1366// 1367// 1354//
f 1354// 1367// 1368//
f 1354// 1368// 1353//
f 1353// 1368// 1369//
f 1353// 1369// 1352//
f 1352// 1369// 1370//
f 1352// 1370// 1351//
f 1351// 1370// 1371//
f 1351// 1371// 1350//
f 1350// 1371// 1372//
f 1350// 1372// 1349//
f 1349// 1372// 1373//
f 1349// 1373// 1348//
f 1348// 1373// 1374//
f 1348// 1374// 1347//
f 1347// 1374// 1377//
f 1347// 1377// 1346//
f 1346// 1377// 1376//
f 1346// 1376// 1375//
f 1391// 1392// 405//
f 405// 1392// 397//
f 1393// 1391// 403//
f 403// 1391// 405//
f 1393// 403// 402//
f 1393// 402// 1394//
f 1394// 402// 401//
f 1394// 401// 1395//
f 1396// 1395// 400//
f 400// 1395// 401//
f 1397// 1396// 399//
f 399// 1396// 400//
f 409// 1398// 404//
f 404// 1398// 1397//
f 404// 1397// 399//
f 1399// 1398// 408//
f 408// 1398// 409//
f 410// 1400// 407//
f 407// 1400// 1399//
f 407// 1399// 408//
f 412// 1401// 411//
f 411// 1401// 1400//
f 411// 1400// 410//
f 412// 418// 1401//
f 1401// 418// 1402//
f 418// 417// 1402//
f 1402// 417// 416//
f 1402// 416// 1403//
f 1403// 416// 427//
f 1403// 427// 1404//
f 1404// 427// 426//
f 1404// 426// 1405//
f 1405// 426// 420//
f 1405// 420// 1406//
f 1406// 420// 419//
f 1406// 419// 1407//
f 1407// 419// 415//
f 1407// 415// 1408//
f 1409// 1408// 414//
f 414// 1408// 415//
f 1409// 414// 425//
f 1409// 425// 1410//
f 1410// 425// 424//
f 1410// 424// 1411//
f 1411// 424// 422//
f 421// 1412// 422//
f 422// 1412// 1413//
f 422// 1413// 1411//
f 421// 433// 1412//
f 1412// 433// 432//
f 1412// 432// 1414//
f 1414// 432// 431//
f 1414// 431// 1415//
f 1415// 431// 430//
f 1415// 430// 1416//
f 1416// 430// 429//
f 1416// 429// 1417//
f 397// 1392// 395//
f 395// 1392// 1417//
f 395// 1417// 429//
f 1394// 1395// 1417//
f 1392// 1391// 1417//
f 1417// 1391// 1393//
f 1417// 1393// 1394//
f 1398// 1399// 1397//
f 1397// 1399// 1400//
f 1397// 1400// 1396//
f 1408// 1409// 1407//
f 1407// 1409// 1410//
f 1407// 1410// 1406//
f 1406// 1410// 1411//
f 1406// 1411// 1405//
f 1405// 1411// 1413//
f 1405// 1413// 1404//
f 1404// 1413// 1412//
f 1404// 1412// 1403//
f 1395// 1396// 1417//
f 1417// 1396// 1400//
f 1417// 1400// 1416//
f 1400// 1401// 1416//
f 1416// 1401// 1402//
f 1416// 1402// 1415//
f 1415// 1402// 1403//
f 1415// 1403// 1414//
f 1414// 1403// 1412//
f 1418// 1419// 442//
f 442// 1419// 7//
f 434// 1420// 435//
f 435// 1420// 1418//
f 435// 1418// 442//
f 1421// 1420// 436//
f 436// 1420// 434//
f 441// 1422// 437//
f 437// 1422// 1421//
f 437// 1421// 436//
f 1423// 1422// 443//
f 443// 1422// 441//
f 447// 1424// 445//
f 445// 1424// 1423//
f 445// 1423// 443//
f 1425// 1424// 446//
f 446// 1424// 447//
f 440// 1426// 444//
f 444// 1426// 1425//
f 444// 1425// 446//
f 1427// 1426// 439//
f 439// 1426// 440//
f 398// 1428// 438//
f 438// 1428// 1427//
f 438// 1427// 439//
f 1429// 1428// 396//
f 396// 1428// 398//
f 7// 1419// 8//
f 8// 1419// 1429//
f 8// 1429// 396//
f 1429// 1419// 1418//
f 1418// 1420// 1429//
f 1429// 1420// 1421//
f 1429// 1421// 1428//
f 1426// 1427// 1425//
f 1425// 1427// 1428//
f 1425// 1428// 1424//
f 1424// 1428// 1421//
f 1424// 1421// 1423//
f 1423// 1421// 1422//
f 1430// 1431// 1432//
f 1432// 1431// 1433//
f 1432// 1433// 1434//
f 1434// 1433// 1435//
f 1434// 1435// 1436//
f 1436// 1435// 1437//
f 1436// 1437// 1438//
f 1438// 1437// 1439//
f 1438// 1439// 1440//
f 1440// 1439// 1441//
f 1440// 1441// 1442//
f 1442// 1441// 1443//
f 1442// 1443// 1444//
f 1444// 1443// 1445//
f 1444// 1445// 1446//
f 1446// 1445// 1447//
f 1446// 1447// 1448//
f 1448// 1447// 1449//
f 1448// 1449// 1450//
f 1450// 1449// 1451//
f 1450// 1451// 1452//
f 1452// 1451// 1453//
f 1452// 1453// 1454//
f 1454// 1453// 1455//
f 1454// 1455// 1456//
f 1456// 1455// 1457//
f 1456// 1457// 1458//
f 1458// 1457// 1459//
f 1458// 1459// 1460//
f 1460// 1459// 1461//
f 1460// 1461// 1462//
f 1462// 1461// 1463//
f 1462// 1463// 1464//
f 1464// 1463// 1430//
f 1464// 1430// 1432//
f 1438// 1440// 470//
f 470// 1440// 471//
f 1438// 470// 476//
f 1438// 476// 1436//
f 1436// 476// 475//
f 1436// 475// 1434//
f 1434// 475// 474//
f 1434// 474// 1432//
f 1432// 474// 473//
f 1432// 473// 1464//
f 1464// 473// 472//
f 1464// 472// 1462//
f 1462// 472// 486//
f 1462// 486// 1460//
f 1460// 486// 485//
f 1460// 485// 1458//
f 1458// 485// 484//
f 1458// 484// 1456//
f 1456// 484// 483//
f 1456// 483// 1454//
f 1454// 483// 482//
f 1454// 482// 1452//
f 1452// 482// 481//
f 1452// 481// 1450//
f 1450// 481// 480//
f 1450// 480// 1448//
f 1448// 480// 479//
f 1448// 479// 1446//
f 1446// 479// 478//
f 1446// 478// 1444//
f 1442// 1444// 477//
f 477// 1444// 478//
f 1440// 1442// 471//
f 471// 1442// 477//
f 1445// 1443// 1465//
f 1465// 1443// 1466//
f 1443// 1441// 1466//
f 1466// 1441// 1467//
f 1441// 1439// 1467//
f 1467// 1439// 1468//
f 1431// 1469// 1470//
f 1431// 1470// 1433//
f 1433// 1470// 1471//
f 1433// 1471// 1435//
f 1435// 1471// 1472//
f 1435// 1472// 1437//
f 1437// 1472// 1468//
f 1437// 1468// 1439//
f 1459// 1473// 1474//
f 1459// 1474// 1461//
f 1461// 1474// 1475//
f 1461// 1475// 1463//
f 1463// 1475// 1476//
f 1463// 1476// 1430//
f 1430// 1476// 1469//
f 1430// 1469// 1431//
f 1451// 1477// 1478//
f 1451// 1478// 1453//
f 1453// 1478// 1479//
f 1453// 1479// 1455//
f 1455// 1479// 1480//
f 1455// 1480// 1457//
f 1457// 1480// 1473//
f 1457// 1473// 1459//
f 1445// 1465// 1481//
f 1445// 1481// 1447//
f 1447// 1481// 1482//
f 1447// 1482// 1449//
f 1449// 1482// 1477//
f 1449// 1477// 1451//
usemtl 1
f 1470// 1469// 1465//
f 1466// 1467// 1465//
f 1465// 1467// 1468//
f 1468// 1472// 1465//
f 1465// 1472// 1471//
f 1465// 1471// 1470//
f 1469// 1476// 1465//
f 1465// 1476// 1475//
f 1465// 1475// 1474//
f 1474// 1473// 1465//
f 1465// 1473// 1480//
f 1465// 1480// 1479//
f 1479// 1478// 1465//
f 1465// 1478// 1477//
f 1465// 1477// 1481//
f 1481// 1477// 1482//
usemtl 3
f 1483// 1484// 1485//
f 1485// 1484// 1486//
f 1487// 1488// 1483//
f 1483// 1488// 1489//
f 1483// 1489// 1484//
f 1484// 1489// 1490//
f 1487// 1491// 1488//
f 1488// 1491// 1492//
f 1488// 1492// 1493//
f 1493// 1492// 1494//
f 1493// 1494// 1495//
f 1495// 1496// 1493//
f 1493// 1496// 1485//
f 1493// 1485// 1497//
f 1497// 1485// 1486//
f 1497// 1486// 1498//
f 1493// 1497// 493//
f 493// 1497// 494//
f 1488// 1493// 492//
f 492// 1493// 493//
f 1489// 1488// 488//
f 488// 1488// 492//
f 1490// 1489// 487//
f 487// 1489// 488//
f 1484// 1490// 491//
f 491// 1490// 487//
f 1486// 1484// 490//
f 490// 1484// 491//
f 1498// 1486// 489//
f 489// 1486// 490//
f 1497// 1498// 494//
f 494// 1498// 489//
f 1483// 1485// 1499//
f 1499// 1485// 1500//
f 1485// 1496// 1500//
f 1500// 1496// 1501//
f 1494// 1502// 1503//
f 1494// 1503// 1495//
f 1495// 1503// 1501//
f 1495// 1501// 1496//
f 1494// 1492// 1502//
f 1502// 1492// 1504//
f 1487// 1505// 1506//
f 1487// 1506// 1491//
f 1491// 1506// 1504//
f 1491// 1504// 1492//
f 1487// 1483// 1505//
f 1505// 1483// 1499//
usemtl 1
f 1502// 1504// 1503//
f 1503// 1504// 1506//
f 1503// 1506// 1501//
f 1501// 1506// 1505//
f 1501// 1505// 1500//
f 1500// 1505// 1499//
usemtl 3
f 1507// 1508// 1509//
f 1510// 1511// 1512//
f 1513// 1514// 1515//
f 1512// 1511// 1516//
f 1517// 1518// 1519//
f 1519// 1518// 1520//
f 1519// 1520// 1521//
f 1521// 1520// 1522//
f 1521// 1522// 1515//
f 1515// 1522// 1523//
f 1515// 1523// 1513//
f 1524// 1508// 1525//
f 1525// 1508// 1526//
f 1525// 1526// 1527//
f 1528// 1529// 1530//
f 1531// 1532// 1509//
f 1509// 1532// 1533//
f 1509// 1533// 1507//
f 1534// 1535// 1536//
f 1536// 1535// 1537//
f 1536// 1537// 1538//
f 1538// 1537// 1539//
f 1538// 1539// 1540//
f 1540// 1539// 1541//
f 1528// 1530// 1542//
f 1542// 1530// 1543//
f 1542// 1543// 1544//
f 1544// 1543// 1545//
f 1544// 1545// 1546//
f 1511// 1547// 1516//
f 1516// 1547// 1548//
f 1516// 1548// 1549//
f 1549// 1548// 1550//
f 1549// 1550// 1545//
f 1545// 1550// 1551//
f 1545// 1551// 1546//
f 1552// 1509// 1553//
f 1553// 1509// 1508//
f 1553// 1508// 1554//
f 1554// 1508// 1524//
f 1526// 1555// 1527//
f 1527// 1555// 1556//
f 1527// 1556// 1557//
f 1557// 1556// 1558//
f 1557// 1558// 1559//
f 1559// 1558// 1560//
f 1559// 1560// 1561//
f 1561// 1560// 1522//
f 1561// 1522// 1562//
f 1562// 1522// 1563//
f 1564// 1565// 1566//
f 1566// 1565// 1567//
f 1566// 1567// 1568//
f 1568// 1567// 1569//
f 1568// 1569// 1570//
f 1570// 1569// 1571//
f 1570// 1571// 1572//
f 1572// 1571// 1573//
f 1572// 1573// 1574//
f 1575// 1576// 1577//
f 1577// 1576// 1578//
f 1577// 1578// 1579//
f 1579// 1578// 1580//
f 1579// 1580// 1581//
f 1581// 1580// 1582//
f 1581// 1582// 1583//
f 1583// 1582// 1584//
f 1583// 1584// 1531//
f 1531// 1584// 1585//
f 1531// 1585// 1532//
f 1586// 1587// 1520//
f 1520// 1587// 1588//
f 1520// 1588// 1522//
f 1522// 1588// 1589//
f 1522// 1589// 1563//
f 1539// 1590// 1541//
f 1541// 1590// 1591//
f 1541// 1591// 1592//
f 1592// 1591// 1593//
f 1592// 1593// 1594//
f 1594// 1593// 1595//
f 1594// 1595// 1596//
f 1596// 1595// 1597//
f 1596// 1597// 1598//
f 1598// 1597// 1599//
f 1598// 1599// 1600//
f 1600// 1599// 1601//
f 1600// 1601// 1564//
f 1564// 1601// 1602//
f 1564// 1602// 1565//
f 1603// 1604// 1605//
f 1605// 1604// 1606//
f 1605// 1606// 1536//
f 1536// 1606// 1607//
f 1536// 1607// 1534//
f 1512// 1608// 1510//
f 1510// 1608// 1609//
f 1510// 1609// 1610//
f 1610// 1609// 1611//
f 1610// 1611// 1612//
f 1612// 1611// 1613//
f 1612// 1613// 1575//
f 1575// 1613// 1614//
f 1575// 1614// 1576//
f 1529// 1528// 1615//
f 1615// 1528// 1616//
f 1615// 1616// 1617//
f 1617// 1616// 1618//
f 1617// 1618// 1619//
f 1619// 1618// 1620//
f 1619// 1620// 1621//
f 1621// 1620// 1622//
f 1621// 1622// 1603//
f 1603// 1622// 1623//
f 1603// 1623// 1604//
f 1552// 1624// 1509//
f 1509// 1624// 1625//
f 1509// 1625// 1626//
f 1626// 1625// 1627//
f 1626// 1627// 1628//
f 1628// 1627// 1629//
f 1628// 1629// 1630//
f 1630// 1629// 1631//
f 1630// 1631// 1632//
f 1632// 1631// 1633//
f 1632// 1633// 1634//
f 1634// 1633// 1635//
f 1634// 1635// 1636//
f 1636// 1635// 1637//
f 1636// 1637// 1638//
f 1638// 1637// 1639//
f 1638// 1639// 1640//
f 1640// 1639// 1641//
f 1640// 1641// 1520//
f 1520// 1641// 1642//
f 1520// 1642// 1586//
f 1643// 1644// 1645//
f 1573// 1646// 1574//
f 1574// 1646// 1643//
f 1574// 1643// 1647//
f 1647// 1643// 1645//
f 1648// 1649// 1643//
f 1643// 1649// 1650//
f 1643// 1650// 1644//
f 1651// 1652// 1653//
f 1652// 1654// 1653//
f 1653// 1654// 1655//
f 1653// 1655// 1656//
f 1648// 1643// 1653//
f 1653// 1643// 1657//
f 1653// 1657// 1651//
f 1596// 95// 94//
f 1596// 94// 1594//
f 1594// 94// 20//
f 1594// 20// 1592//
f 20// 22// 1592//
f 1592// 22// 23//
f 1592// 23// 1541//
f 1541// 23// 24//
f 1541// 24// 1540//
f 1540// 24// 26//
f 1540// 26// 1538//
f 1538// 26// 25//
f 1538// 25// 1536//
f 1536// 25// 19//
f 1536// 19// 1605//
f 1605// 19// 17//
f 1605// 17// 1603//
f 1621// 1603// 16//
f 16// 1603// 17//
f 16// 31// 1621//
f 1621// 31// 30//
f 1621// 30// 1619//
f 1619// 30// 28//
f 1619// 28// 1617//
f 40// 1530// 39//
f 39// 1530// 1529//
f 39// 1529// 37//
f 37// 1529// 1615//
f 37// 1615// 27//
f 27// 1615// 1617//
f 27// 1617// 28//
f 1530// 40// 47//
f 1530// 47// 1543//
f 1543// 47// 49//
f 1543// 49// 1545//
f 1545// 49// 48//
f 1545// 48// 1549//
f 1549// 48// 46//
f 1549// 46// 1516//
f 1516// 46// 45//
f 1516// 45// 1512//
f 1512// 45// 44//
f 1512// 44// 1608//
f 1608// 44// 43//
f 1608// 43// 1609//
f 1609// 43// 42//
f 1609// 42// 1611//
f 56// 1578// 1576//
f 1611// 42// 41//
f 1611// 41// 1613//
f 1613// 41// 32//
f 1613// 32// 1614//
f 1614// 32// 34//
f 1614// 34// 1576//
f 1576// 34// 36//
f 1576// 36// 56//
f 1578// 56// 55//
f 1578// 55// 1580//
f 1580// 55// 54//
f 1580// 54// 1582//
f 1582// 54// 51//
f 1582// 51// 1584//
f 1584// 51// 50//
f 1584// 50// 1585//
f 1585// 50// 53//
f 1585// 53// 1532//
f 1532// 53// 57//
f 1532// 57// 1533//
f 1533// 57// 58//
f 1533// 58// 1507//
f 58// 59// 1507//
f 1507// 59// 60//
f 1507// 60// 1508//
f 1508// 60// 70//
f 1508// 70// 1526//
f 1526// 70// 69//
f 1526// 69// 1555//
f 69// 73// 1555//
f 1555// 73// 72//
f 1555// 72// 1556//
f 1556// 72// 71//
f 1556// 71// 1558//
f 132// 1521// 1515//
f 1558// 71// 65//
f 1558// 65// 1560//
f 1560// 65// 64//
f 1560// 64// 1522//
f 64// 78// 1522//
f 1522// 78// 77//
f 1522// 77// 1523//
f 1523// 77// 76//
f 1523// 76// 1513//
f 1513// 76// 75//
f 1513// 75// 1514//
f 1514// 75// 74//
f 1514// 74// 1515//
f 1515// 74// 131//
f 1515// 131// 132//
f 1519// 1521// 117//
f 117// 1521// 132//
f 1517// 1519// 81//
f 81// 1519// 117//
f 1518// 1517// 83//
f 83// 1517// 81//
f 1520// 1518// 82//
f 82// 1518// 83//
f 1520// 82// 84//
f 1520// 84// 1640//
f 1640// 84// 85//
f 1640// 85// 1638//
f 1638// 85// 111//
f 1638// 111// 1636//
f 1636// 111// 110//
f 1636// 110// 1634//
f 1634// 110// 109//
f 1634// 109// 1632//
f 1632// 109// 105//
f 1632// 105// 1630//
f 1630// 105// 106//
f 1630// 106// 1628//
f 1628// 106// 102//
f 1628// 102// 1626//
f 1626// 102// 104//
f 1626// 104// 1509//
f 1509// 104// 103//
f 1509// 103// 1531//
f 1531// 103// 101//
f 1531// 101// 1583//
f 1583// 101// 100//
f 1583// 100// 1581//
f 1581// 100// 108//
f 1581// 108// 1579//
f 1579// 108// 107//
f 1579// 107// 1577//
f 1575// 1577// 93//
f 93// 1577// 107//
f 93// 159// 1575//
f 1575// 159// 157//
f 1575// 157// 1612//
f 1612// 157// 156//
f 1612// 156// 1610//
f 1610// 156// 154//
f 1610// 154// 1510//
f 1510// 154// 153//
f 1510// 153// 1511//
f 1511// 153// 155//
f 1511// 155// 1547//
f 1547// 155// 158//
f 1547// 158// 1548//
f 1548// 158// 145//
f 1548// 145// 1550//
f 1550// 145// 144//
f 1550// 144// 1551//
f 1551// 144// 140//
f 1551// 140// 1546//
f 1546// 140// 164//
f 1546// 164// 1544//
f 1544// 164// 163//
f 1544// 163// 1542//
f 1542// 163// 161//
f 1542// 161// 1528//
f 1528// 161// 160//
f 1528// 160// 1616//
f 1616// 160// 162//
f 1616// 162// 1618//
f 1618// 162// 143//
f 1618// 143// 1620//
f 1620// 143// 142//
f 1620// 142// 1622//
f 1622// 142// 141//
f 1622// 141// 1623//
f 1623// 141// 139//
f 1623// 139// 1604//
f 1604// 139// 138//
f 1604// 138// 1606//
f 1606// 138// 152//
f 1606// 152// 1607//
f 1607// 152// 151//
f 1607// 151// 1534//
f 1535// 1534// 148//
f 148// 1534// 151//
f 1535// 148// 150//
f 1535// 150// 1537//
f 1537// 150// 149//
f 1537// 149// 1539//
f 1539// 149// 147//
f 1539// 147// 1590//
f 1590// 147// 146//
f 1590// 146// 1591//
f 1591// 146// 92//
f 1591// 92// 1593//
f 92// 91// 1593//
f 1593// 91// 90//
f 1593// 90// 1595//
f 1595// 90// 123//
f 1595// 123// 1597//
f 1597// 123// 122//
f 1597// 122// 1599//
f 1599// 122// 121//
f 1599// 121// 1601//
f 1601// 121// 120//
f 1601// 120// 1602//
f 1602// 120// 137//
f 1602// 137// 1565//
f 1565// 137// 136//
f 1565// 136// 1567//
f 1567// 136// 135//
f 1567// 135// 1569//
f 1569// 135// 134//
f 1569// 134// 1571//
f 1573// 1571// 133//
f 133// 1571// 134//
f 1573// 133// 99//
f 1573// 99// 1646//
f 1646// 99// 98//
f 1646// 98// 1643//
f 1643// 98// 97//
f 1643// 97// 1657//
f 1657// 97// 80//
f 1657// 80// 1651//
f 1651// 80// 79//
f 1651// 79// 1652//
f 1652// 79// 86//
f 1652// 86// 1654//
f 1654// 86// 119//
f 1654// 119// 1655//
f 1655// 119// 118//
f 1655// 118// 1656//
f 1656// 118// 116//
f 1656// 116// 1653//
f 1653// 116// 115//
f 1653// 115// 1648//
f 1648// 115// 130//
f 1648// 130// 1649//
f 1649// 130// 129//
f 1649// 129// 1650//
f 1650// 129// 128//
f 1650// 128// 1644//
f 1644// 128// 127//
f 1644// 127// 1645//
f 1645// 127// 126//
f 1645// 126// 1647//
f 1647// 126// 125//
f 1647// 125// 1574//
f 1574// 125// 124//
f 1574// 124// 1572//
f 1570// 1572// 114//
f 114// 1572// 124//
f 1570// 114// 113//
f 1570// 113// 1568//
f 1568// 113// 112//
f 1568// 112// 1566//
f 1566// 112// 88//
f 1566// 88// 1564//
f 1564// 88// 87//
f 1564// 87// 1600//
f 1600// 87// 96//
f 1600// 96// 1598//
f 1598// 96// 95//
f 1598// 95// 1596//
f 1635// 1658// 1659//
f 1635// 1659// 1637//
f 1637// 1659// 1660//
f 1637// 1660// 1639//
f 1639// 1660// 1661//
f 1639// 1661// 1641//
f 1641// 1661// 1662//
f 1641// 1662// 1642//
f 1642// 1662// 1663//
f 1642// 1663// 1586//
f 1586// 1663// 1664//
f 1586// 1664// 1587//
f 1587// 1664// 1665//
f 1587// 1665// 1588//
f 1588// 1665// 1666//
f 1588// 1666// 1589//
f 1589// 1666// 1667//
f 1589// 1667// 1563//
f 1563// 1667// 1668//
f 1563// 1668// 1562//
f 1562// 1668// 1669//
f 1562// 1669// 1561//
f 1561// 1669// 1670//
f 1561// 1670// 1559//
f 1559// 1670// 1671//
f 1559// 1671// 1557//
f 1557// 1671// 1672//
f 1557// 1672// 1527//
f 1527// 1672// 1673//
f 1527// 1673// 1525//
f 1525// 1673// 1674//
f 1525// 1674// 1524//
f 1524// 1674// 1675//
f 1524// 1675// 1554//
f 1554// 1675// 1676//
f 1554// 1676// 1553//
f 1553// 1676// 1677//
f 1553// 1677// 1552//
f 1552// 1677// 1678//
f 1552// 1678// 1624//
f 1624// 1678// 1679//
f 1624// 1679// 1625//
f 1625// 1679// 1680//
f 1625// 1680// 1627//
f 1627// 1680// 1681//
f 1627// 1681// 1629//
f 1629// 1681// 1682//
f 1629// 1682// 1631//
f 1631// 1682// 1683//
f 1631// 1683// 1633//
f 1633// 1683// 1658//
f 1633// 1658// 1635//
usemtl 1
f 1672// 1671// 1658//
f 1669// 1665// 1670//
f 1670// 1665// 1664//
f 1670// 1664// 1671//
f 1664// 1663// 1671//
f 1671// 1663// 1662//
f 1671// 1662// 1661//
f 1682// 1675// 1674//
f 1661// 1660// 1671//
f 1671// 1660// 1659//
f 1671// 1659// 1658//
f 1675// 1682// 1676//
f 1676// 1682// 1681//
f 1676// 1681// 1677//
f 1658// 1683// 1672//
f 1672// 1683// 1682//
f 1672// 1682// 1673//
f 1673// 1682// 1674//
f 1669// 1668// 1665//
f 1665// 1668// 1667//
f 1665// 1667// 1666//
f 1677// 1681// 1678//
f 1678// 1681// 1680//
f 1678// 1680// 1679//
