# C165948 supplier STEP; Y +1.65 mm aligns the receptacle mouth with the checked board frame.
v 3.14000 -2.00000 -0.45000
v 3.13520 -1.95123 -0.45000
v 3.12097 -1.90433 -0.45000
v 3.09787 -1.86111 -0.45000
v 3.06678 -1.82322 -0.45000
v 3.02889 -1.79213 -0.45000
v 2.98567 -1.76903 -0.45000
v 2.93877 -1.75480 -0.45000
v 2.89000 -1.75000 -0.45000
v 2.84123 -1.75480 -0.45000
v 2.79433 -1.76903 -0.45000
v 2.75111 -1.79213 -0.45000
v 2.71322 -1.82322 -0.45000
v 2.68213 -1.86111 -0.45000
v 2.65903 -1.90433 -0.45000
v 2.64480 -1.95123 -0.45000
v 2.64000 -2.00000 -0.45000
v 3.13712 -2.00000 -0.47926
v 3.12858 -2.00000 -0.50740
v 3.11472 -2.00000 -0.53334
v 3.09607 -2.00000 -0.55607
v 3.07334 -2.00000 -0.57472
v 3.04740 -2.00000 -0.58858
v 3.01926 -2.00000 -0.59712
v 2.99000 -2.00000 -0.60000
v 2.79000 -2.00000 -0.60000
v 2.79192 -1.98049 -0.60000
v 2.79761 -1.96173 -0.60000
v 2.80685 -1.94444 -0.60000
v 2.81929 -1.92929 -0.60000
v 2.83444 -1.91685 -0.60000
v 2.85173 -1.90761 -0.60000
v 2.87049 -1.90192 -0.60000
v 2.89000 -1.90000 -0.60000
v 2.90951 -1.90192 -0.60000
v 2.92827 -1.90761 -0.60000
v 2.94556 -1.91685 -0.60000
v 2.96071 -1.92929 -0.60000
v 2.97315 -1.94444 -0.60000
v 2.98239 -1.96173 -0.60000
v 2.98808 -1.98049 -0.60000
v 2.64288 -2.00000 -0.47926
v 2.65142 -2.00000 -0.50740
v 2.66528 -2.00000 -0.53334
v 2.68393 -2.00000 -0.55607
v 2.70666 -2.00000 -0.57472
v 2.73260 -2.00000 -0.58858
v 2.76074 -2.00000 -0.59712
v 2.65130 -1.93604 -0.47926
v 2.65955 -1.93825 -0.50740
v 2.67599 -1.87644 -0.47926
v 2.67294 -1.94184 -0.53334
v 2.68338 -1.88071 -0.50740
v 2.69096 -1.94667 -0.55607
v 2.71526 -1.82526 -0.47926
v 2.69539 -1.88764 -0.53334
v 2.71291 -1.95255 -0.57472
v 2.72130 -1.83130 -0.50740
v 2.71154 -1.89697 -0.55607
v 2.76644 -1.78599 -0.47926
v 2.73796 -1.95926 -0.58858
v 2.73110 -1.84110 -0.53334
v 2.73123 -1.90833 -0.57472
v 2.77071 -1.79338 -0.50740
v 2.76514 -1.96654 -0.59712
v 2.74429 -1.85429 -0.55607
v 2.82604 -1.76130 -0.47926
v 2.75369 -1.92130 -0.58858
v 2.77764 -1.80539 -0.53334
v 2.76036 -1.87036 -0.57472
v 2.82825 -1.76955 -0.50740
v 2.77805 -1.93537 -0.59712
v 2.78697 -1.82154 -0.55607
v 2.89000 -1.75288 -0.47926
v 2.77870 -1.88870 -0.58858
v 2.83184 -1.78294 -0.53334
v 2.79833 -1.84123 -0.57472
v 2.89000 -1.76142 -0.50740
v 2.79860 -1.90860 -0.59712
v 2.83667 -1.80096 -0.55607
v 2.95396 -1.76130 -0.47926
v 2.81130 -1.86369 -0.58858
v 2.89000 -1.77528 -0.53334
v 2.84255 -1.82291 -0.57472
v 2.95175 -1.76955 -0.50740
v 2.82537 -1.88805 -0.59712
v 2.89000 -1.79393 -0.55607
v 3.01356 -1.78599 -0.47926
v 2.84926 -1.84796 -0.58858
v 2.94816 -1.78294 -0.53334
v 2.89000 -1.81666 -0.57472
v 3.00929 -1.79338 -0.50740
v 2.85654 -1.87514 -0.59712
v 2.94333 -1.80096 -0.55607
v 3.06474 -1.82526 -0.47926
v 2.89000 -1.84260 -0.58858
v 3.00236 -1.80539 -0.53334
v 2.93745 -1.82291 -0.57472
v 3.05870 -1.83130 -0.50740
v 2.89000 -1.87074 -0.59712
v 2.99303 -1.82154 -0.55607
v 3.10401 -1.87644 -0.47926
v 2.93074 -1.84796 -0.58858
v 3.04890 -1.84110 -0.53334
v 2.98167 -1.84123 -0.57472
v 3.09662 -1.88071 -0.50740
v 2.92346 -1.87514 -0.59712
v 3.03571 -1.85429 -0.55607
v 3.12870 -1.93604 -0.47926
v 2.96870 -1.86369 -0.58858
v 3.08461 -1.88764 -0.53334
v 3.01964 -1.87036 -0.57472
v 3.12045 -1.93825 -0.50740
v 2.95463 -1.88805 -0.59712
v 3.06846 -1.89697 -0.55607
v 3.00130 -1.88870 -0.58858
v 3.10706 -1.94184 -0.53334
v 3.04877 -1.90833 -0.57472
v 2.98140 -1.90860 -0.59712
v 3.08904 -1.94667 -0.55607
v 3.02631 -1.92130 -0.58858
v 3.06709 -1.95255 -0.57472
v 3.00195 -1.93537 -0.59712
v 3.04204 -1.95926 -0.58858
v 3.01486 -1.96654 -0.59712
v -2.64000 -2.00000 -0.45000
v -2.64480 -1.95123 -0.45000
v -2.65903 -1.90433 -0.45000
v -2.68213 -1.86111 -0.45000
v -2.71322 -1.82322 -0.45000
v -2.75111 -1.79213 -0.45000
v -2.79433 -1.76903 -0.45000
v -2.84123 -1.75480 -0.45000
v -2.89000 -1.75000 -0.45000
v -2.93877 -1.75480 -0.45000
v -2.98567 -1.76903 -0.45000
v -3.02889 -1.79213 -0.45000
v -3.06678 -1.82322 -0.45000
v -3.09787 -1.86111 -0.45000
v -3.12097 -1.90433 -0.45000
v -3.13520 -1.95123 -0.45000
v -3.14000 -2.00000 -0.45000
v -2.64288 -2.00000 -0.47926
v -2.65142 -2.00000 -0.50740
v -2.66528 -2.00000 -0.53334
v -2.68393 -2.00000 -0.55607
v -2.70666 -2.00000 -0.57472
v -2.73260 -2.00000 -0.58858
v -2.76074 -2.00000 -0.59712
v -2.79000 -2.00000 -0.60000
v -2.99000 -2.00000 -0.60000
v -2.98808 -1.98049 -0.60000
v -2.98239 -1.96173 -0.60000
v -2.97315 -1.94444 -0.60000
v -2.96071 -1.92929 -0.60000
v -2.94556 -1.91685 -0.60000
v -2.92827 -1.90761 -0.60000
v -2.90951 -1.90192 -0.60000
v -2.89000 -1.90000 -0.60000
v -2.87049 -1.90192 -0.60000
v -2.85173 -1.90761 -0.60000
v -2.83444 -1.91685 -0.60000
v -2.81929 -1.92929 -0.60000
v -2.80685 -1.94444 -0.60000
v -2.79761 -1.96173 -0.60000
v -2.79192 -1.98049 -0.60000
v -3.13712 -2.00000 -0.47926
v -3.12858 -2.00000 -0.50740
v -3.11472 -2.00000 -0.53334
v -3.09607 -2.00000 -0.55607
v -3.07334 -2.00000 -0.57472
v -3.04740 -2.00000 -0.58858
v -3.01926 -2.00000 -0.59712
v -3.12870 -1.93604 -0.47926
v -3.12045 -1.93825 -0.50740
v -3.10401 -1.87644 -0.47926
v -3.10706 -1.94184 -0.53334
v -3.09662 -1.88071 -0.50740
v -3.08904 -1.94667 -0.55607
v -3.06474 -1.82526 -0.47926
v -3.08461 -1.88764 -0.53334
v -3.06709 -1.95255 -0.57472
v -3.05870 -1.83130 -0.50740
v -3.06846 -1.89697 -0.55607
v -3.01356 -1.78599 -0.47926
v -3.04204 -1.95926 -0.58858
v -3.04890 -1.84110 -0.53334
v -3.04877 -1.90833 -0.57472
v -3.00929 -1.79338 -0.50740
v -3.01486 -1.96654 -0.59712
v -3.03571 -1.85429 -0.55607
v -2.95396 -1.76130 -0.47926
v -3.02631 -1.92130 -0.58858
v -3.00236 -1.80539 -0.53334
v -3.01964 -1.87036 -0.57472
v -2.95175 -1.76955 -0.50740
v -3.00195 -1.93537 -0.59712
v -2.99303 -1.82154 -0.55607
v -2.89000 -1.75288 -0.47926
v -3.00130 -1.88870 -0.58858
v -2.94816 -1.78294 -0.53334
v -2.98167 -1.84123 -0.57472
v -2.89000 -1.76142 -0.50740
v -2.98140 -1.90860 -0.59712
v -2.94333 -1.80096 -0.55607
v -2.82604 -1.76130 -0.47926
v -2.96870 -1.86369 -0.58858
v -2.89000 -1.77528 -0.53334
v -2.93745 -1.82291 -0.57472
v -2.82825 -1.76955 -0.50740
v -2.95463 -1.88805 -0.59712
v -2.89000 -1.79393 -0.55607
v -2.76644 -1.78599 -0.47926
v -2.93074 -1.84796 -0.58858
v -2.83184 -1.78294 -0.53334
v -2.89000 -1.81666 -0.57472
v -2.77071 -1.79338 -0.50740
v -2.92346 -1.87514 -0.59712
v -2.83667 -1.80096 -0.55607
v -2.71526 -1.82526 -0.47926
v -2.89000 -1.84260 -0.58858
v -2.77764 -1.80539 -0.53334
v -2.84255 -1.82291 -0.57472
v -2.72130 -1.83130 -0.50740
v -2.89000 -1.87074 -0.59712
v -2.78697 -1.82154 -0.55607
v -2.67599 -1.87644 -0.47926
v -2.84926 -1.84796 -0.58858
v -2.73110 -1.84110 -0.53334
v -2.79833 -1.84123 -0.57472
v -2.68338 -1.88071 -0.50740
v -2.85654 -1.87514 -0.59712
v -2.74429 -1.85429 -0.55607
v -2.65130 -1.93604 -0.47926
v -2.81130 -1.86369 -0.58858
v -2.69539 -1.88764 -0.53334
v -2.76036 -1.87036 -0.57472
v -2.65955 -1.93825 -0.50740
v -2.82537 -1.88805 -0.59712
v -2.71154 -1.89697 -0.55607
v -2.77870 -1.88870 -0.58858
v -2.67294 -1.94184 -0.53334
v -2.73123 -1.90833 -0.57472
v -2.79860 -1.90860 -0.59712
v -2.69096 -1.94667 -0.55607
v -2.75369 -1.92130 -0.58858
v -2.71291 -1.95255 -0.57472
v -2.77805 -1.93537 -0.59712
v -2.73796 -1.95926 -0.58858
v -2.76514 -1.96654 -0.59712
v -2.64000 -2.00000 -0.45000
v -2.64480 -1.95123 -0.45000
v -2.65903 -1.90433 -0.45000
v -2.68213 -1.86111 -0.45000
v -2.71322 -1.82322 -0.45000
v -2.75111 -1.79213 -0.45000
v -2.79433 -1.76903 -0.45000
v -2.84123 -1.75480 -0.45000
v -2.89000 -1.75000 -0.45000
v -2.93877 -1.75480 -0.45000
v -2.98567 -1.76903 -0.45000
v -3.02889 -1.79213 -0.45000
v -3.06678 -1.82322 -0.45000
v -3.09787 -1.86111 -0.45000
v -3.12097 -1.90433 -0.45000
v -3.13520 -1.95123 -0.45000
v -3.14000 -2.00000 -0.45000
v -3.14000 -2.00000 0.05000
v -3.13520 -1.95123 0.05000
v -3.12097 -1.90433 0.05000
v -3.09787 -1.86111 0.05000
v -3.06678 -1.82322 0.05000
v -3.02889 -1.79213 0.05000
v -2.98567 -1.76903 0.05000
v -2.93877 -1.75480 0.05000
v -2.89000 -1.75000 0.05000
v -2.84123 -1.75480 0.05000
v -2.79433 -1.76903 0.05000
v -2.75111 -1.79213 0.05000
v -2.71322 -1.82322 0.05000
v -2.68213 -1.86111 0.05000
v -2.65903 -1.90433 0.05000
v -2.64480 -1.95123 0.05000
v -2.64000 -2.00000 0.05000
v 3.14000 -2.00000 -0.45000
v 3.13520 -1.95123 -0.45000
v 3.12097 -1.90433 -0.45000
v 3.09787 -1.86111 -0.45000
v 3.06678 -1.82322 -0.45000
v 3.02889 -1.79213 -0.45000
v 2.98567 -1.76903 -0.45000
v 2.93877 -1.75480 -0.45000
v 2.89000 -1.75000 -0.45000
v 2.84123 -1.75480 -0.45000
v 2.79433 -1.76903 -0.45000
v 2.75111 -1.79213 -0.45000
v 2.71322 -1.82322 -0.45000
v 2.68213 -1.86111 -0.45000
v 2.65903 -1.90433 -0.45000
v 2.64480 -1.95123 -0.45000
v 2.64000 -2.00000 -0.45000
v 2.64000 -2.00000 0.05000
v 2.64480 -1.95123 0.05000
v 2.65903 -1.90433 0.05000
v 2.68213 -1.86111 0.05000
v 2.71322 -1.82322 0.05000
v 2.75111 -1.79213 0.05000
v 2.79433 -1.76903 0.05000
v 2.84123 -1.75480 0.05000
v 2.89000 -1.75000 0.05000
v 2.93877 -1.75480 0.05000
v 2.98567 -1.76903 0.05000
v 3.02889 -1.79213 0.05000
v 3.06678 -1.82322 0.05000
v 3.09787 -1.86111 0.05000
v 3.12097 -1.90433 0.05000
v 3.13520 -1.95123 0.05000
v 3.14000 -2.00000 0.05000
v -2.13937 -2.55000 1.96468
v -2.14639 -2.55000 1.96552
v -2.15302 -2.55000 1.96797
v -2.15889 -2.55000 1.97191
v -2.13937 -2.75000 1.96468
v -2.14639 -2.75000 1.96552
v -2.15302 -2.75000 1.96797
v -2.15889 -2.75000 1.97191
v 1.87000 0.55000 0.05000
v 1.87634 0.48562 0.05000
v 1.89512 0.42371 0.05000
v 1.92562 0.36666 0.05000
v 1.96665 0.31665 0.05000
v 2.01666 0.27562 0.05000
v 2.07371 0.24512 0.05000
v 2.13562 0.22634 0.05000
v 2.20000 0.22000 0.05000
v 3.47000 0.22000 0.05000
v 3.47000 -1.52000 0.05000
v -3.47000 -1.52000 0.05000
v -3.47000 0.22000 0.05000
v -2.20000 0.22000 0.05000
v -2.13562 0.22634 0.05000
v -2.07371 0.24512 0.05000
v -2.01666 0.27562 0.05000
v -1.96665 0.31665 0.05000
v -1.92562 0.36666 0.05000
v -1.89512 0.42371 0.05000
v -1.87634 0.48562 0.05000
v -1.87000 0.55000 0.05000
v -1.87000 2.15000 0.05000
v -1.87634 2.21438 0.05000
v -1.89512 2.27629 0.05000
v -1.92562 2.33334 0.05000
v -1.96665 2.38335 0.05000
v -2.01666 2.42438 0.05000
v -2.07371 2.45488 0.05000
v -2.13562 2.47366 0.05000
v -2.20000 2.48000 0.05000
v -3.47000 2.48000 0.05000
v -3.47000 4.22000 0.05000
v 3.47000 4.22000 0.05000
v 3.47000 2.48000 0.05000
v 2.20000 2.48000 0.05000
v 2.13562 2.47366 0.05000
v 2.07371 2.45488 0.05000
v 2.01666 2.42438 0.05000
v 1.96665 2.38335 0.05000
v 1.92562 2.33334 0.05000
v 1.89512 2.27629 0.05000
v 1.87634 2.21438 0.05000
v 1.87000 2.15000 0.05000
v 0.79102 1.11900 0.05000
v 0.85809 1.11900 0.05000
v 1.05321 1.61900 0.05000
v 0.98004 1.61900 0.05000
v 0.92945 1.47876 0.05000
v 0.72290 1.47876 0.05000
v 0.67517 1.61900 0.05000
v 0.60200 1.61900 0.05000
v 0.56541 1.36271 0.05000
v 0.56063 1.41861 0.05000
v 0.54865 1.46246 0.05000
v 0.53042 1.50038 0.05000
v 0.50535 1.53419 0.05000
v 0.47464 1.56297 0.05000
v 0.43958 1.58625 0.05000
v 0.40101 1.60312 0.05000
v 0.36027 1.61370 0.05000
v 0.32972 1.61779 0.05000
v 0.29893 1.61900 0.05000
v 0.16297 1.61900 0.05000
v 0.16297 1.11900 0.05000
v 0.30407 1.11900 0.05000
v 0.36401 1.12416 0.05000
v 0.41609 1.13897 0.05000
v 0.45944 1.16120 0.05000
v 0.49769 1.19140 0.05000
v 0.52614 1.22478 0.05000
v 0.54368 1.25567 0.05000
v 0.55495 1.28562 0.05000
v 0.56197 1.31685 0.05000
v 0.56457 1.33971 0.05000
v -0.13581 1.56412 0.05000
v 0.06541 1.56412 0.05000
v 0.06541 1.61900 0.05000
v -0.20288 1.61900 0.05000
v -0.20288 1.11900 0.05000
v 0.05321 1.11900 0.05000
v 0.05321 1.17388 0.05000
v -0.13581 1.17388 0.05000
v -0.13581 1.33851 0.05000
v 0.04102 1.33851 0.05000
v 0.04102 1.39339 0.05000
v -0.13581 1.39339 0.05000
v -0.42878 1.57022 0.05000
v -0.38431 1.56706 0.05000
v -0.34097 1.55670 0.05000
v -0.32022 1.54851 0.05000
v -0.30044 1.53821 0.05000
v -0.30044 1.59309 0.05000
v -0.33542 1.60926 0.05000
v -0.37264 1.61931 0.05000
v -0.40519 1.62376 0.05000
v -0.43802 1.62510 0.05000
v -0.48959 1.62075 0.05000
v -0.53441 1.60810 0.05000
v -0.56803 1.59099 0.05000
v -0.59513 1.57051 0.05000
v -0.61864 1.54599 0.05000
v -0.63810 1.51815 0.05000
v -0.65312 1.48768 0.05000
v -0.66355 1.45535 0.05000
v -0.66978 1.42194 0.05000
v -0.67177 1.40023 0.05000
v -0.67239 1.37843 0.05000
v -0.66708 1.31677 0.05000
v -0.65371 1.26845 0.05000
v -0.63304 1.22689 0.05000
v -0.60788 1.19353 0.05000
v -0.58062 1.16760 0.05000
v -0.54976 1.14610 0.05000
v -0.51583 1.12986 0.05000
v -0.47975 1.11923 0.05000
v -0.44910 1.11439 0.05000
v -0.41811 1.11290 0.05000
v -0.36486 1.11609 0.05000
v -0.33208 1.12221 0.05000
v -0.30044 1.13272 0.05000
v -0.30044 1.19979 0.05000
v -0.33726 1.18194 0.05000
v -0.37675 1.17122 0.05000
v -0.41754 1.16778 0.05000
v -0.45556 1.17101 0.05000
v -0.48546 1.17885 0.05000
v -0.51151 1.19073 0.05000
v -0.53513 1.20691 0.05000
v -0.55584 1.22669 0.05000
v -0.57311 1.24951 0.05000
v -0.58664 1.27475 0.05000
v -0.59617 1.30176 0.05000
v -0.60214 1.32977 0.05000
v -0.60452 1.35199 0.05000
v -0.60532 1.37434 0.05000
v -0.60118 1.42364 0.05000
v -0.59053 1.46227 0.05000
v -0.57565 1.49217 0.05000
v -0.55753 1.51616 0.05000
v -0.53545 1.53656 0.05000
v -0.50999 1.55253 0.05000
v -0.48193 1.56331 0.05000
v -0.45559 1.56857 0.05000
v -0.90410 1.56412 0.05000
v -0.71508 1.56412 0.05000
v -0.71508 1.61900 0.05000
v -0.97118 1.61900 0.05000
v -0.97118 1.11900 0.05000
v -0.90410 1.11900 0.05000
v -3.00000 0.25000 1.95000
v 3.00000 0.25000 1.95000
v -3.00000 3.70000 1.95000
v 3.00000 3.70000 1.95000
v 0.37500 3.50219 1.95000
v 0.12500 3.50219 1.95000
v 0.12500 1.00219 1.95000
v 0.37500 1.00219 1.95000
v -1.12500 3.50219 1.95000
v -1.37500 3.50219 1.95000
v -1.37500 1.00219 1.95000
v -1.12500 1.00219 1.95000
v 1.37500 3.50219 1.95000
v 1.12500 3.50219 1.95000
v 1.12500 1.00219 1.95000
v 1.37500 1.00219 1.95000
v -2.20000 3.50219 1.95000
v -2.80000 3.50219 1.95000
v -2.80000 1.00219 1.95000
v -2.20000 1.00219 1.95000
v -0.12500 3.50219 1.95000
v -0.37500 3.50219 1.95000
v -0.37500 1.00219 1.95000
v -0.12500 1.00219 1.95000
v -0.62500 3.50219 1.95000
v -0.87500 3.50219 1.95000
v -0.87500 1.00219 1.95000
v -0.62500 1.00219 1.95000
v 0.87500 3.50219 1.95000
v 0.62500 3.50219 1.95000
v 0.62500 1.00219 1.95000
v 0.87500 1.00219 1.95000
v 2.80000 3.50219 1.95000
v 2.20000 3.50219 1.95000
v 2.20000 1.00219 1.95000
v 2.80000 1.00219 1.95000
v -3.42500 -2.60000 0.20000
v -3.02500 -2.60000 0.20000
v -3.02500 -3.05000 0.20000
v -2.65000 -3.05000 0.20000
v -2.65000 -2.60000 0.20000
v -2.25000 -2.60000 0.20000
v -2.25000 -3.05000 0.20000
v -1.85000 -3.05000 0.20000
v -1.85000 -2.60000 0.20000
v -1.65000 -2.60000 0.20000
v -1.65000 -3.05000 0.20000
v -1.35000 -3.05000 0.20000
v -1.35000 -2.60000 0.20000
v -1.15000 -2.60000 0.20000
v -1.15000 -3.05000 0.20000
v -0.85000 -3.05000 0.20000
v -0.85000 -2.60000 0.20000
v -0.65000 -2.60000 0.20000
v -0.65000 -3.05000 0.20000
v -0.35000 -3.05000 0.20000
v -0.35000 -2.60000 0.20000
v -0.15000 -2.60000 0.20000
v -0.15000 -3.05000 0.20000
v 0.15000 -3.05000 0.20000
v 0.15000 -2.60000 0.20000
v 0.35000 -2.60000 0.20000
v 0.35000 -3.05000 0.20000
v 0.65000 -3.05000 0.20000
v 0.65000 -2.60000 0.20000
v 0.85000 -2.60000 0.20000
v 0.85000 -3.05000 0.20000
v 1.15000 -3.05000 0.20000
v 1.15000 -2.60000 0.20000
v 1.35000 -2.60000 0.20000
v 1.35000 -3.05000 0.20000
v 1.65000 -3.05000 0.20000
v 1.65000 -2.60000 0.20000
v 1.85000 -2.60000 0.20000
v 1.85000 -3.05000 0.20000
v 2.25000 -3.05000 0.20000
v 2.25000 -2.60000 0.20000
v 2.65000 -2.60000 0.20000
v 2.65000 -3.05000 0.20000
v 3.02500 -3.05000 0.20000
v 3.02500 -2.60000 0.20000
v 3.42500 -2.60000 0.20000
v 3.42500 -3.05000 0.20000
v 3.47000 -3.05000 0.20000
v 3.47000 -2.55000 0.20000
v -3.47000 -2.55000 0.20000
v -3.47000 -3.05000 0.20000
v -3.42500 -3.05000 0.20000
v 4.17000 -3.02000 -0.45000
v 4.17000 -3.02000 0.75000
v 4.17000 -2.65000 -0.82000
v 4.17000 -2.72218 -0.81289
v 4.17000 -2.79159 -0.79184
v 4.17000 -2.85556 -0.75764
v 4.17000 -2.91163 -0.71163
v 4.17000 -2.95764 -0.65556
v 4.17000 -2.99184 -0.59159
v 4.17000 -3.01289 -0.52218
v 4.17000 -2.40000 -0.82000
v 4.17000 -2.03000 -0.45000
v 4.17000 -2.03711 -0.52218
v 4.17000 -2.05816 -0.59159
v 4.17000 -2.09236 -0.65556
v 4.17000 -2.13837 -0.71163
v 4.17000 -2.19444 -0.75764
v 4.17000 -2.25841 -0.79184
v 4.17000 -2.32782 -0.81289
v 4.17000 -2.03000 0.75000
v -1.23502 -2.27938 2.95000
v -1.20514 -2.27432 2.95000
v -1.17653 -2.26432 2.95000
v -1.15000 -2.24967 2.95000
v -1.23502 -3.02000 2.95000
v -1.15000 -3.02000 2.95000
v 1.23502 -3.02000 2.95000
v 1.15000 -3.02000 2.95000
v 1.23502 -2.27938 2.95000
v 1.15000 -2.24967 2.95000
v 1.17653 -2.26432 2.95000
v 1.20514 -2.27432 2.95000
v -3.10000 -2.20000 2.95000
v -1.15000 -2.20000 2.95000
v -1.15000 -2.20000 1.93000
v -3.10000 -2.20000 1.93000
v 1.15000 -2.20000 2.95000
v 3.10000 -2.20000 2.95000
v 3.10000 -2.20000 1.93000
v 1.15000 -2.20000 1.93000
v -4.17000 -2.40000 -0.82000
v -4.17000 -2.32782 -0.81289
v -4.17000 -2.25841 -0.79184
v -4.17000 -2.19444 -0.75764
v -4.17000 -2.13837 -0.71163
v -4.17000 -2.09236 -0.65556
v -4.17000 -2.05816 -0.59159
v -4.17000 -2.03711 -0.52218
v -4.17000 -2.03000 -0.45000
v -4.17000 -2.65000 -0.82000
v -4.17000 -3.02000 -0.45000
v -4.17000 -3.01289 -0.52218
v -4.17000 -2.99184 -0.59159
v -4.17000 -2.95764 -0.65556
v -4.17000 -2.91163 -0.71163
v -4.17000 -2.85556 -0.75764
v -4.17000 -2.79159 -0.79184
v -4.17000 -2.72218 -0.81289
v -4.17000 -3.02000 0.75000
v -4.17000 -2.03000 0.75000
v -4.17000 4.22000 2.25000
v -4.17000 0.20000 2.25000
v -4.17000 4.22000 1.05000
v -4.17000 2.48000 1.05000
v -4.17000 2.48000 1.25000
v -4.17000 2.25000 1.48000
v -4.17000 2.29487 1.47558
v -4.17000 2.33802 1.46249
v -4.17000 2.37778 1.44124
v -4.17000 2.41263 1.41263
v -4.17000 2.44124 1.37778
v -4.17000 2.46249 1.33802
v -4.17000 2.47558 1.29487
v -4.17000 2.02000 1.25000
v -4.17000 2.02442 1.29487
v -4.17000 2.03751 1.33802
v -4.17000 2.05876 1.37778
v -4.17000 2.08737 1.41263
v -4.17000 2.12222 1.44124
v -4.17000 2.16198 1.46249
v -4.17000 2.20513 1.47558
v -4.17000 2.02000 -0.45000
v -4.17000 1.65000 -0.82000
v -4.17000 1.72218 -0.81289
v -4.17000 1.79159 -0.79184
v -4.17000 1.85556 -0.75764
v -4.17000 1.91163 -0.71163
v -4.17000 1.95764 -0.65556
v -4.17000 1.99184 -0.59159
v -4.17000 2.01289 -0.52218
v -4.17000 1.28000 -0.45000
v -4.17000 1.28711 -0.52218
v -4.17000 1.30816 -0.59159
v -4.17000 1.34236 -0.65556
v -4.17000 1.38837 -0.71163
v -4.17000 1.44444 -0.75764
v -4.17000 1.50841 -0.79184
v -4.17000 1.57782 -0.81289
v -4.17000 1.28000 -0.02002
v -4.17000 1.19446 0.10214
v -4.17000 1.21500 0.09256
v -4.17000 1.23356 0.07957
v -4.17000 1.24959 0.06354
v -4.17000 1.26258 0.04498
v -4.17000 1.27216 0.02444
v -4.17000 1.27803 0.00255
v -4.17000 0.72606 0.27262
v -4.17000 0.68000 0.33840
v -4.17000 0.68106 0.32625
v -4.17000 0.68422 0.31446
v -4.17000 0.68938 0.30340
v -4.17000 0.69638 0.29341
v -4.17000 0.70500 0.28478
v -4.17000 0.71500 0.27778
v -4.17000 0.68000 1.25000
v -4.17000 0.45000 1.48000
v -4.17000 0.49487 1.47558
v -4.17000 0.53802 1.46249
v -4.17000 0.57778 1.44124
v -4.17000 0.61263 1.41263
v -4.17000 0.64124 1.37778
v -4.17000 0.66249 1.33802
v -4.17000 0.67558 1.29487
v -4.17000 0.22000 1.25000
v -4.17000 0.22442 1.29487
v -4.17000 0.23751 1.33802
v -4.17000 0.25876 1.37778
v -4.17000 0.28737 1.41263
v -4.17000 0.32222 1.44124
v -4.17000 0.36198 1.46249
v -4.17000 0.40513 1.47558
v -4.17000 0.22000 1.05000
v -4.17000 0.20000 1.05000
v 3.47000 4.22000 2.95000
v 3.47000 0.20000 2.95000
v -3.47000 4.22000 2.95000
v -3.47000 0.20000 2.95000
v 4.17000 0.22000 1.05000
v 4.17000 0.20000 1.05000
v 4.17000 0.22000 1.25000
v 4.17000 0.45000 1.48000
v 4.17000 0.40513 1.47558
v 4.17000 0.36198 1.46249
v 4.17000 0.32222 1.44124
v 4.17000 0.28737 1.41263
v 4.17000 0.25876 1.37778
v 4.17000 0.23751 1.33802
v 4.17000 0.22442 1.29487
v 4.17000 0.68000 1.25000
v 4.17000 0.67558 1.29487
v 4.17000 0.66249 1.33802
v 4.17000 0.64124 1.37778
v 4.17000 0.61263 1.41263
v 4.17000 0.57778 1.44124
v 4.17000 0.53802 1.46249
v 4.17000 0.49487 1.47558
v 4.17000 0.68000 0.33840
v 4.17000 0.72606 0.27262
v 4.17000 0.71500 0.27778
v 4.17000 0.70500 0.28478
v 4.17000 0.69638 0.29341
v 4.17000 0.68938 0.30340
v 4.17000 0.68422 0.31446
v 4.17000 0.68106 0.32625
v 4.17000 1.19446 0.10214
v 4.17000 1.28000 -0.02002
v 4.17000 1.27803 0.00255
v 4.17000 1.27216 0.02444
v 4.17000 1.26258 0.04498
v 4.17000 1.24959 0.06354
v 4.17000 1.23356 0.07957
v 4.17000 1.21500 0.09256
v 4.17000 1.28000 -0.45000
v 4.17000 1.65000 -0.82000
v 4.17000 1.57782 -0.81289
v 4.17000 1.50841 -0.79184
v 4.17000 1.44444 -0.75764
v 4.17000 1.38837 -0.71163
v 4.17000 1.34236 -0.65556
v 4.17000 1.30816 -0.59159
v 4.17000 1.28711 -0.52218
v 4.17000 2.02000 -0.45000
v 4.17000 2.01289 -0.52218
v 4.17000 1.99184 -0.59159
v 4.17000 1.95764 -0.65556
v 4.17000 1.91163 -0.71163
v 4.17000 1.85556 -0.75764
v 4.17000 1.79159 -0.79184
v 4.17000 1.72218 -0.81289
v 4.17000 2.02000 1.25000
v 4.17000 2.25000 1.48000
v 4.17000 2.20513 1.47558
v 4.17000 2.16198 1.46249
v 4.17000 2.12222 1.44124
v 4.17000 2.08737 1.41263
v 4.17000 2.05876 1.37778
v 4.17000 2.03751 1.33802
v 4.17000 2.02442 1.29487
v 4.17000 2.48000 1.25000
v 4.17000 2.47558 1.29487
v 4.17000 2.46249 1.33802
v 4.17000 2.44124 1.37778
v 4.17000 2.41263 1.41263
v 4.17000 2.37778 1.44124
v 4.17000 2.33802 1.46249
v 4.17000 2.29487 1.47558
v 4.17000 2.48000 1.05000
v 4.17000 4.22000 1.05000
v 4.17000 4.22000 2.25000
v 4.17000 0.20000 2.25000
v -3.47000 0.22000 0.35000
v -3.47000 0.20000 0.35000
v -2.20000 0.22000 0.35000
v -1.87000 0.55000 0.35000
v -1.87634 0.48562 0.35000
v -1.89512 0.42371 0.35000
v -1.92562 0.36666 0.35000
v -1.96665 0.31665 0.35000
v -2.01666 0.27562 0.35000
v -2.07371 0.24512 0.35000
v -2.13562 0.22634 0.35000
v -1.87000 2.15000 0.35000
v -2.20000 2.48000 0.35000
v -2.13562 2.47366 0.35000
v -2.07371 2.45488 0.35000
v -2.01666 2.42438 0.35000
v -1.96665 2.38335 0.35000
v -1.92562 2.33334 0.35000
v -1.89512 2.27629 0.35000
v -1.87634 2.21438 0.35000
v -3.47000 2.48000 0.35000
v -3.47000 4.22000 0.35000
v 3.47000 4.22000 0.35000
v 3.47000 2.48000 0.35000
v 2.20000 2.48000 0.35000
v 1.87000 2.15000 0.35000
v 1.87634 2.21438 0.35000
v 1.89512 2.27629 0.35000
v 1.92562 2.33334 0.35000
v 1.96665 2.38335 0.35000
v 2.01666 2.42438 0.35000
v 2.07371 2.45488 0.35000
v 2.13562 2.47366 0.35000
v 1.87000 0.55000 0.35000
v 2.20000 0.22000 0.35000
v 2.13562 0.22634 0.35000
v 2.07371 0.24512 0.35000
v 2.01666 0.27562 0.35000
v 1.96665 0.31665 0.35000
v 1.92562 0.36666 0.35000
v 1.89512 0.42371 0.35000
v 1.87634 0.48562 0.35000
v 3.47000 0.22000 0.35000
v 3.47000 0.20000 0.35000
v -1.23502 -3.05000 2.98000
v 1.23502 -3.05000 2.98000
v -1.23502 -3.05000 3.22000
v 1.23502 -3.05000 3.22000
v -3.47000 -3.05000 2.98000
v -3.25000 -3.05000 2.98000
v -4.20000 -3.05000 2.25000
v -4.18597 -3.05000 2.39242
v -4.14443 -3.05000 2.52936
v -4.07697 -3.05000 2.65557
v -3.98619 -3.05000 2.76619
v -3.87557 -3.05000 2.85697
v -3.74936 -3.05000 2.92443
v -3.61242 -3.05000 2.96597
v -4.20000 -3.05000 -0.45000
v -4.44000 -3.05000 -0.45000
v -4.44000 -3.05000 2.25000
v -3.47000 -3.05000 3.22000
v -3.65924 -3.05000 3.20136
v -3.84120 -3.05000 3.14616
v -4.00890 -3.05000 3.05653
v -4.15589 -3.05000 2.93589
v -4.27653 -3.05000 2.78890
v -4.36616 -3.05000 2.62120
v -4.42136 -3.05000 2.43924
v -3.25000 -3.05000 3.22000
v -4.20000 -1.80000 1.45000
v -4.44000 -1.80000 1.45000
v -4.44000 -1.75000 1.45000
v -4.20000 -1.75000 1.45000
v 4.20000 -1.75000 1.45000
v 4.44000 -1.75000 1.45000
v 4.44000 -1.80000 1.45000
v 4.20000 -1.80000 1.45000
v -4.47000 0.22000 1.05000
v -4.47000 -1.52000 1.05000
v -4.45079 0.22000 0.85491
v -4.39388 0.22000 0.66732
v -4.30147 0.22000 0.49443
v -4.17711 0.22000 0.34289
v -4.02557 0.22000 0.21853
v -3.85268 0.22000 0.12612
v -3.66509 0.22000 0.06921
v -3.47000 0.22000 0.05000
v -3.47000 -1.52000 0.05000
v -3.66509 -1.52000 0.06921
v -3.85268 -1.52000 0.12612
v -4.02557 -1.52000 0.21853
v -4.17711 -1.52000 0.34289
v -4.30147 -1.52000 0.49443
v -4.39388 -1.52000 0.66732
v -4.45079 -1.52000 0.85491
v -4.17000 0.22000 1.05000
v -4.17000 0.20000 1.05000
v -3.47000 0.22000 0.35000
v -3.60656 0.22000 0.36345
v -3.73788 0.22000 0.40328
v -3.85890 0.22000 0.46797
v -3.96497 0.22000 0.55503
v -4.05203 0.22000 0.66110
v -4.11672 0.22000 0.78212
v -4.15655 0.22000 0.91344
v -3.47000 0.20000 0.35000
v -4.15655 0.20000 0.91344
v -4.11672 0.20000 0.78212
v -4.05203 0.20000 0.66110
v -3.96497 0.20000 0.55503
v -3.85890 0.20000 0.46797
v -3.73788 0.20000 0.40328
v -3.60656 0.20000 0.36345
v 4.20000 -3.05000 2.25000
v 4.20000 -3.05000 -0.45000
v 3.47000 -3.05000 2.98000
v 3.61242 -3.05000 2.96597
v 3.74936 -3.05000 2.92443
v 3.87557 -3.05000 2.85697
v 3.98619 -3.05000 2.76619
v 4.07697 -3.05000 2.65557
v 4.14443 -3.05000 2.52936
v 4.18597 -3.05000 2.39242
v 3.25000 -3.05000 2.98000
v 3.25000 -3.05000 3.22000
v 3.47000 -3.05000 3.22000
v 4.44000 -3.05000 2.25000
v 4.42136 -3.05000 2.43924
v 4.36616 -3.05000 2.62120
v 4.27653 -3.05000 2.78890
v 4.15589 -3.05000 2.93589
v 4.00890 -3.05000 3.05653
v 3.84120 -3.05000 3.14616
v 3.65924 -3.05000 3.20136
v 4.44000 -3.05000 -0.45000
v 4.17000 4.22000 1.05000
v 4.15655 4.22000 0.91344
v 4.11672 4.22000 0.78212
v 4.05203 4.22000 0.66110
v 3.96497 4.22000 0.55503
v 3.85890 4.22000 0.46797
v 3.73788 4.22000 0.40328
v 3.60656 4.22000 0.36345
v 3.47000 4.22000 0.35000
v 4.17000 2.48000 1.05000
v 3.47000 2.48000 0.35000
v 3.60656 2.48000 0.36345
v 3.73788 2.48000 0.40328
v 3.85890 2.48000 0.46797
v 3.96497 2.48000 0.55503
v 4.05203 2.48000 0.66110
v 4.11672 2.48000 0.78212
v 4.15655 2.48000 0.91344
v 4.47000 4.22000 1.05000
v 4.47000 2.48000 1.05000
v 4.45079 2.48000 0.85491
v 4.39388 2.48000 0.66732
v 4.30147 2.48000 0.49443
v 4.17711 2.48000 0.34289
v 4.02557 2.48000 0.21853
v 3.85268 2.48000 0.12612
v 3.66509 2.48000 0.06921
v 3.47000 2.48000 0.05000
v 3.47000 4.22000 0.05000
v 3.66509 4.22000 0.06921
v 3.85268 4.22000 0.12612
v 4.02557 4.22000 0.21853
v 4.17711 4.22000 0.34289
v 4.30147 4.22000 0.49443
v 4.39388 4.22000 0.66732
v 4.45079 4.22000 0.85491
v -4.44000 4.25000 1.05000
v -4.44000 4.25000 2.25000
v -3.47000 4.25000 0.08000
v -3.65924 4.25000 0.09864
v -3.84120 4.25000 0.15384
v -4.00890 4.25000 0.24347
v -4.15589 4.25000 0.36411
v -4.27653 4.25000 0.51110
v -4.36616 4.25000 0.67880
v -4.42136 4.25000 0.86076
v 3.47000 4.25000 0.08000
v 4.44000 4.25000 1.05000
v 4.42136 4.25000 0.86076
v 4.36616 4.25000 0.67880
v 4.27653 4.25000 0.51110
v 4.15589 4.25000 0.36411
v 4.00890 4.25000 0.24347
v 3.84120 4.25000 0.15384
v 3.65924 4.25000 0.09864
v 4.44000 4.25000 2.25000
v 3.47000 4.25000 3.22000
v 3.65924 4.25000 3.20136
v 3.84120 4.25000 3.14616
v 4.00890 4.25000 3.05653
v 4.15589 4.25000 2.93589
v 4.27653 4.25000 2.78890
v 4.36616 4.25000 2.62120
v 4.42136 4.25000 2.43924
v -3.47000 4.25000 3.22000
v -4.42136 4.25000 2.43924
v -4.36616 4.25000 2.62120
v -4.27653 4.25000 2.78890
v -4.15589 4.25000 2.93589
v -4.00890 4.25000 3.05653
v -3.84120 4.25000 3.14616
v -3.65924 4.25000 3.20136
v 3.47000 4.25000 2.98000
v -3.47000 4.25000 2.98000
v 4.20000 4.25000 2.25000
v 4.18597 4.25000 2.39242
v 4.14443 4.25000 2.52936
v 4.07697 4.25000 2.65557
v 3.98619 4.25000 2.76619
v 3.87557 4.25000 2.85697
v 3.74936 4.25000 2.92443
v 3.61242 4.25000 2.96597
v 4.20000 4.25000 1.05000
v 3.47000 4.25000 0.32000
v 3.61242 4.25000 0.33403
v 3.74936 4.25000 0.37557
v 3.87557 4.25000 0.44303
v 3.98619 4.25000 0.53381
v 4.07697 4.25000 0.64443
v 4.14443 4.25000 0.77064
v 4.18597 4.25000 0.90758
v -3.47000 4.25000 0.32000
v -4.20000 4.25000 1.05000
v -4.18597 4.25000 0.90758
v -4.14443 4.25000 0.77064
v -4.07697 4.25000 0.64443
v -3.98619 4.25000 0.53381
v -3.87557 4.25000 0.44303
v -3.74936 4.25000 0.37557
v -3.61242 4.25000 0.33403
v -4.20000 4.25000 2.25000
v -3.61242 4.25000 2.96597
v -3.74936 4.25000 2.92443
v -3.87557 4.25000 2.85697
v -3.98619 4.25000 2.76619
v -4.07697 4.25000 2.65557
v -4.14443 4.25000 2.52936
v -4.18597 4.25000 2.39242
v 3.13000 -2.10000 3.25000
v 3.13000 -2.90000 3.25000
v 2.95000 -1.92000 3.25000
v 2.98512 -1.92346 3.25000
v 3.01888 -1.93370 3.25000
v 3.05000 -1.95034 3.25000
v 3.07728 -1.97272 3.25000
v 3.09966 -2.00000 3.25000
v 3.11630 -2.03112 3.25000
v 3.12654 -2.06488 3.25000
v 1.25000 -1.92000 3.25000
v 1.07000 -2.10000 3.25000
v 1.07346 -2.06488 3.25000
v 1.08370 -2.03112 3.25000
v 1.10034 -2.00000 3.25000
v 1.12272 -1.97272 3.25000
v 1.15000 -1.95034 3.25000
v 1.18112 -1.93370 3.25000
v 1.21488 -1.92346 3.25000
v 1.23502 -2.27938 3.25000
v 1.20211 -2.27351 3.25000
v 1.17086 -2.26167 3.25000
v 1.14234 -2.24426 3.25000
v 1.11753 -2.22187 3.25000
v 1.09728 -2.19528 3.25000
v 1.08230 -2.16540 3.25000
v 1.07310 -2.13328 3.25000
v 1.23502 -3.02000 3.25000
v -1.23502 -3.02000 3.25000
v -1.23502 -2.27938 3.25000
v -1.07000 -2.10000 3.25000
v -1.07310 -2.13328 3.25000
v -1.08230 -2.16540 3.25000
v -1.09728 -2.19528 3.25000
v -1.11753 -2.22187 3.25000
v -1.14234 -2.24426 3.25000
v -1.17086 -2.26167 3.25000
v -1.20211 -2.27351 3.25000
v -1.25000 -1.92000 3.25000
v -1.21488 -1.92346 3.25000
v -1.18112 -1.93370 3.25000
v -1.15000 -1.95034 3.25000
v -1.12272 -1.97272 3.25000
v -1.10034 -2.00000 3.25000
v -1.08370 -2.03112 3.25000
v -1.07346 -2.06488 3.25000
v -2.95000 -1.92000 3.25000
v -3.13000 -2.10000 3.25000
v -3.12654 -2.06488 3.25000
v -3.11630 -2.03112 3.25000
v -3.09966 -2.00000 3.25000
v -3.07728 -1.97272 3.25000
v -3.05000 -1.95034 3.25000
v -3.01888 -1.93370 3.25000
v -2.98512 -1.92346 3.25000
v -3.13000 -2.90000 3.25000
v -3.25000 -3.02000 3.25000
v -3.22659 -3.01769 3.25000
v -3.20408 -3.01087 3.25000
v -3.18333 -2.99978 3.25000
v -3.16515 -2.98485 3.25000
v -3.15022 -2.96667 3.25000
v -3.13913 -2.94592 3.25000
v -3.13231 -2.92341 3.25000
v -3.47000 -3.02000 3.25000
v -3.47000 4.22000 3.25000
v 3.47000 4.22000 3.25000
v 3.47000 -3.02000 3.25000
v 3.25000 -3.02000 3.25000
v 3.13231 -2.92341 3.25000
v 3.13913 -2.94592 3.25000
v 3.15022 -2.96667 3.25000
v 3.16515 -2.98485 3.25000
v 3.18333 -2.99978 3.25000
v 3.20408 -3.01087 3.25000
v 3.22659 -3.01769 3.25000
v 4.47000 -1.80000 1.48000
v 4.47000 -1.75000 1.48000
v 4.47000 -2.03000 1.25000
v 4.47000 -2.02558 1.29487
v 4.47000 -2.01249 1.33802
v 4.47000 -1.99124 1.37778
v 4.47000 -1.96263 1.41263
v 4.47000 -1.92778 1.44124
v 4.47000 -1.88802 1.46249
v 4.47000 -1.84487 1.47558
v 4.47000 -2.03000 -0.45000
v 4.47000 -2.40000 -0.82000
v 4.47000 -2.32782 -0.81289
v 4.47000 -2.25841 -0.79184
v 4.47000 -2.19444 -0.75764
v 4.47000 -2.13837 -0.71163
v 4.47000 -2.09236 -0.65556
v 4.47000 -2.05816 -0.59159
v 4.47000 -2.03711 -0.52218
v 4.47000 -2.65000 -0.82000
v 4.47000 -3.02000 -0.45000
v 4.47000 -3.01289 -0.52218
v 4.47000 -2.99184 -0.59159
v 4.47000 -2.95764 -0.65556
v 4.47000 -2.91163 -0.71163
v 4.47000 -2.85556 -0.75764
v 4.47000 -2.79159 -0.79184
v 4.47000 -2.72218 -0.81289
v 4.47000 -3.02000 2.25000
v 4.47000 4.22000 2.25000
v 4.47000 4.22000 1.05000
v 4.47000 2.48000 1.05000
v 4.47000 2.48000 1.25000
v 4.47000 2.25000 1.48000
v 4.47000 2.29487 1.47558
v 4.47000 2.33802 1.46249
v 4.47000 2.37778 1.44124
v 4.47000 2.41263 1.41263
v 4.47000 2.44124 1.37778
v 4.47000 2.46249 1.33802
v 4.47000 2.47558 1.29487
v 4.47000 2.02000 1.25000
v 4.47000 2.02442 1.29487
v 4.47000 2.03751 1.33802
v 4.47000 2.05876 1.37778
v 4.47000 2.08737 1.41263
v 4.47000 2.12222 1.44124
v 4.47000 2.16198 1.46249
v 4.47000 2.20513 1.47558
v 4.47000 2.02000 -0.45000
v 4.47000 1.65000 -0.82000
v 4.47000 1.72218 -0.81289
v 4.47000 1.79159 -0.79184
v 4.47000 1.85556 -0.75764
v 4.47000 1.91163 -0.71163
v 4.47000 1.95764 -0.65556
v 4.47000 1.99184 -0.59159
v 4.47000 2.01289 -0.52218
v 4.47000 1.28000 -0.45000
v 4.47000 1.28711 -0.52218
v 4.47000 1.30816 -0.59159
v 4.47000 1.34236 -0.65556
v 4.47000 1.38837 -0.71163
v 4.47000 1.44444 -0.75764
v 4.47000 1.50841 -0.79184
v 4.47000 1.57782 -0.81289
v 4.47000 1.28000 -0.02002
v 4.47000 1.19446 0.10214
v 4.47000 1.21500 0.09256
v 4.47000 1.23356 0.07957
v 4.47000 1.24959 0.06354
v 4.47000 1.26258 0.04498
v 4.47000 1.27216 0.02444
v 4.47000 1.27803 0.00255
v 4.47000 0.72606 0.27262
v 4.47000 0.68000 0.33840
v 4.47000 0.68106 0.32625
v 4.47000 0.68422 0.31446
v 4.47000 0.68938 0.30340
v 4.47000 0.69638 0.29341
v 4.47000 0.70500 0.28478
v 4.47000 0.71500 0.27778
v 4.47000 0.68000 1.25000
v 4.47000 0.45000 1.48000
v 4.47000 0.49487 1.47558
v 4.47000 0.53802 1.46249
v 4.47000 0.57778 1.44124
v 4.47000 0.61263 1.41263
v 4.47000 0.64124 1.37778
v 4.47000 0.66249 1.33802
v 4.47000 0.67558 1.29487
v 4.47000 0.22000 1.25000
v 4.47000 0.22442 1.29487
v 4.47000 0.23751 1.33802
v 4.47000 0.25876 1.37778
v 4.47000 0.28737 1.41263
v 4.47000 0.32222 1.44124
v 4.47000 0.36198 1.46249
v 4.47000 0.40513 1.47558
v 4.47000 0.22000 1.05000
v 4.47000 -1.52000 1.05000
v 4.47000 -1.52000 1.25000
v 4.47000 -1.70513 1.47558
v 4.47000 -1.66198 1.46249
v 4.47000 -1.62222 1.44124
v 4.47000 -1.58737 1.41263
v 4.47000 -1.55876 1.37778
v 4.47000 -1.53751 1.33802
v 4.47000 -1.52442 1.29487
v -4.47000 0.68000 1.25000
v -4.47000 0.67558 1.29487
v -4.47000 0.66249 1.33802
v -4.47000 0.64124 1.37778
v -4.47000 0.61263 1.41263
v -4.47000 0.57778 1.44124
v -4.47000 0.53802 1.46249
v -4.47000 0.49487 1.47558
v -4.47000 0.45000 1.48000
v -4.47000 0.68000 0.33840
v -4.47000 0.72606 0.27262
v -4.47000 0.71500 0.27778
v -4.47000 0.70500 0.28478
v -4.47000 0.69638 0.29341
v -4.47000 0.68938 0.30340
v -4.47000 0.68422 0.31446
v -4.47000 0.68106 0.32625
v -4.47000 1.19446 0.10214
v -4.47000 1.28000 -0.02002
v -4.47000 1.27803 0.00255
v -4.47000 1.27216 0.02444
v -4.47000 1.26258 0.04498
v -4.47000 1.24959 0.06354
v -4.47000 1.23356 0.07957
v -4.47000 1.21500 0.09256
v -4.47000 1.28000 -0.45000
v -4.47000 1.65000 -0.82000
v -4.47000 1.57782 -0.81289
v -4.47000 1.50841 -0.79184
v -4.47000 1.44444 -0.75764
v -4.47000 1.38837 -0.71163
v -4.47000 1.34236 -0.65556
v -4.47000 1.30816 -0.59159
v -4.47000 1.28711 -0.52218
v -4.47000 2.02000 -0.45000
v -4.47000 2.01289 -0.52218
v -4.47000 1.99184 -0.59159
v -4.47000 1.95764 -0.65556
v -4.47000 1.91163 -0.71163
v -4.47000 1.85556 -0.75764
v -4.47000 1.79159 -0.79184
v -4.47000 1.72218 -0.81289
v -4.47000 2.02000 1.25000
v -4.47000 2.25000 1.48000
v -4.47000 2.20513 1.47558
v -4.47000 2.16198 1.46249
v -4.47000 2.12222 1.44124
v -4.47000 2.08737 1.41263
v -4.47000 2.05876 1.37778
v -4.47000 2.03751 1.33802
v -4.47000 2.02442 1.29487
v -4.47000 2.48000 1.25000
v -4.47000 2.47558 1.29487
v -4.47000 2.46249 1.33802
v -4.47000 2.44124 1.37778
v -4.47000 2.41263 1.41263
v -4.47000 2.37778 1.44124
v -4.47000 2.33802 1.46249
v -4.47000 2.29487 1.47558
v -4.47000 2.48000 1.05000
v -4.47000 4.22000 1.05000
v -4.47000 4.22000 2.25000
v -4.47000 -3.02000 2.25000
v -4.47000 -3.02000 -0.45000
v -4.47000 -2.65000 -0.82000
v -4.47000 -2.72218 -0.81289
v -4.47000 -2.79159 -0.79184
v -4.47000 -2.85556 -0.75764
v -4.47000 -2.91163 -0.71163
v -4.47000 -2.95764 -0.65556
v -4.47000 -2.99184 -0.59159
v -4.47000 -3.01289 -0.52218
v -4.47000 -2.40000 -0.82000
v -4.47000 -2.03000 -0.45000
v -4.47000 -2.03711 -0.52218
v -4.47000 -2.05816 -0.59159
v -4.47000 -2.09236 -0.65556
v -4.47000 -2.13837 -0.71163
v -4.47000 -2.19444 -0.75764
v -4.47000 -2.25841 -0.79184
v -4.47000 -2.32782 -0.81289
v -4.47000 -2.03000 1.25000
v -4.47000 -1.80000 1.48000
v -4.47000 -1.84487 1.47558
v -4.47000 -1.88802 1.46249
v -4.47000 -1.92778 1.44124
v -4.47000 -1.96263 1.41263
v -4.47000 -1.99124 1.37778
v -4.47000 -2.01249 1.33802
v -4.47000 -2.02558 1.29487
v -4.47000 -1.75000 1.48000
v -4.47000 -1.52000 1.25000
v -4.47000 -1.52442 1.29487
v -4.47000 -1.53751 1.33802
v -4.47000 -1.55876 1.37778
v -4.47000 -1.58737 1.41263
v -4.47000 -1.62222 1.44124
v -4.47000 -1.66198 1.46249
v -4.47000 -1.70513 1.47558
v -4.47000 -1.52000 1.05000
v -4.47000 0.22000 1.05000
v -4.47000 0.22000 1.25000
v -4.47000 0.40513 1.47558
v -4.47000 0.36198 1.46249
v -4.47000 0.32222 1.44124
v -4.47000 0.28737 1.41263
v -4.47000 0.25876 1.37778
v -4.47000 0.23751 1.33802
v -4.47000 0.22442 1.29487
v -4.47000 4.22000 2.25000
v -4.47000 -3.02000 2.25000
v -4.45079 -3.02000 2.44509
v -4.39388 -3.02000 2.63268
v -4.30147 -3.02000 2.80557
v -4.17711 -3.02000 2.95711
v -4.02557 -3.02000 3.08147
v -3.85268 -3.02000 3.17388
v -3.66509 -3.02000 3.23079
v -3.47000 -3.02000 3.25000
v -3.47000 4.22000 3.25000
v -3.66509 4.22000 3.23079
v -3.85268 4.22000 3.17388
v -4.02557 4.22000 3.08147
v -4.17711 4.22000 2.95711
v -4.30147 4.22000 2.80557
v -4.39388 4.22000 2.63268
v -4.45079 4.22000 2.44509
v -4.47000 4.22000 1.05000
v -4.47000 2.48000 1.05000
v -4.45079 4.22000 0.85491
v -4.39388 4.22000 0.66732
v -4.30147 4.22000 0.49443
v -4.17711 4.22000 0.34289
v -4.02557 4.22000 0.21853
v -3.85268 4.22000 0.12612
v -3.66509 4.22000 0.06921
v -3.47000 4.22000 0.05000
v -3.47000 2.48000 0.05000
v -3.66509 2.48000 0.06921
v -3.85268 2.48000 0.12612
v -4.02557 2.48000 0.21853
v -4.17711 2.48000 0.34289
v -4.30147 2.48000 0.49443
v -4.39388 2.48000 0.66732
v -4.45079 2.48000 0.85491
v -3.47000 4.22000 0.35000
v -3.60656 4.22000 0.36345
v -3.73788 4.22000 0.40328
v -3.85890 4.22000 0.46797
v -3.96497 4.22000 0.55503
v -4.05203 4.22000 0.66110
v -4.11672 4.22000 0.78212
v -4.15655 4.22000 0.91344
v -4.17000 4.22000 1.05000
v -3.47000 2.48000 0.35000
v -4.17000 2.48000 1.05000
v -4.15655 2.48000 0.91344
v -4.11672 2.48000 0.78212
v -4.05203 2.48000 0.66110
v -3.96497 2.48000 0.55503
v -3.85890 2.48000 0.46797
v -3.73788 2.48000 0.40328
v -3.60656 2.48000 0.36345
v -4.17000 4.22000 2.25000
v -4.15655 4.22000 2.38656
v -4.11672 4.22000 2.51788
v -4.05203 4.22000 2.63890
v -3.96497 4.22000 2.74497
v -3.85890 4.22000 2.83203
v -3.73788 4.22000 2.89672
v -3.60656 4.22000 2.93655
v -3.47000 4.22000 2.95000
v -4.17000 0.20000 2.25000
v -3.47000 0.20000 2.95000
v -3.60656 0.20000 2.93655
v -3.73788 0.20000 2.89672
v -3.85890 0.20000 2.83203
v -3.96497 0.20000 2.74497
v -4.05203 0.20000 2.63890
v -4.11672 0.20000 2.51788
v -4.15655 0.20000 2.38656
v 3.47000 4.22000 2.95000
v 3.60656 4.22000 2.93655
v 3.73788 4.22000 2.89672
v 3.85890 4.22000 2.83203
v 3.96497 4.22000 2.74497
v 4.05203 4.22000 2.63890
v 4.11672 4.22000 2.51788
v 4.15655 4.22000 2.38656
v 4.17000 4.22000 2.25000
v 3.47000 0.20000 2.95000
v 4.17000 0.20000 2.25000
v 4.15655 0.20000 2.38656
v 4.11672 0.20000 2.51788
v 4.05203 0.20000 2.63890
v 3.96497 0.20000 2.74497
v 3.85890 0.20000 2.83203
v 3.73788 0.20000 2.89672
v 3.60656 0.20000 2.93655
v 4.17000 0.22000 1.05000
v 4.15655 0.22000 0.91344
v 4.11672 0.22000 0.78212
v 4.05203 0.22000 0.66110
v 3.96497 0.22000 0.55503
v 3.85890 0.22000 0.46797
v 3.73788 0.22000 0.40328
v 3.60656 0.22000 0.36345
v 3.47000 0.22000 0.35000
v 4.17000 0.20000 1.05000
v 3.47000 0.20000 0.35000
v 3.60656 0.20000 0.36345
v 3.73788 0.20000 0.40328
v 3.85890 0.20000 0.46797
v 3.96497 0.20000 0.55503
v 4.05203 0.20000 0.66110
v 4.11672 0.20000 0.78212
v 4.15655 0.20000 0.91344
v 3.47000 0.22000 0.05000
v 3.47000 -1.52000 0.05000
v 3.66509 0.22000 0.06921
v 3.85268 0.22000 0.12612
v 4.02557 0.22000 0.21853
v 4.17711 0.22000 0.34289
v 4.30147 0.22000 0.49443
v 4.39388 0.22000 0.66732
v 4.45079 0.22000 0.85491
v 4.47000 0.22000 1.05000
v 4.47000 -1.52000 1.05000
v 4.45079 -1.52000 0.85491
v 4.39388 -1.52000 0.66732
v 4.30147 -1.52000 0.49443
v 4.17711 -1.52000 0.34289
v 4.02557 -1.52000 0.21853
v 3.85268 -1.52000 0.12612
v 3.66509 -1.52000 0.06921
v 3.47000 4.22000 3.25000
v 3.47000 -3.02000 3.25000
v 3.66509 -3.02000 3.23079
v 3.85268 -3.02000 3.17388
v 4.02557 -3.02000 3.08147
v 4.17711 -3.02000 2.95711
v 4.30147 -3.02000 2.80557
v 4.39388 -3.02000 2.63268
v 4.45079 -3.02000 2.44509
v 4.47000 -3.02000 2.25000
v 4.47000 4.22000 2.25000
v 4.45079 4.22000 2.44509
v 4.39388 4.22000 2.63268
v 4.30147 4.22000 2.80557
v 4.17711 4.22000 2.95711
v 4.02557 4.22000 3.08147
v 3.85268 4.22000 3.17388
v 3.66509 4.22000 3.23079
v 2.20000 2.45000 0.32000
v 2.14147 2.44424 0.32000
v 2.08519 2.42716 0.32000
v 2.03333 2.39944 0.32000
v 1.98787 2.36213 0.32000
v 1.95056 2.31667 0.32000
v 1.92284 2.26481 0.32000
v 1.90576 2.20853 0.32000
v 1.90000 2.15000 0.32000
v 2.20000 2.45000 0.08000
v 1.90000 2.15000 0.08000
v 1.90576 2.20853 0.08000
v 1.92284 2.26481 0.08000
v 1.95056 2.31667 0.08000
v 1.98787 2.36213 0.08000
v 2.03333 2.39944 0.08000
v 2.08519 2.42716 0.08000
v 2.14147 2.44424 0.08000
v 1.90000 2.15000 0.32000
v 1.90000 0.55000 0.32000
v 1.90000 2.15000 0.08000
v 1.90000 0.55000 0.08000
v 1.90000 0.55000 0.32000
v 1.90576 0.49147 0.32000
v 1.92284 0.43519 0.32000
v 1.95056 0.38333 0.32000
v 1.98787 0.33787 0.32000
v 2.03333 0.30056 0.32000
v 2.08519 0.27284 0.32000
v 2.14147 0.25576 0.32000
v 2.20000 0.25000 0.32000
v 1.90000 0.55000 0.08000
v 2.20000 0.25000 0.08000
v 2.14147 0.25576 0.08000
v 2.08519 0.27284 0.08000
v 2.03333 0.30056 0.08000
v 1.98787 0.33787 0.08000
v 1.95056 0.38333 0.08000
v 1.92284 0.43519 0.08000
v 1.90576 0.49147 0.08000
v 3.47000 2.45000 0.32000
v 2.20000 2.45000 0.32000
v 4.20000 2.45000 1.05000
v 4.18597 2.45000 0.90758
v 4.14443 2.45000 0.77064
v 4.07697 2.45000 0.64443
v 3.98619 2.45000 0.53381
v 3.87557 2.45000 0.44303
v 3.74936 2.45000 0.37557
v 3.61242 2.45000 0.33403
v 4.20000 2.45000 1.25000
v 4.44000 2.45000 1.25000
v 4.44000 2.45000 1.05000
v 3.47000 2.45000 0.08000
v 3.65924 2.45000 0.09864
v 3.84120 2.45000 0.15384
v 4.00890 2.45000 0.24347
v 4.15589 2.45000 0.36411
v 4.27653 2.45000 0.51110
v 4.36616 2.45000 0.67880
v 4.42136 2.45000 0.86076
v 2.20000 2.45000 0.08000
v 4.20000 0.25000 1.05000
v 4.20000 0.25000 1.25000
v 3.47000 0.25000 0.32000
v 3.61242 0.25000 0.33403
v 3.74936 0.25000 0.37557
v 3.87557 0.25000 0.44303
v 3.98619 0.25000 0.53381
v 4.07697 0.25000 0.64443
v 4.14443 0.25000 0.77064
v 4.18597 0.25000 0.90758
v 2.20000 0.25000 0.32000
v 2.20000 0.25000 0.08000
v 3.47000 0.25000 0.08000
v 4.44000 0.25000 1.05000
v 4.42136 0.25000 0.86076
v 4.36616 0.25000 0.67880
v 4.27653 0.25000 0.51110
v 4.15589 0.25000 0.36411
v 4.00890 0.25000 0.24347
v 3.84120 0.25000 0.15384
v 3.65924 0.25000 0.09864
v 4.44000 0.25000 1.25000
v 4.44000 -1.55000 1.05000
v 4.44000 -1.55000 1.25000
v 3.47000 -1.55000 0.08000
v 3.65924 -1.55000 0.09864
v 3.84120 -1.55000 0.15384
v 4.00890 -1.55000 0.24347
v 4.15589 -1.55000 0.36411
v 4.27653 -1.55000 0.51110
v 4.36616 -1.55000 0.67880
v 4.42136 -1.55000 0.86076
v -3.47000 -1.55000 0.08000
v -4.44000 -1.55000 1.05000
v -4.42136 -1.55000 0.86076
v -4.36616 -1.55000 0.67880
v -4.27653 -1.55000 0.51110
v -4.15589 -1.55000 0.36411
v -4.00890 -1.55000 0.24347
v -3.84120 -1.55000 0.15384
v -3.65924 -1.55000 0.09864
v -4.44000 -1.55000 1.25000
v -4.20000 -1.55000 1.25000
v -4.20000 -1.55000 1.05000
v -3.47000 -1.55000 0.32000
v -3.61242 -1.55000 0.33403
v -3.74936 -1.55000 0.37557
v -3.87557 -1.55000 0.44303
v -3.98619 -1.55000 0.53381
v -4.07697 -1.55000 0.64443
v -4.14443 -1.55000 0.77064
v -4.18597 -1.55000 0.90758
v 3.47000 -1.55000 0.32000
v 4.20000 -1.55000 1.05000
v 4.18597 -1.55000 0.90758
v 4.14443 -1.55000 0.77064
v 4.07697 -1.55000 0.64443
v 3.98619 -1.55000 0.53381
v 3.87557 -1.55000 0.44303
v 3.74936 -1.55000 0.37557
v 3.61242 -1.55000 0.33403
v 4.20000 -1.55000 1.25000
v -3.47000 0.25000 0.32000
v -2.20000 0.25000 0.32000
v -4.20000 0.25000 1.05000
v -4.18597 0.25000 0.90758
v -4.14443 0.25000 0.77064
v -4.07697 0.25000 0.64443
v -3.98619 0.25000 0.53381
v -3.87557 0.25000 0.44303
v -3.74936 0.25000 0.37557
v -3.61242 0.25000 0.33403
v -4.20000 0.25000 1.25000
v -4.44000 0.25000 1.25000
v -4.44000 0.25000 1.05000
v -3.47000 0.25000 0.08000
v -3.65924 0.25000 0.09864
v -3.84120 0.25000 0.15384
v -4.00890 0.25000 0.24347
v -4.15589 0.25000 0.36411
v -4.27653 0.25000 0.51110
v -4.36616 0.25000 0.67880
v -4.42136 0.25000 0.86076
v -2.20000 0.25000 0.08000
v -2.20000 0.25000 0.32000
v -2.14147 0.25576 0.32000
v -2.08519 0.27284 0.32000
v -2.03333 0.30056 0.32000
v -1.98787 0.33787 0.32000
v -1.95056 0.38333 0.32000
v -1.92284 0.43519 0.32000
v -1.90576 0.49147 0.32000
v -1.90000 0.55000 0.32000
v -2.20000 0.25000 0.08000
v -1.90000 0.55000 0.08000
v -1.90576 0.49147 0.08000
v -1.92284 0.43519 0.08000
v -1.95056 0.38333 0.08000
v -1.98787 0.33787 0.08000
v -2.03333 0.30056 0.08000
v -2.08519 0.27284 0.08000
v -2.14147 0.25576 0.08000
v -1.90000 0.55000 0.32000
v -1.90000 2.15000 0.32000
v -1.90000 0.55000 0.08000
v -1.90000 2.15000 0.08000
v -1.90000 2.15000 0.32000
v -1.90576 2.20853 0.32000
v -1.92284 2.26481 0.32000
v -1.95056 2.31667 0.32000
v -1.98787 2.36213 0.32000
v -2.03333 2.39944 0.32000
v -2.08519 2.42716 0.32000
v -2.14147 2.44424 0.32000
v -2.20000 2.45000 0.32000
v -1.90000 2.15000 0.08000
v -2.20000 2.45000 0.08000
v -2.14147 2.44424 0.08000
v -2.08519 2.42716 0.08000
v -2.03333 2.39944 0.08000
v -1.98787 2.36213 0.08000
v -1.95056 2.31667 0.08000
v -1.92284 2.26481 0.08000
v -1.90576 2.20853 0.08000
v -3.47000 2.45000 0.08000
v -2.20000 2.45000 0.08000
v -4.44000 2.45000 1.05000
v -4.42136 2.45000 0.86076
v -4.36616 2.45000 0.67880
v -4.27653 2.45000 0.51110
v -4.15589 2.45000 0.36411
v -4.00890 2.45000 0.24347
v -3.84120 2.45000 0.15384
v -3.65924 2.45000 0.09864
v -4.44000 2.45000 1.25000
v -4.20000 2.45000 1.25000
v -4.20000 2.45000 1.05000
v -3.47000 2.45000 0.32000
v -3.61242 2.45000 0.33403
v -3.74936 2.45000 0.37557
v -3.87557 2.45000 0.44303
v -3.98619 2.45000 0.53381
v -4.07697 2.45000 0.64443
v -4.14443 2.45000 0.77064
v -4.18597 2.45000 0.90758
v -2.20000 2.45000 0.32000
v 4.20000 2.05000 -0.45000
v 4.20000 2.05000 1.25000
v 4.44000 2.05000 -0.45000
v 4.44000 2.05000 1.25000
v 4.20000 0.65000 1.25000
v 4.20000 0.65000 0.33840
v 4.44000 0.65000 1.25000
v 4.44000 0.65000 0.33840
v 4.20000 -2.00000 -0.45000
v 4.20000 -2.00000 1.25000
v 4.44000 -2.00000 -0.45000
v 4.44000 -2.00000 1.25000
v 4.20000 -2.65000 -0.85000
v 4.20000 -2.40000 -0.85000
v 4.44000 -2.65000 -0.85000
v 4.44000 -2.40000 -0.85000
v -4.20000 2.05000 1.25000
v -4.20000 2.05000 -0.45000
v -4.44000 2.05000 1.25000
v -4.44000 2.05000 -0.45000
v -4.20000 0.65000 0.33840
v -4.20000 0.65000 1.25000
v -4.44000 0.65000 0.33840
v -4.44000 0.65000 1.25000
v -4.20000 -2.00000 1.25000
v -4.20000 -2.00000 -0.45000
v -4.44000 -2.00000 1.25000
v -4.44000 -2.00000 -0.45000
v -4.20000 -2.40000 -0.85000
v -4.20000 -2.65000 -0.85000
v -4.44000 -2.40000 -0.85000
v -4.44000 -2.65000 -0.85000
v -4.20000 1.25000 -0.45000
v -4.20000 1.25000 -0.02002
v -4.44000 1.25000 -0.45000
v -4.44000 1.25000 -0.02002
v 4.20000 1.25000 -0.02002
v 4.20000 1.25000 -0.45000
v 4.44000 1.25000 -0.02002
v 4.44000 1.25000 -0.45000
v -4.44000 1.65000 -0.85000
v -4.20000 1.65000 -0.85000
v -4.44000 1.72804 -0.84231
v -4.44000 1.80307 -0.81955
v -4.44000 1.87223 -0.78259
v -4.44000 1.93284 -0.73284
v -4.44000 1.98259 -0.67223
v -4.44000 2.01955 -0.60307
v -4.44000 2.04231 -0.52804
v -4.44000 2.05000 -0.45000
v -4.20000 2.05000 -0.45000
v -4.20000 2.04231 -0.52804
v -4.20000 2.01955 -0.60307
v -4.20000 1.98259 -0.67223
v -4.20000 1.93284 -0.73284
v -4.20000 1.87223 -0.78259
v -4.20000 1.80307 -0.81955
v -4.20000 1.72804 -0.84231
v -4.44000 1.25000 -0.45000
v -4.20000 1.25000 -0.45000
v -4.44000 1.25769 -0.52804
v -4.44000 1.28045 -0.60307
v -4.44000 1.31741 -0.67223
v -4.44000 1.36716 -0.73284
v -4.44000 1.42777 -0.78259
v -4.44000 1.49693 -0.81955
v -4.44000 1.57196 -0.84231
v -4.44000 1.65000 -0.85000
v -4.20000 1.65000 -0.85000
v -4.20000 1.57196 -0.84231
v -4.20000 1.49693 -0.81955
v -4.20000 1.42777 -0.78259
v -4.20000 1.36716 -0.73284
v -4.20000 1.31741 -0.67223
v -4.20000 1.28045 -0.60307
v -4.20000 1.25769 -0.52804
v 4.44000 2.05000 -0.45000
v 4.20000 2.05000 -0.45000
v 4.44000 2.04231 -0.52804
v 4.44000 2.01955 -0.60307
v 4.44000 1.98259 -0.67223
v 4.44000 1.93284 -0.73284
v 4.44000 1.87223 -0.78259
v 4.44000 1.80307 -0.81955
v 4.44000 1.72804 -0.84231
v 4.44000 1.65000 -0.85000
v 4.20000 1.65000 -0.85000
v 4.20000 1.72804 -0.84231
v 4.20000 1.80307 -0.81955
v 4.20000 1.87223 -0.78259
v 4.20000 1.93284 -0.73284
v 4.20000 1.98259 -0.67223
v 4.20000 2.01955 -0.60307
v 4.20000 2.04231 -0.52804
v 4.20000 1.65000 -0.85000
v 4.44000 1.65000 -0.85000
v 4.44000 1.57196 -0.84231
v 4.44000 1.49693 -0.81955
v 4.44000 1.42777 -0.78259
v 4.44000 1.36716 -0.73284
v 4.44000 1.31741 -0.67223
v 4.44000 1.28045 -0.60307
v 4.44000 1.25769 -0.52804
v 4.44000 1.25000 -0.45000
v 4.20000 1.25000 -0.45000
v 4.20000 1.25769 -0.52804
v 4.20000 1.28045 -0.60307
v 4.20000 1.31741 -0.67223
v 4.20000 1.36716 -0.73284
v 4.20000 1.42777 -0.78259
v 4.20000 1.49693 -0.81955
v 4.20000 1.57196 -0.84231
v 4.44000 -2.65000 -0.85000
v 4.20000 -2.65000 -0.85000
v 4.44000 -2.72804 -0.84231
v 4.44000 -2.80307 -0.81955
v 4.44000 -2.87223 -0.78259
v 4.44000 -2.93284 -0.73284
v 4.44000 -2.98259 -0.67223
v 4.44000 -3.01955 -0.60307
v 4.44000 -3.04231 -0.52804
v 4.44000 -3.05000 -0.45000
v 4.20000 -3.05000 -0.45000
v 4.20000 -3.04231 -0.52804
v 4.20000 -3.01955 -0.60307
v 4.20000 -2.98259 -0.67223
v 4.20000 -2.93284 -0.73284
v 4.20000 -2.87223 -0.78259
v 4.20000 -2.80307 -0.81955
v 4.20000 -2.72804 -0.84231
v 4.44000 -2.00000 -0.45000
v 4.20000 -2.00000 -0.45000
v 4.44000 -2.00769 -0.52804
v 4.44000 -2.03045 -0.60307
v 4.44000 -2.06741 -0.67223
v 4.44000 -2.11716 -0.73284
v 4.44000 -2.17777 -0.78259
v 4.44000 -2.24693 -0.81955
v 4.44000 -2.32196 -0.84231
v 4.44000 -2.40000 -0.85000
v 4.20000 -2.40000 -0.85000
v 4.20000 -2.32196 -0.84231
v 4.20000 -2.24693 -0.81955
v 4.20000 -2.17777 -0.78259
v 4.20000 -2.11716 -0.73284
v 4.20000 -2.06741 -0.67223
v 4.20000 -2.03045 -0.60307
v 4.20000 -2.00769 -0.52804
v -4.44000 -3.05000 -0.45000
v -4.20000 -3.05000 -0.45000
v -4.44000 -3.04231 -0.52804
v -4.44000 -3.01955 -0.60307
v -4.44000 -2.98259 -0.67223
v -4.44000 -2.93284 -0.73284
v -4.44000 -2.87223 -0.78259
v -4.44000 -2.80307 -0.81955
v -4.44000 -2.72804 -0.84231
v -4.44000 -2.65000 -0.85000
v -4.20000 -2.65000 -0.85000
v -4.20000 -2.72804 -0.84231
v -4.20000 -2.80307 -0.81955
v -4.20000 -2.87223 -0.78259
v -4.20000 -2.93284 -0.73284
v -4.20000 -2.98259 -0.67223
v -4.20000 -3.01955 -0.60307
v -4.20000 -3.04231 -0.52804
v -4.44000 -2.40000 -0.85000
v -4.20000 -2.40000 -0.85000
v -4.44000 -2.32196 -0.84231
v -4.44000 -2.24693 -0.81955
v -4.44000 -2.17777 -0.78259
v -4.44000 -2.11716 -0.73284
v -4.44000 -2.06741 -0.67223
v -4.44000 -2.03045 -0.60307
v -4.44000 -2.00769 -0.52804
v -4.44000 -2.00000 -0.45000
v -4.20000 -2.00000 -0.45000
v -4.20000 -2.00769 -0.52804
v -4.20000 -2.03045 -0.60307
v -4.20000 -2.06741 -0.67223
v -4.20000 -2.11716 -0.73284
v -4.20000 -2.17777 -0.78259
v -4.20000 -2.24693 -0.81955
v -4.20000 -2.32196 -0.84231
v -4.20000 1.18420 0.07395
v -4.20000 0.71580 0.24443
v -4.44000 1.18420 0.07395
v -4.44000 0.71580 0.24443
v 4.20000 0.71580 0.24443
v 4.20000 1.18420 0.07395
v 4.44000 0.71580 0.24443
v 4.44000 1.18420 0.07395
v -4.44000 0.65000 0.33840
v -4.20000 0.65000 0.33840
v -4.44000 0.65152 0.32104
v -4.44000 0.65603 0.30420
v -4.44000 0.66340 0.28840
v -4.44000 0.67340 0.27412
v -4.44000 0.68572 0.26180
v -4.44000 0.70000 0.25180
v -4.44000 0.71580 0.24443
v -4.20000 0.71580 0.24443
v -4.20000 0.70000 0.25180
v -4.20000 0.68572 0.26180
v -4.20000 0.67340 0.27412
v -4.20000 0.66340 0.28840
v -4.20000 0.65603 0.30420
v -4.20000 0.65152 0.32104
v -4.20000 1.25000 -0.02002
v -4.20000 1.24848 -0.00266
v -4.20000 1.24397 0.01418
v -4.20000 1.23660 0.02998
v -4.20000 1.22660 0.04426
v -4.20000 1.21428 0.05658
v -4.20000 1.20000 0.06658
v -4.20000 1.18420 0.07395
v -4.44000 1.25000 -0.02002
v -4.44000 1.18420 0.07395
v -4.44000 1.20000 0.06658
v -4.44000 1.21428 0.05658
v -4.44000 1.22660 0.04426
v -4.44000 1.23660 0.02998
v -4.44000 1.24397 0.01418
v -4.44000 1.24848 -0.00266
v 4.20000 1.18420 0.07395
v 4.20000 1.20000 0.06658
v 4.20000 1.21428 0.05658
v 4.20000 1.22660 0.04426
v 4.20000 1.23660 0.02998
v 4.20000 1.24397 0.01418
v 4.20000 1.24848 -0.00266
v 4.20000 1.25000 -0.02002
v 4.44000 1.18420 0.07395
v 4.44000 1.25000 -0.02002
v 4.44000 1.24848 -0.00266
v 4.44000 1.24397 0.01418
v 4.44000 1.23660 0.02998
v 4.44000 1.22660 0.04426
v 4.44000 1.21428 0.05658
v 4.44000 1.20000 0.06658
v 4.44000 0.71580 0.24443
v 4.20000 0.71580 0.24443
v 4.44000 0.70000 0.25180
v 4.44000 0.68572 0.26180
v 4.44000 0.67340 0.27412
v 4.44000 0.66340 0.28840
v 4.44000 0.65603 0.30420
v 4.44000 0.65152 0.32104
v 4.44000 0.65000 0.33840
v 4.20000 0.65000 0.33840
v 4.20000 0.65152 0.32104
v 4.20000 0.65603 0.30420
v 4.20000 0.66340 0.28840
v 4.20000 0.67340 0.27412
v 4.20000 0.68572 0.26180
v 4.20000 0.70000 0.25180
v 4.20000 -2.00000 1.25000
v 4.20000 -1.99616 1.28902
v 4.20000 -1.98478 1.32654
v 4.20000 -1.96629 1.36111
v 4.20000 -1.94142 1.39142
v 4.20000 -1.91111 1.41629
v 4.20000 -1.87654 1.43478
v 4.20000 -1.83902 1.44616
v 4.20000 -1.80000 1.45000
v 4.44000 -2.00000 1.25000
v 4.44000 -1.80000 1.45000
v 4.44000 -1.83902 1.44616
v 4.44000 -1.87654 1.43478
v 4.44000 -1.91111 1.41629
v 4.44000 -1.94142 1.39142
v 4.44000 -1.96629 1.36111
v 4.44000 -1.98478 1.32654
v 4.44000 -1.99616 1.28902
v 4.20000 -1.75000 1.45000
v 4.20000 -1.71098 1.44616
v 4.20000 -1.67346 1.43478
v 4.20000 -1.63889 1.41629
v 4.20000 -1.60858 1.39142
v 4.20000 -1.58371 1.36111
v 4.20000 -1.56522 1.32654
v 4.20000 -1.55384 1.28902
v 4.20000 -1.55000 1.25000
v 4.44000 -1.75000 1.45000
v 4.44000 -1.55000 1.25000
v 4.44000 -1.55384 1.28902
v 4.44000 -1.56522 1.32654
v 4.44000 -1.58371 1.36111
v 4.44000 -1.60858 1.39142
v 4.44000 -1.63889 1.41629
v 4.44000 -1.67346 1.43478
v 4.44000 -1.71098 1.44616
v -4.20000 -1.55000 1.25000
v -4.20000 -1.55384 1.28902
v -4.20000 -1.56522 1.32654
v -4.20000 -1.58371 1.36111
v -4.20000 -1.60858 1.39142
v -4.20000 -1.63889 1.41629
v -4.20000 -1.67346 1.43478
v -4.20000 -1.71098 1.44616
v -4.20000 -1.75000 1.45000
v -4.44000 -1.55000 1.25000
v -4.44000 -1.75000 1.45000
v -4.44000 -1.71098 1.44616
v -4.44000 -1.67346 1.43478
v -4.44000 -1.63889 1.41629
v -4.44000 -1.60858 1.39142
v -4.44000 -1.58371 1.36111
v -4.44000 -1.56522 1.32654
v -4.44000 -1.55384 1.28902
v -4.20000 -1.80000 1.45000
v -4.20000 -1.83902 1.44616
v -4.20000 -1.87654 1.43478
v -4.20000 -1.91111 1.41629
v -4.20000 -1.94142 1.39142
v -4.20000 -1.96629 1.36111
v -4.20000 -1.98478 1.32654
v -4.20000 -1.99616 1.28902
v -4.20000 -2.00000 1.25000
v -4.44000 -1.80000 1.45000
v -4.44000 -2.00000 1.25000
v -4.44000 -1.99616 1.28902
v -4.44000 -1.98478 1.32654
v -4.44000 -1.96629 1.36111
v -4.44000 -1.94142 1.39142
v -4.44000 -1.91111 1.41629
v -4.44000 -1.87654 1.43478
v -4.44000 -1.83902 1.44616
v -4.20000 2.45000 1.25000
v -4.20000 2.44616 1.28902
v -4.20000 2.43478 1.32654
v -4.20000 2.41629 1.36111
v -4.20000 2.39142 1.39142
v -4.20000 2.36111 1.41629
v -4.20000 2.32654 1.43478
v -4.20000 2.28902 1.44616
v -4.20000 2.25000 1.45000
v -4.44000 2.45000 1.25000
v -4.44000 2.25000 1.45000
v -4.44000 2.28902 1.44616
v -4.44000 2.32654 1.43478
v -4.44000 2.36111 1.41629
v -4.44000 2.39142 1.39142
v -4.44000 2.41629 1.36111
v -4.44000 2.43478 1.32654
v -4.44000 2.44616 1.28902
v -4.20000 2.25000 1.45000
v -4.20000 2.21098 1.44616
v -4.20000 2.17346 1.43478
v -4.20000 2.13889 1.41629
v -4.20000 2.10858 1.39142
v -4.20000 2.08371 1.36111
v -4.20000 2.06522 1.32654
v -4.20000 2.05384 1.28902
v -4.20000 2.05000 1.25000
v -4.44000 2.25000 1.45000
v -4.44000 2.05000 1.25000
v -4.44000 2.05384 1.28902
v -4.44000 2.06522 1.32654
v -4.44000 2.08371 1.36111
v -4.44000 2.10858 1.39142
v -4.44000 2.13889 1.41629
v -4.44000 2.17346 1.43478
v -4.44000 2.21098 1.44616
v -4.20000 0.45000 1.45000
v -4.20000 0.41098 1.44616
v -4.20000 0.37346 1.43478
v -4.20000 0.33889 1.41629
v -4.20000 0.30858 1.39142
v -4.20000 0.28371 1.36111
v -4.20000 0.26522 1.32654
v -4.20000 0.25384 1.28902
v -4.20000 0.25000 1.25000
v -4.44000 0.45000 1.45000
v -4.44000 0.25000 1.25000
v -4.44000 0.25384 1.28902
v -4.44000 0.26522 1.32654
v -4.44000 0.28371 1.36111
v -4.44000 0.30858 1.39142
v -4.44000 0.33889 1.41629
v -4.44000 0.37346 1.43478
v -4.44000 0.41098 1.44616
v -4.20000 0.65000 1.25000
v -4.20000 0.64616 1.28902
v -4.20000 0.63478 1.32654
v -4.20000 0.61629 1.36111
v -4.20000 0.59142 1.39142
v -4.20000 0.56111 1.41629
v -4.20000 0.52654 1.43478
v -4.20000 0.48902 1.44616
v -4.20000 0.45000 1.45000
v -4.44000 0.65000 1.25000
v -4.44000 0.45000 1.45000
v -4.44000 0.48902 1.44616
v -4.44000 0.52654 1.43478
v -4.44000 0.56111 1.41629
v -4.44000 0.59142 1.39142
v -4.44000 0.61629 1.36111
v -4.44000 0.63478 1.32654
v -4.44000 0.64616 1.28902
v 4.20000 0.45000 1.45000
v 4.20000 0.48902 1.44616
v 4.20000 0.52654 1.43478
v 4.20000 0.56111 1.41629
v 4.20000 0.59142 1.39142
v 4.20000 0.61629 1.36111
v 4.20000 0.63478 1.32654
v 4.20000 0.64616 1.28902
v 4.20000 0.65000 1.25000
v 4.44000 0.45000 1.45000
v 4.44000 0.65000 1.25000
v 4.44000 0.64616 1.28902
v 4.44000 0.63478 1.32654
v 4.44000 0.61629 1.36111
v 4.44000 0.59142 1.39142
v 4.44000 0.56111 1.41629
v 4.44000 0.52654 1.43478
v 4.44000 0.48902 1.44616
v 4.20000 0.25000 1.25000
v 4.20000 0.25384 1.28902
v 4.20000 0.26522 1.32654
v 4.20000 0.28371 1.36111
v 4.20000 0.30858 1.39142
v 4.20000 0.33889 1.41629
v 4.20000 0.37346 1.43478
v 4.20000 0.41098 1.44616
v 4.20000 0.45000 1.45000
v 4.44000 0.25000 1.25000
v 4.44000 0.45000 1.45000
v 4.44000 0.41098 1.44616
v 4.44000 0.37346 1.43478
v 4.44000 0.33889 1.41629
v 4.44000 0.30858 1.39142
v 4.44000 0.28371 1.36111
v 4.44000 0.26522 1.32654
v 4.44000 0.25384 1.28902
v 4.20000 2.25000 1.45000
v 4.20000 2.28902 1.44616
v 4.20000 2.32654 1.43478
v 4.20000 2.36111 1.41629
v 4.20000 2.39142 1.39142
v 4.20000 2.41629 1.36111
v 4.20000 2.43478 1.32654
v 4.20000 2.44616 1.28902
v 4.20000 2.45000 1.25000
v 4.44000 2.25000 1.45000
v 4.44000 2.45000 1.25000
v 4.44000 2.44616 1.28902
v 4.44000 2.43478 1.32654
v 4.44000 2.41629 1.36111
v 4.44000 2.39142 1.39142
v 4.44000 2.36111 1.41629
v 4.44000 2.32654 1.43478
v 4.44000 2.28902 1.44616
v 4.20000 2.05000 1.25000
v 4.20000 2.05384 1.28902
v 4.20000 2.06522 1.32654
v 4.20000 2.08371 1.36111
v 4.20000 2.10858 1.39142
v 4.20000 2.13889 1.41629
v 4.20000 2.17346 1.43478
v 4.20000 2.21098 1.44616
v 4.20000 2.25000 1.45000
v 4.44000 2.05000 1.25000
v 4.44000 2.25000 1.45000
v 4.44000 2.21098 1.44616
v 4.44000 2.17346 1.43478
v 4.44000 2.13889 1.41629
v 4.44000 2.10858 1.39142
v 4.44000 2.08371 1.36111
v 4.44000 2.06522 1.32654
v 4.44000 2.05384 1.28902
v -3.10000 -2.90000 2.98000
v -3.10000 -2.10000 2.98000
v -3.10000 -2.90000 3.22000
v -3.10000 -2.10000 3.22000
v -2.95000 -1.95000 2.98000
v -1.25000 -1.95000 2.98000
v -2.95000 -1.95000 3.22000
v -1.25000 -1.95000 3.22000
v 1.25000 -1.95000 2.98000
v 2.95000 -1.95000 2.98000
v 1.25000 -1.95000 3.22000
v 2.95000 -1.95000 3.22000
v 3.10000 -2.10000 2.98000
v 3.10000 -2.90000 2.98000
v 3.10000 -2.10000 3.22000
v 3.10000 -2.90000 3.22000
v -1.33372 -2.25000 2.93460
v -1.96365 -2.25000 2.19968
v -1.51594 -2.25000 3.09079
v -2.14587 -2.25000 2.35587
v -2.11659 -2.75000 1.97516
v -2.11659 -2.55000 1.97516
v -1.94087 -3.02000 2.18016
v -1.97515 -3.01481 2.14016
v -2.00812 -2.99945 2.10171
v -2.03850 -2.97450 2.06627
v -2.06512 -2.94092 2.03520
v -2.08697 -2.90000 2.00971
v -2.10321 -2.85332 1.99076
v -2.11321 -2.80267 1.97910
v -1.31094 -3.02000 2.91508
v -1.31094 -2.28000 2.91508
v -1.94087 -2.28000 2.18016
v -2.11321 -2.49733 1.97910
v -2.10321 -2.44668 1.99076
v -2.08697 -2.40000 2.00971
v -2.06512 -2.35908 2.03520
v -2.03850 -2.32550 2.06627
v -2.00812 -2.30055 2.10171
v -1.97515 -2.28519 2.14016
v -1.96365 -3.05000 2.19968
v -1.33372 -3.05000 2.93460
v -2.14587 -3.05000 2.35587
v -1.51594 -3.05000 3.09079
v -2.34436 -2.55000 2.17040
v -2.34436 -2.75000 2.17040
v -2.16865 -2.28000 2.37540
v -2.20293 -2.28519 2.33540
v -2.23589 -2.30055 2.29695
v -2.26627 -2.32550 2.26150
v -2.29290 -2.35908 2.23044
v -2.31475 -2.40000 2.20495
v -2.33099 -2.44668 2.18600
v -2.34099 -2.49733 2.17434
v -1.53872 -2.28000 3.11032
v -1.53872 -3.02000 3.11032
v -2.16865 -3.02000 2.37540
v -2.34099 -2.80267 2.17434
v -2.33099 -2.85332 2.18600
v -2.31475 -2.90000 2.20495
v -2.29290 -2.94092 2.23044
v -2.26627 -2.97450 2.26150
v -2.23589 -2.99945 2.29695
v -2.20293 -3.01481 2.33540
v -1.25000 -2.25000 2.97913
v -1.27370 -2.25000 2.97411
v -1.29606 -2.25000 2.96477
v -1.31630 -2.25000 2.95145
v -1.33372 -2.25000 2.93460
v -1.25000 -2.25000 3.21970
v -1.51594 -2.25000 3.09079
v -1.47276 -2.25000 3.13351
v -1.42318 -2.25000 3.16858
v -1.36853 -2.25000 3.19507
v -1.31028 -2.25000 3.21226
v -1.31094 -3.02000 2.91508
v -1.31094 -2.28000 2.91508
v -1.23502 -3.02000 2.95000
v -1.25217 -3.02000 2.94852
v -1.26882 -3.02000 2.94411
v -1.28447 -3.02000 2.93692
v -1.29865 -3.02000 2.92714
v -1.23502 -2.27938 2.95000
v -1.24654 -2.28000 2.94933
v -1.29755 -2.28000 2.92804
v -1.28198 -2.28000 2.93829
v -1.26478 -2.28000 2.94547
v -1.33372 -3.05000 2.93460
v -1.31774 -3.05000 2.95028
v -1.29931 -3.05000 2.96299
v -1.27897 -3.05000 2.97235
v -1.25732 -3.05000 2.97807
v -1.23502 -3.05000 2.98000
v -1.51594 -3.05000 3.09079
v -1.23502 -3.05000 3.22000
v -1.29850 -3.05000 3.21451
v -1.36010 -3.05000 3.19821
v -1.41799 -3.05000 3.17159
v -1.47046 -3.05000 3.13542
v -1.53872 -2.28000 3.11032
v -1.53872 -3.02000 3.11032
v -1.48955 -3.02000 3.15857
v -1.43283 -3.02000 3.19766
v -1.37025 -3.02000 3.22645
v -1.30365 -3.02000 3.24407
v -1.23502 -3.02000 3.25000
v -1.23502 -2.27938 3.25000
v -1.25121 -2.28000 3.24967
v -1.31638 -2.28000 3.24164
v -1.37935 -2.28000 3.22305
v -1.43844 -2.28000 3.19441
v -1.49204 -2.28000 3.15649
v -2.15889 -2.75000 1.97191
v -2.34111 -2.75000 2.12809
v -2.34111 -2.55000 2.12809
v -2.15889 -2.55000 1.97191
v 1.96365 -3.05000 2.19968
v 2.14587 -3.05000 2.35587
v 1.51594 -3.05000 3.09079
v 1.33372 -3.05000 2.93460
v 2.11659 -2.75000 1.97516
v 2.11321 -2.80267 1.97910
v 2.10321 -2.85332 1.99076
v 2.08697 -2.90000 2.00971
v 2.06512 -2.94092 2.03520
v 2.03850 -2.97450 2.06627
v 2.00812 -2.99945 2.10171
v 1.97515 -3.01481 2.14016
v 1.94087 -3.02000 2.18016
v 1.31094 -3.02000 2.91508
v 1.31094 -2.28000 2.91508
v 1.94087 -2.28000 2.18016
v 1.97515 -2.28519 2.14016
v 2.00812 -2.30055 2.10171
v 2.03850 -2.32550 2.06627
v 2.06512 -2.35908 2.03520
v 2.08697 -2.40000 2.00971
v 2.10321 -2.44668 1.99076
v 2.11321 -2.49733 1.97910
v 2.11659 -2.55000 1.97516
v 1.33372 -2.25000 2.93460
v 1.51594 -2.25000 3.09079
v 2.14587 -2.25000 2.35587
v 1.96365 -2.25000 2.19968
v 2.34436 -2.55000 2.17040
v 2.34099 -2.49733 2.17434
v 2.33099 -2.44668 2.18600
v 2.31475 -2.40000 2.20495
v 2.29290 -2.35908 2.23044
v 2.26627 -2.32550 2.26150
v 2.23589 -2.30055 2.29695
v 2.20293 -2.28519 2.33540
v 2.16865 -2.28000 2.37540
v 1.53872 -2.28000 3.11032
v 1.53872 -3.02000 3.11032
v 2.16865 -3.02000 2.37540
v 2.20293 -3.01481 2.33540
v 2.23589 -2.99945 2.29695
v 2.26627 -2.97450 2.26150
v 2.29290 -2.94092 2.23044
v 2.31475 -2.90000 2.20495
v 2.33099 -2.85332 2.18600
v 2.34099 -2.80267 2.17434
v 2.34436 -2.75000 2.17040
v 1.51594 -3.05000 3.09079
v 1.33372 -3.05000 2.93460
v 1.47046 -3.05000 3.13542
v 1.41799 -3.05000 3.17159
v 1.36010 -3.05000 3.19821
v 1.29850 -3.05000 3.21451
v 1.23502 -3.05000 3.22000
v 1.23502 -3.05000 2.98000
v 1.25732 -3.05000 2.97807
v 1.27897 -3.05000 2.97235
v 1.29931 -3.05000 2.96299
v 1.31774 -3.05000 2.95028
v 1.24654 -2.28000 2.94933
v 1.26478 -2.28000 2.94547
v 1.28198 -2.28000 2.93829
v 1.29755 -2.28000 2.92804
v 1.31094 -2.28000 2.91508
v 1.23502 -2.27938 2.95000
v 1.23502 -3.02000 2.95000
v 1.31094 -3.02000 2.91508
v 1.29865 -3.02000 2.92714
v 1.28447 -3.02000 2.93692
v 1.26882 -3.02000 2.94411
v 1.25217 -3.02000 2.94852
v 1.25000 -2.25000 2.97913
v 1.25000 -2.25000 3.21970
v 1.31028 -2.25000 3.21226
v 1.36853 -2.25000 3.19507
v 1.42318 -2.25000 3.16858
v 1.47276 -2.25000 3.13351
v 1.51594 -2.25000 3.09079
v 1.33372 -2.25000 2.93460
v 1.31630 -2.25000 2.95145
v 1.29606 -2.25000 2.96477
v 1.27370 -2.25000 2.97411
v 1.53872 -2.28000 3.11032
v 1.49204 -2.28000 3.15649
v 1.43844 -2.28000 3.19441
v 1.37935 -2.28000 3.22305
v 1.31638 -2.28000 3.24164
v 1.25121 -2.28000 3.24967
v 1.23502 -2.27938 3.25000
v 1.23502 -3.02000 3.25000
v 1.30365 -3.02000 3.24407
v 1.37025 -3.02000 3.22645
v 1.43283 -3.02000 3.19766
v 1.48955 -3.02000 3.15857
v 1.53872 -3.02000 3.11032
v 2.15889 -2.55000 1.97191
v 2.34111 -2.55000 2.12809
v 2.34111 -2.75000 2.12809
v 2.15889 -2.75000 1.97191
v 3.25000 -3.05000 3.22000
v 3.25000 -3.05000 2.98000
v 3.22074 -3.04712 3.22000
v 3.19260 -3.03858 3.22000
v 3.16666 -3.02472 3.22000
v 3.14393 -3.00607 3.22000
v 3.12528 -2.98334 3.22000
v 3.11142 -2.95740 3.22000
v 3.10288 -2.92926 3.22000
v 3.10000 -2.90000 3.22000
v 3.10000 -2.90000 2.98000
v 3.10288 -2.92926 2.98000
v 3.11142 -2.95740 2.98000
v 3.12528 -2.98334 2.98000
v 3.14393 -3.00607 2.98000
v 3.16666 -3.02472 2.98000
v 3.19260 -3.03858 2.98000
v 3.22074 -3.04712 2.98000
v -3.10000 -2.90000 3.22000
v -3.10000 -2.90000 2.98000
v -3.10288 -2.92926 3.22000
v -3.11142 -2.95740 3.22000
v -3.12528 -2.98334 3.22000
v -3.14393 -3.00607 3.22000
v -3.16666 -3.02472 3.22000
v -3.19260 -3.03858 3.22000
v -3.22074 -3.04712 3.22000
v -3.25000 -3.05000 3.22000
v -3.25000 -3.05000 2.98000
v -3.22074 -3.04712 2.98000
v -3.19260 -3.03858 2.98000
v -3.16666 -3.02472 2.98000
v -3.14393 -3.00607 2.98000
v -3.12528 -2.98334 2.98000
v -3.11142 -2.95740 2.98000
v -3.10288 -2.92926 2.98000
v -3.10000 -2.10000 2.98000
v -3.09712 -2.07074 2.98000
v -3.08858 -2.04260 2.98000
v -3.07472 -2.01666 2.98000
v -3.05607 -1.99393 2.98000
v -3.03334 -1.97528 2.98000
v -3.00740 -1.96142 2.98000
v -2.97926 -1.95288 2.98000
v -2.95000 -1.95000 2.98000
v -3.10000 -2.10000 3.22000
v -2.95000 -1.95000 3.22000
v -2.97926 -1.95288 3.22000
v -3.00740 -1.96142 3.22000
v -3.03334 -1.97528 3.22000
v -3.05607 -1.99393 3.22000
v -3.07472 -2.01666 3.22000
v -3.08858 -2.04260 3.22000
v -3.09712 -2.07074 3.22000
v 2.95000 -1.95000 2.98000
v 2.97926 -1.95288 2.98000
v 3.00740 -1.96142 2.98000
v 3.03334 -1.97528 2.98000
v 3.05607 -1.99393 2.98000
v 3.07472 -2.01666 2.98000
v 3.08858 -2.04260 2.98000
v 3.09712 -2.07074 2.98000
v 3.10000 -2.10000 2.98000
v 2.95000 -1.95000 3.22000
v 3.10000 -2.10000 3.22000
v 3.09712 -2.07074 3.22000
v 3.08858 -2.04260 3.22000
v 3.07472 -2.01666 3.22000
v 3.05607 -1.99393 3.22000
v 3.03334 -1.97528 3.22000
v 3.00740 -1.96142 3.22000
v 2.97926 -1.95288 3.22000
v 1.10000 -2.10000 2.98000
v 1.10288 -2.07074 2.98000
v 1.11142 -2.04260 2.98000
v 1.12528 -2.01666 2.98000
v 1.14393 -1.99393 2.98000
v 1.16666 -1.97528 2.98000
v 1.19260 -1.96142 2.98000
v 1.22074 -1.95288 2.98000
v 1.25000 -1.95000 2.98000
v 1.10000 -2.10000 3.22000
v 1.25000 -1.95000 3.22000
v 1.22074 -1.95288 3.22000
v 1.19260 -1.96142 3.22000
v 1.16666 -1.97528 3.22000
v 1.14393 -1.99393 3.22000
v 1.12528 -2.01666 3.22000
v 1.11142 -2.04260 3.22000
v 1.10288 -2.07074 3.22000
v 1.23751 -2.24948 2.98000
v 1.21010 -2.24459 2.98000
v 1.18405 -2.23473 2.98000
v 1.16028 -2.22021 2.98000
v 1.13961 -2.20156 2.98000
v 1.12274 -2.17940 2.98000
v 1.11025 -2.15450 2.98000
v 1.10259 -2.12773 2.98000
v 1.10000 -2.10000 2.98000
v 1.25000 -2.25000 2.97913
v 1.25000 -2.25000 3.21970
v 1.23751 -2.24948 3.22000
v 1.10000 -2.10000 3.22000
v 1.10259 -2.12773 3.22000
v 1.11025 -2.15450 3.22000
v 1.12274 -2.17940 3.22000
v 1.13961 -2.20156 3.22000
v 1.16028 -2.22021 3.22000
v 1.18405 -2.23473 3.22000
v 1.21010 -2.24459 3.22000
v -1.25000 -1.95000 2.98000
v -1.22074 -1.95288 2.98000
v -1.19260 -1.96142 2.98000
v -1.16666 -1.97528 2.98000
v -1.14393 -1.99393 2.98000
v -1.12528 -2.01666 2.98000
v -1.11142 -2.04260 2.98000
v -1.10288 -2.07074 2.98000
v -1.10000 -2.10000 2.98000
v -1.25000 -1.95000 3.22000
v -1.10000 -2.10000 3.22000
v -1.10288 -2.07074 3.22000
v -1.11142 -2.04260 3.22000
v -1.12528 -2.01666 3.22000
v -1.14393 -1.99393 3.22000
v -1.16666 -1.97528 3.22000
v -1.19260 -1.96142 3.22000
v -1.22074 -1.95288 3.22000
v -1.23751 -2.24948 2.98000
v -1.25000 -2.25000 2.97913
v -1.10000 -2.10000 2.98000
v -1.10259 -2.12773 2.98000
v -1.11025 -2.15450 2.98000
v -1.12274 -2.17940 2.98000
v -1.13961 -2.20156 2.98000
v -1.16028 -2.22021 2.98000
v -1.18405 -2.23473 2.98000
v -1.21010 -2.24459 2.98000
v -1.10000 -2.10000 3.22000
v -1.23751 -2.24948 3.22000
v -1.21010 -2.24459 3.22000
v -1.18405 -2.23473 3.22000
v -1.16028 -2.22021 3.22000
v -1.13961 -2.20156 3.22000
v -1.12274 -2.17940 3.22000
v -1.11025 -2.15450 3.22000
v -1.10259 -2.12773 3.22000
v -1.25000 -2.25000 3.21970
v 2.14587 -2.25000 2.35587
v 1.96365 -2.25000 2.19968
v 2.18396 -2.25576 2.31143
v 2.22059 -2.27284 2.26871
v 2.25434 -2.30056 2.22933
v 2.28393 -2.33787 2.19481
v 2.30821 -2.38333 2.16648
v 2.32625 -2.43519 2.14543
v 2.33736 -2.49147 2.13247
v 2.34111 -2.55000 2.12809
v 2.15889 -2.55000 1.97191
v 2.15514 -2.49147 1.97628
v 2.14403 -2.43519 1.98924
v 2.12599 -2.38333 2.01029
v 2.10171 -2.33787 2.03862
v 2.07212 -2.30056 2.07314
v 2.03837 -2.27284 2.11252
v 2.00174 -2.25576 2.15524
v 2.34111 -2.75000 2.12809
v 2.15889 -2.75000 1.97191
v 2.33736 -2.80853 2.13247
v 2.32625 -2.86481 2.14543
v 2.30821 -2.91667 2.16648
v 2.28393 -2.96213 2.19481
v 2.25434 -2.99944 2.22933
v 2.22059 -3.02716 2.26871
v 2.18396 -3.04424 2.31143
v 2.14587 -3.05000 2.35587
v 1.96365 -3.05000 2.19968
v 2.00174 -3.04424 2.15524
v 2.03837 -3.02716 2.11252
v 2.07212 -2.99944 2.07314
v 2.10171 -2.96213 2.03862
v 2.12599 -2.91667 2.01029
v 2.14403 -2.86481 1.98924
v 2.15514 -2.80853 1.97628
v -2.14587 -3.05000 2.35587
v -1.96365 -3.05000 2.19968
v -2.18396 -3.04424 2.31143
v -2.22059 -3.02716 2.26871
v -2.25434 -2.99944 2.22933
v -2.28393 -2.96213 2.19481
v -2.30821 -2.91667 2.16648
v -2.32625 -2.86481 2.14543
v -2.33736 -2.80853 2.13247
v -2.34111 -2.75000 2.12809
v -2.15889 -2.75000 1.97191
v -2.15514 -2.80853 1.97628
v -2.14403 -2.86481 1.98924
v -2.12599 -2.91667 2.01029
v -2.10171 -2.96213 2.03862
v -2.07212 -2.99944 2.07314
v -2.03837 -3.02716 2.11252
v -2.00174 -3.04424 2.15524
v -2.34111 -2.55000 2.12809
v -2.15889 -2.55000 1.97191
v -2.33736 -2.49147 2.13247
v -2.32625 -2.43519 2.14543
v -2.30821 -2.38333 2.16648
v -2.28393 -2.33787 2.19481
v -2.25434 -2.30056 2.22933
v -2.22059 -2.27284 2.26871
v -2.18396 -2.25576 2.31143
v -2.14587 -2.25000 2.35587
v -1.96365 -2.25000 2.19968
v -2.00174 -2.25576 2.15524
v -2.03837 -2.27284 2.11252
v -2.07212 -2.30056 2.07314
v -2.10171 -2.33787 2.03862
v -2.12599 -2.38333 2.01029
v -2.14403 -2.43519 1.98924
v -2.15514 -2.49147 1.97628
v 3.47000 0.22000 0.05000
v 3.47000 0.23148 0.05228
v 3.47000 0.24121 0.05879
v 3.47000 0.24772 0.06852
v 3.47000 0.25000 0.08000
v 2.20000 0.22000 0.05000
v 2.20000 0.25000 0.08000
v 2.20000 0.24772 0.06852
v 2.20000 0.24121 0.05879
v 2.20000 0.23148 0.05228
v 2.20000 0.25000 0.08000
v 2.20000 0.24772 0.06852
v 2.20000 0.24121 0.05879
v 2.20000 0.23148 0.05228
v 2.20000 0.22000 0.05000
v 1.87000 0.55000 0.05000
v 1.87634 0.48562 0.05000
v 1.89512 0.42371 0.05000
v 1.92562 0.36666 0.05000
v 1.96665 0.31665 0.05000
v 2.01666 0.27562 0.05000
v 2.07371 0.24512 0.05000
v 2.13562 0.22634 0.05000
v 1.90000 0.55000 0.08000
v 1.89772 0.55000 0.06852
v 1.89121 0.55000 0.05879
v 1.88148 0.55000 0.05228
v 2.14147 0.25576 0.08000
v 2.08519 0.27284 0.08000
v 2.03333 0.30056 0.08000
v 1.98787 0.33787 0.08000
v 1.95056 0.38333 0.08000
v 1.92284 0.43519 0.08000
v 1.90576 0.49147 0.08000
v 2.13786 0.23760 0.05228
v 2.13976 0.24715 0.05879
v 2.14103 0.25352 0.06852
v 2.07811 0.25573 0.05228
v 2.08183 0.26472 0.05879
v 2.08432 0.27073 0.06852
v 2.02304 0.28516 0.05228
v 2.02845 0.29325 0.05879
v 2.03206 0.29866 0.06852
v 1.97477 0.32477 0.05228
v 1.98165 0.33165 0.05879
v 1.98625 0.33625 0.06852
v 1.93516 0.37304 0.05228
v 1.94325 0.37845 0.05879
v 1.94866 0.38206 0.06852
v 1.90573 0.42811 0.05228
v 1.91472 0.43183 0.05879
v 1.92073 0.43432 0.06852
v 1.88760 0.48786 0.05228
v 1.89715 0.48976 0.05879
v 1.90352 0.49103 0.06852
v 3.47000 0.22000 0.05000
v 3.47000 0.23148 0.05228
v 3.47000 0.24121 0.05879
v 3.47000 0.24772 0.06852
v 3.47000 0.25000 0.08000
v 4.44000 0.25000 1.05000
v 4.42136 0.25000 0.86076
v 4.36616 0.25000 0.67880
v 4.27653 0.25000 0.51110
v 4.15589 0.25000 0.36411
v 4.00890 0.25000 0.24347
v 3.84120 0.25000 0.15384
v 3.65924 0.25000 0.09864
v 4.47000 0.22000 1.05000
v 4.46772 0.23148 1.05000
v 4.46121 0.24121 1.05000
v 4.45148 0.24772 1.05000
v 3.66509 0.22000 0.06921
v 3.85268 0.22000 0.12612
v 4.02557 0.22000 0.21853
v 4.17711 0.22000 0.34289
v 4.30147 0.22000 0.49443
v 4.39388 0.22000 0.66732
v 4.45079 0.22000 0.85491
v 3.66148 0.24772 0.08738
v 3.66338 0.24121 0.07783
v 3.66464 0.23148 0.07145
v 3.84560 0.24772 0.14323
v 3.84932 0.24121 0.13424
v 3.85181 0.23148 0.12823
v 4.01528 0.24772 0.23393
v 4.02069 0.24121 0.22584
v 4.02430 0.23148 0.22043
v 4.16401 0.24772 0.35599
v 4.17089 0.24121 0.34911
v 4.17549 0.23148 0.34451
v 4.28607 0.24772 0.50472
v 4.29416 0.24121 0.49931
v 4.29957 0.23148 0.49570
v 4.37677 0.24772 0.67440
v 4.38576 0.24121 0.67068
v 4.39177 0.23148 0.66819
v 4.43262 0.24772 0.85852
v 4.44217 0.24121 0.85662
v 4.44855 0.23148 0.85536
v 1.90000 0.55000 0.08000
v 1.89772 0.55000 0.06852
v 1.89121 0.55000 0.05879
v 1.88148 0.55000 0.05228
v 1.87000 0.55000 0.05000
v 1.87000 2.15000 0.05000
v 1.90000 2.15000 0.08000
v 1.89772 2.15000 0.06852
v 1.89121 2.15000 0.05879
v 1.88148 2.15000 0.05228
v 4.47000 0.22000 1.05000
v 4.46772 0.23148 1.05000
v 4.46121 0.24121 1.05000
v 4.45148 0.24772 1.05000
v 4.44000 0.25000 1.05000
v 4.44000 0.25000 1.25000
v 4.47000 0.22000 1.25000
v 4.46772 0.23148 1.25000
v 4.46121 0.24121 1.25000
v 4.45148 0.24772 1.25000
v 1.90000 2.15000 0.08000
v 1.89772 2.15000 0.06852
v 1.89121 2.15000 0.05879
v 1.88148 2.15000 0.05228
v 1.87000 2.15000 0.05000
v 2.20000 2.48000 0.05000
v 2.13562 2.47366 0.05000
v 2.07371 2.45488 0.05000
v 2.01666 2.42438 0.05000
v 1.96665 2.38335 0.05000
v 1.92562 2.33334 0.05000
v 1.89512 2.27629 0.05000
v 1.87634 2.21438 0.05000
v 2.20000 2.45000 0.08000
v 2.20000 2.45228 0.06852
v 2.20000 2.45879 0.05879
v 2.20000 2.46852 0.05228
v 1.90576 2.20853 0.08000
v 1.92284 2.26481 0.08000
v 1.95056 2.31667 0.08000
v 1.98787 2.36213 0.08000
v 2.03333 2.39944 0.08000
v 2.08519 2.42716 0.08000
v 2.14147 2.44424 0.08000
v 1.88760 2.21214 0.05228
v 1.89715 2.21024 0.05879
v 1.90352 2.20897 0.06852
v 1.90573 2.27189 0.05228
v 1.91472 2.26817 0.05879
v 1.92073 2.26568 0.06852
v 1.93516 2.32696 0.05228
v 1.94325 2.32155 0.05879
v 1.94866 2.31794 0.06852
v 1.97477 2.37523 0.05228
v 1.98165 2.36835 0.05879
v 1.98625 2.36375 0.06852
v 2.02304 2.41484 0.05228
v 2.02845 2.40675 0.05879
v 2.03206 2.40134 0.06852
v 2.07811 2.44427 0.05228
v 2.08183 2.43528 0.05879
v 2.08432 2.42927 0.06852
v 2.13786 2.46240 0.05228
v 2.13976 2.45285 0.05879
v 2.14103 2.44648 0.06852
v 4.47000 0.22000 1.25000
v 4.46772 0.23148 1.25000
v 4.46121 0.24121 1.25000
v 4.45148 0.24772 1.25000
v 4.44000 0.25000 1.25000
v 4.44000 0.45000 1.45000
v 4.44000 0.41098 1.44616
v 4.44000 0.37346 1.43478
v 4.44000 0.33889 1.41629
v 4.44000 0.30858 1.39142
v 4.44000 0.28371 1.36111
v 4.44000 0.26522 1.32654
v 4.44000 0.25384 1.28902
v 4.47000 0.45000 1.48000
v 4.46772 0.45000 1.46852
v 4.46121 0.45000 1.45879
v 4.45148 0.45000 1.45228
v 4.47000 0.22442 1.29487
v 4.47000 0.23751 1.33802
v 4.47000 0.25876 1.37778
v 4.47000 0.28737 1.41263
v 4.47000 0.32222 1.44124
v 4.47000 0.36198 1.46249
v 4.47000 0.40513 1.47558
v 4.45148 0.25160 1.28946
v 4.46121 0.24522 1.29073
v 4.46772 0.23568 1.29263
v 4.45148 0.26311 1.32741
v 4.46121 0.25711 1.32990
v 4.46772 0.24811 1.33362
v 4.45148 0.28181 1.36238
v 4.46121 0.27640 1.36600
v 4.46772 0.26831 1.37140
v 4.45148 0.30696 1.39304
v 4.46121 0.30237 1.39763
v 4.46772 0.29548 1.40452
v 4.45148 0.33762 1.41819
v 4.46121 0.33400 1.42360
v 4.46772 0.32860 1.43169
v 4.45148 0.37259 1.43689
v 4.46121 0.37010 1.44289
v 4.46772 0.36638 1.45189
v 4.45148 0.41054 1.44840
v 4.46121 0.40927 1.45478
v 4.46772 0.40737 1.46432
v 2.20000 2.45000 0.08000
v 2.20000 2.45228 0.06852
v 2.20000 2.45879 0.05879
v 2.20000 2.46852 0.05228
v 2.20000 2.48000 0.05000
v 3.47000 2.48000 0.05000
v 3.47000 2.45000 0.08000
v 3.47000 2.45228 0.06852
v 3.47000 2.45879 0.05879
v 3.47000 2.46852 0.05228
v 4.47000 0.45000 1.48000
v 4.46772 0.45000 1.46852
v 4.46121 0.45000 1.45879
v 4.45148 0.45000 1.45228
v 4.44000 0.45000 1.45000
v 4.44000 0.65000 1.25000
v 4.44000 0.64616 1.28902
v 4.44000 0.63478 1.32654
v 4.44000 0.61629 1.36111
v 4.44000 0.59142 1.39142
v 4.44000 0.56111 1.41629
v 4.44000 0.52654 1.43478
v 4.44000 0.48902 1.44616
v 4.47000 0.68000 1.25000
v 4.46772 0.66852 1.25000
v 4.46121 0.65879 1.25000
v 4.45148 0.65228 1.25000
v 4.47000 0.49487 1.47558
v 4.47000 0.53802 1.46249
v 4.47000 0.57778 1.44124
v 4.47000 0.61263 1.41263
v 4.47000 0.64124 1.37778
v 4.47000 0.66249 1.33802
v 4.47000 0.67558 1.29487
v 4.45148 0.48946 1.44840
v 4.46121 0.49073 1.45478
v 4.46772 0.49263 1.46432
v 4.45148 0.52741 1.43689
v 4.46121 0.52990 1.44289
v 4.46772 0.53362 1.45189
v 4.45148 0.56238 1.41819
v 4.46121 0.56600 1.42360
v 4.46772 0.57140 1.43169
v 4.45148 0.59304 1.39304
v 4.46121 0.59763 1.39763
v 4.46772 0.60452 1.40452
v 4.45148 0.61819 1.36238
v 4.46121 0.62360 1.36600
v 4.46772 0.63169 1.37140
v 4.45148 0.63689 1.32741
v 4.46121 0.64289 1.32990
v 4.46772 0.65189 1.33362
v 4.45148 0.64840 1.28946
v 4.46121 0.65478 1.29073
v 4.46772 0.66432 1.29263
v 3.47000 2.45000 0.08000
v 3.47000 2.45228 0.06852
v 3.47000 2.45879 0.05879
v 3.47000 2.46852 0.05228
v 3.47000 2.48000 0.05000
v 4.47000 2.48000 1.05000
v 4.45079 2.48000 0.85491
v 4.39388 2.48000 0.66732
v 4.30147 2.48000 0.49443
v 4.17711 2.48000 0.34289
v 4.02557 2.48000 0.21853
v 3.85268 2.48000 0.12612
v 3.66509 2.48000 0.06921
v 4.44000 2.45000 1.05000
v 4.45148 2.45228 1.05000
v 4.46121 2.45879 1.05000
v 4.46772 2.46852 1.05000
v 3.65924 2.45000 0.09864
v 3.84120 2.45000 0.15384
v 4.00890 2.45000 0.24347
v 4.15589 2.45000 0.36411
v 4.27653 2.45000 0.51110
v 4.36616 2.45000 0.67880
v 4.42136 2.45000 0.86076
v 4.43262 2.45228 0.85852
v 4.44217 2.45879 0.85662
v 4.44855 2.46852 0.85536
v 4.37677 2.45228 0.67440
v 4.38576 2.45879 0.67068
v 4.39177 2.46852 0.66819
v 4.28607 2.45228 0.50472
v 4.29416 2.45879 0.49931
v 4.29957 2.46852 0.49570
v 4.16401 2.45228 0.35599
v 4.17089 2.45879 0.34911
v 4.17549 2.46852 0.34451
v 4.01528 2.45228 0.23393
v 4.02069 2.45879 0.22584
v 4.02430 2.46852 0.22043
v 3.84560 2.45228 0.14323
v 3.84932 2.45879 0.13424
v 3.85181 2.46852 0.12823
v 3.66148 2.45228 0.08738
v 3.66338 2.45879 0.07783
v 3.66464 2.46852 0.07145
v 4.47000 0.68000 1.25000
v 4.46772 0.66852 1.25000
v 4.46121 0.65879 1.25000
v 4.45148 0.65228 1.25000
v 4.44000 0.65000 1.25000
v 4.44000 0.65000 0.33840
v 4.47000 0.68000 0.33840
v 4.46772 0.66852 0.33840
v 4.46121 0.65879 0.33840
v 4.45148 0.65228 0.33840
v 4.44000 2.45000 1.05000
v 4.45148 2.45228 1.05000
v 4.46121 2.45879 1.05000
v 4.46772 2.46852 1.05000
v 4.47000 2.48000 1.05000
v 4.47000 2.48000 1.25000
v 4.44000 2.45000 1.25000
v 4.45148 2.45228 1.25000
v 4.46121 2.45879 1.25000
v 4.46772 2.46852 1.25000
v 4.47000 0.68000 0.33840
v 4.46772 0.66852 0.33840
v 4.46121 0.65879 0.33840
v 4.45148 0.65228 0.33840
v 4.44000 0.65000 0.33840
v 4.44000 0.71580 0.24443
v 4.44000 0.70000 0.25180
v 4.44000 0.68572 0.26180
v 4.44000 0.67340 0.27412
v 4.44000 0.66340 0.28840
v 4.44000 0.65603 0.30420
v 4.44000 0.65152 0.32104
v 4.47000 0.72606 0.27262
v 4.46772 0.72213 0.26184
v 4.46121 0.71880 0.25269
v 4.45148 0.71658 0.24658
v 4.47000 0.68106 0.32625
v 4.47000 0.68422 0.31446
v 4.47000 0.68938 0.30340
v 4.47000 0.69638 0.29341
v 4.47000 0.70500 0.28478
v 4.47000 0.71500 0.27778
v 4.46772 0.70926 0.26784
v 4.46121 0.70439 0.25941
v 4.46772 0.69763 0.27599
v 4.45148 0.70114 0.25378
v 4.46121 0.69137 0.26853
v 4.46772 0.68758 0.28603
v 4.45148 0.68719 0.26355
v 4.46121 0.68013 0.27977
v 4.46772 0.67944 0.29766
v 4.45148 0.67514 0.27559
v 4.46121 0.67101 0.29280
v 4.46772 0.67343 0.31053
v 4.45148 0.66538 0.28954
v 4.46121 0.66429 0.30721
v 4.46772 0.66976 0.32425
v 4.45148 0.65818 0.30498
v 4.46121 0.66017 0.32256
v 4.45148 0.65377 0.32143
v 4.44000 2.45000 1.25000
v 4.45148 2.45228 1.25000
v 4.46121 2.45879 1.25000
v 4.46772 2.46852 1.25000
v 4.47000 2.48000 1.25000
v 4.47000 2.25000 1.48000
v 4.47000 2.29487 1.47558
v 4.47000 2.33802 1.46249
v 4.47000 2.37778 1.44124
v 4.47000 2.41263 1.41263
v 4.47000 2.44124 1.37778
v 4.47000 2.46249 1.33802
v 4.47000 2.47558 1.29487
v 4.44000 2.25000 1.45000
v 4.45148 2.25000 1.45228
v 4.46121 2.25000 1.45879
v 4.46772 2.25000 1.46852
v 4.44000 2.44616 1.28902
v 4.44000 2.43478 1.32654
v 4.44000 2.41629 1.36111
v 4.44000 2.39142 1.39142
v 4.44000 2.36111 1.41629
v 4.44000 2.32654 1.43478
v 4.44000 2.28902 1.44616
v 4.45148 2.28946 1.44840
v 4.46121 2.29073 1.45478
v 4.46772 2.29263 1.46432
v 4.45148 2.32741 1.43689
v 4.46121 2.32990 1.44289
v 4.46772 2.33362 1.45189
v 4.45148 2.36238 1.41819
v 4.46121 2.36600 1.42360
v 4.46772 2.37140 1.43169
v 4.45148 2.39304 1.39304
v 4.46121 2.39763 1.39763
v 4.46772 2.40452 1.40452
v 4.45148 2.41819 1.36238
v 4.46121 2.42360 1.36600
v 4.46772 2.43169 1.37140
v 4.45148 2.43689 1.32741
v 4.46121 2.44289 1.32990
v 4.46772 2.45189 1.33362
v 4.45148 2.44840 1.28946
v 4.46121 2.45478 1.29073
v 4.46772 2.46432 1.29263
v 4.47000 0.72606 0.27262
v 4.46772 0.72213 0.26184
v 4.46121 0.71880 0.25269
v 4.45148 0.71658 0.24658
v 4.44000 0.71580 0.24443
v 4.44000 1.18420 0.07395
v 4.47000 1.19446 0.10214
v 4.46772 1.19054 0.09135
v 4.46121 1.18721 0.08221
v 4.45148 1.18498 0.07609
v 4.44000 2.25000 1.45000
v 4.45148 2.25000 1.45228
v 4.46121 2.25000 1.45879
v 4.46772 2.25000 1.46852
v 4.47000 2.25000 1.48000
v 4.47000 2.02000 1.25000
v 4.47000 2.02442 1.29487
v 4.47000 2.03751 1.33802
v 4.47000 2.05876 1.37778
v 4.47000 2.08737 1.41263
v 4.47000 2.12222 1.44124
v 4.47000 2.16198 1.46249
v 4.47000 2.20513 1.47558
v 4.44000 2.05000 1.25000
v 4.45148 2.04772 1.25000
v 4.46121 2.04121 1.25000
v 4.46772 2.03148 1.25000
v 4.44000 2.21098 1.44616
v 4.44000 2.17346 1.43478
v 4.44000 2.13889 1.41629
v 4.44000 2.10858 1.39142
v 4.44000 2.08371 1.36111
v 4.44000 2.06522 1.32654
v 4.44000 2.05384 1.28902
v 4.45148 2.05160 1.28946
v 4.46121 2.04522 1.29073
v 4.46772 2.03568 1.29263
v 4.45148 2.06311 1.32741
v 4.46121 2.05711 1.32990
v 4.46772 2.04811 1.33362
v 4.45148 2.08181 1.36238
v 4.46121 2.07640 1.36600
v 4.46772 2.06831 1.37140
v 4.45148 2.10696 1.39304
v 4.46121 2.10237 1.39763
v 4.46772 2.09548 1.40452
v 4.45148 2.13762 1.41819
v 4.46121 2.13400 1.42360
v 4.46772 2.12860 1.43169
v 4.45148 2.17259 1.43689
v 4.46121 2.17010 1.44289
v 4.46772 2.16638 1.45189
v 4.45148 2.21054 1.44840
v 4.46121 2.20927 1.45478
v 4.46772 2.20737 1.46432
v 4.47000 1.19446 0.10214
v 4.46772 1.19054 0.09135
v 4.46121 1.18721 0.08221
v 4.45148 1.18498 0.07609
v 4.44000 1.18420 0.07395
v 4.44000 1.25000 -0.02002
v 4.44000 1.24848 -0.00266
v 4.44000 1.24397 0.01418
v 4.44000 1.23660 0.02998
v 4.44000 1.22660 0.04426
v 4.44000 1.21428 0.05658
v 4.44000 1.20000 0.06658
v 4.47000 1.28000 -0.02002
v 4.46772 1.26852 -0.02002
v 4.46121 1.25879 -0.02002
v 4.45148 1.25228 -0.02002
v 4.47000 1.21500 0.09256
v 4.47000 1.23356 0.07957
v 4.47000 1.24959 0.06354
v 4.47000 1.26258 0.04498
v 4.47000 1.27216 0.02444
v 4.47000 1.27803 0.00255
v 4.45148 1.20114 0.06856
v 4.46121 1.20439 0.07419
v 4.45148 1.21575 0.05833
v 4.46772 1.20926 0.08262
v 4.46121 1.21993 0.06331
v 4.45148 1.22835 0.04573
v 4.46772 1.22618 0.07077
v 4.46121 1.23334 0.04991
v 4.45148 1.23858 0.03112
v 4.46772 1.24079 0.05616
v 4.46121 1.24421 0.03437
v 4.45148 1.24612 0.01496
v 4.46772 1.25264 0.03924
v 4.46121 1.25223 0.01719
v 4.45148 1.25073 -0.00226
v 4.46772 1.26137 0.02052
v 4.46121 1.25713 -0.00113
v 4.46772 1.26672 0.00056
v 4.44000 2.05000 1.25000
v 4.45148 2.04772 1.25000
v 4.46121 2.04121 1.25000
v 4.46772 2.03148 1.25000
v 4.47000 2.02000 1.25000
v 4.47000 2.02000 -0.45000
v 4.44000 2.05000 -0.45000
v 4.45148 2.04772 -0.45000
v 4.46121 2.04121 -0.45000
v 4.46772 2.03148 -0.45000
v 4.47000 1.28000 -0.02002
v 4.46772 1.26852 -0.02002
v 4.46121 1.25879 -0.02002
v 4.45148 1.25228 -0.02002
v 4.44000 1.25000 -0.02002
v 4.44000 1.25000 -0.45000
v 4.47000 1.28000 -0.45000
v 4.46772 1.26852 -0.45000
v 4.46121 1.25879 -0.45000
v 4.45148 1.25228 -0.45000
v 4.44000 2.05000 -0.45000
v 4.45148 2.04772 -0.45000
v 4.46121 2.04121 -0.45000
v 4.46772 2.03148 -0.45000
v 4.47000 2.02000 -0.45000
v 4.47000 1.65000 -0.82000
v 4.47000 1.72218 -0.81289
v 4.47000 1.79159 -0.79184
v 4.47000 1.85556 -0.75764
v 4.47000 1.91163 -0.71163
v 4.47000 1.95764 -0.65556
v 4.47000 1.99184 -0.59159
v 4.47000 2.01289 -0.52218
v 4.44000 1.65000 -0.85000
v 4.45148 1.65000 -0.84772
v 4.46121 1.65000 -0.84121
v 4.46772 1.65000 -0.83148
v 4.44000 2.04231 -0.52804
v 4.44000 2.01955 -0.60307
v 4.44000 1.98259 -0.67223
v 4.44000 1.93284 -0.73284
v 4.44000 1.87223 -0.78259
v 4.44000 1.80307 -0.81955
v 4.44000 1.72804 -0.84231
v 4.46772 2.02415 -0.52442
v 4.46121 2.03370 -0.52632
v 4.45148 2.04007 -0.52759
v 4.46772 2.00244 -0.59599
v 4.46121 2.01143 -0.59971
v 4.45148 2.01744 -0.60220
v 4.46772 1.96719 -0.66194
v 4.46121 1.97528 -0.66735
v 4.45148 1.98069 -0.67096
v 4.46772 1.91975 -0.71975
v 4.46121 1.92663 -0.72663
v 4.45148 1.93123 -0.73123
v 4.46772 1.86194 -0.76719
v 4.46121 1.86735 -0.77528
v 4.45148 1.87096 -0.78069
v 4.46772 1.79599 -0.80244
v 4.46121 1.79971 -0.81143
v 4.45148 1.80220 -0.81744
v 4.46772 1.72442 -0.82415
v 4.46121 1.72632 -0.83370
v 4.45148 1.72759 -0.84007
v 4.47000 1.28000 -0.45000
v 4.46772 1.26852 -0.45000
v 4.46121 1.25879 -0.45000
v 4.45148 1.25228 -0.45000
v 4.44000 1.25000 -0.45000
v 4.44000 1.65000 -0.85000
v 4.44000 1.57196 -0.84231
v 4.44000 1.49693 -0.81955
v 4.44000 1.42777 -0.78259
v 4.44000 1.36716 -0.73284
v 4.44000 1.31741 -0.67223
v 4.44000 1.28045 -0.60307
v 4.44000 1.25769 -0.52804
v 4.45148 1.65000 -0.84772
v 4.46121 1.65000 -0.84121
v 4.46772 1.65000 -0.83148
v 4.47000 1.65000 -0.82000
v 4.47000 1.28711 -0.52218
v 4.47000 1.30816 -0.59159
v 4.47000 1.34236 -0.65556
v 4.47000 1.38837 -0.71163
v 4.47000 1.44444 -0.75764
v 4.47000 1.50841 -0.79184
v 4.47000 1.57782 -0.81289
v 4.46772 1.57558 -0.82415
v 4.46121 1.57368 -0.83370
v 4.45148 1.57241 -0.84007
v 4.46772 1.50401 -0.80244
v 4.46121 1.50029 -0.81143
v 4.45148 1.49780 -0.81744
v 4.46772 1.43806 -0.76719
v 4.46121 1.43265 -0.77528
v 4.45148 1.42904 -0.78069
v 4.46772 1.38025 -0.71975
v 4.46121 1.37337 -0.72663
v 4.45148 1.36877 -0.73123
v 4.46772 1.33281 -0.66194
v 4.46121 1.32472 -0.66735
v 4.45148 1.31931 -0.67096
v 4.46772 1.29756 -0.59599
v 4.46121 1.28857 -0.59971
v 4.45148 1.28256 -0.60220
v 4.46772 1.27585 -0.52442
v 4.46121 1.26630 -0.52632
v 4.45148 1.25993 -0.52759
v 4.20000 0.25000 1.25000
v 4.18852 0.24772 1.25000
v 4.17879 0.24121 1.25000
v 4.17228 0.23148 1.25000
v 4.17000 0.22000 1.25000
v 4.20000 0.25000 1.05000
v 4.17000 0.22000 1.05000
v 4.17228 0.23148 1.05000
v 4.17879 0.24121 1.05000
v 4.18852 0.24772 1.05000
v 4.17000 0.22000 1.05000
v 4.17228 0.23148 1.05000
v 4.17879 0.24121 1.05000
v 4.18852 0.24772 1.05000
v 4.20000 0.25000 1.05000
v 3.47000 0.25000 0.32000
v 3.61242 0.25000 0.33403
v 3.74936 0.25000 0.37557
v 3.87557 0.25000 0.44303
v 3.98619 0.25000 0.53381
v 4.07697 0.25000 0.64443
v 4.14443 0.25000 0.77064
v 4.18597 0.25000 0.90758
v 3.47000 0.22000 0.35000
v 3.47000 0.23148 0.34772
v 3.47000 0.24121 0.34121
v 3.47000 0.24772 0.33148
v 4.15655 0.22000 0.91344
v 4.11672 0.22000 0.78212
v 4.05203 0.22000 0.66110
v 3.96497 0.22000 0.55503
v 3.85890 0.22000 0.46797
v 3.73788 0.22000 0.40328
v 3.60656 0.22000 0.36345
v 3.60701 0.23148 0.36121
v 3.60828 0.24121 0.35483
v 3.61018 0.24772 0.34529
v 3.73875 0.23148 0.40117
v 3.74124 0.24121 0.39517
v 3.74497 0.24772 0.38617
v 3.86017 0.23148 0.46607
v 3.86378 0.24121 0.46067
v 3.86919 0.24772 0.45257
v 3.96659 0.23148 0.55341
v 3.97119 0.24121 0.54881
v 3.97807 0.24772 0.54193
v 4.05393 0.23148 0.65983
v 4.05933 0.24121 0.65622
v 4.06743 0.24772 0.65081
v 4.11883 0.23148 0.78125
v 4.12483 0.24121 0.77876
v 4.13383 0.24772 0.77503
v 4.15879 0.23148 0.91299
v 4.16517 0.24121 0.91172
v 4.17471 0.24772 0.90982
v 4.20000 0.25000 1.25000
v 4.18852 0.24772 1.25000
v 4.17879 0.24121 1.25000
v 4.17228 0.23148 1.25000
v 4.17000 0.22000 1.25000
v 4.17000 0.45000 1.48000
v 4.17000 0.40513 1.47558
v 4.17000 0.36198 1.46249
v 4.17000 0.32222 1.44124
v 4.17000 0.28737 1.41263
v 4.17000 0.25876 1.37778
v 4.17000 0.23751 1.33802
v 4.17000 0.22442 1.29487
v 4.20000 0.45000 1.45000
v 4.18852 0.45000 1.45228
v 4.17879 0.45000 1.45879
v 4.17228 0.45000 1.46852
v 4.20000 0.25384 1.28902
v 4.20000 0.26522 1.32654
v 4.20000 0.28371 1.36111
v 4.20000 0.30858 1.39142
v 4.20000 0.33889 1.41629
v 4.20000 0.37346 1.43478
v 4.20000 0.41098 1.44616
v 4.18852 0.41054 1.44840
v 4.17879 0.40927 1.45478
v 4.17228 0.40737 1.46432
v 4.18852 0.37259 1.43689
v 4.17879 0.37010 1.44289
v 4.17228 0.36638 1.45189
v 4.18852 0.33762 1.41819
v 4.17879 0.33400 1.42360
v 4.17228 0.32860 1.43169
v 4.18852 0.30696 1.39304
v 4.17879 0.30237 1.39763
v 4.17228 0.29548 1.40452
v 4.18852 0.28181 1.36238
v 4.17879 0.27640 1.36600
v 4.17228 0.26831 1.37140
v 4.18852 0.26311 1.32741
v 4.17879 0.25711 1.32990
v 4.17228 0.24811 1.33362
v 4.18852 0.25160 1.28946
v 4.17879 0.24522 1.29073
v 4.17228 0.23568 1.29263
v 3.47000 0.22000 0.35000
v 3.47000 0.23148 0.34772
v 3.47000 0.24121 0.34121
v 3.47000 0.24772 0.33148
v 3.47000 0.25000 0.32000
v 2.20000 0.25000 0.32000
v 2.20000 0.22000 0.35000
v 2.20000 0.23148 0.34772
v 2.20000 0.24121 0.34121
v 2.20000 0.24772 0.33148
v 4.20000 0.45000 1.45000
v 4.18852 0.45000 1.45228
v 4.17879 0.45000 1.45879
v 4.17228 0.45000 1.46852
v 4.17000 0.45000 1.48000
v 4.17000 0.68000 1.25000
v 4.17000 0.67558 1.29487
v 4.17000 0.66249 1.33802
v 4.17000 0.64124 1.37778
v 4.17000 0.61263 1.41263
v 4.17000 0.57778 1.44124
v 4.17000 0.53802 1.46249
v 4.17000 0.49487 1.47558
v 4.20000 0.65000 1.25000
v 4.18852 0.65228 1.25000
v 4.17879 0.65879 1.25000
v 4.17228 0.66852 1.25000
v 4.20000 0.48902 1.44616
v 4.20000 0.52654 1.43478
v 4.20000 0.56111 1.41629
v 4.20000 0.59142 1.39142
v 4.20000 0.61629 1.36111
v 4.20000 0.63478 1.32654
v 4.20000 0.64616 1.28902
v 4.18852 0.64840 1.28946
v 4.17879 0.65478 1.29073
v 4.17228 0.66432 1.29263
v 4.18852 0.63689 1.32741
v 4.17879 0.64289 1.32990
v 4.17228 0.65189 1.33362
v 4.18852 0.61819 1.36238
v 4.17879 0.62360 1.36600
v 4.17228 0.63169 1.37140
v 4.18852 0.59304 1.39304
v 4.17879 0.59763 1.39763
v 4.17228 0.60452 1.40452
v 4.18852 0.56238 1.41819
v 4.17879 0.56600 1.42360
v 4.17228 0.57140 1.43169
v 4.18852 0.52741 1.43689
v 4.17879 0.52990 1.44289
v 4.17228 0.53362 1.45189
v 4.18852 0.48946 1.44840
v 4.17879 0.49073 1.45478
v 4.17228 0.49263 1.46432
v 2.20000 0.22000 0.35000
v 2.20000 0.23148 0.34772
v 2.20000 0.24121 0.34121
v 2.20000 0.24772 0.33148
v 2.20000 0.25000 0.32000
v 1.90000 0.55000 0.32000
v 1.90576 0.49147 0.32000
v 1.92284 0.43519 0.32000
v 1.95056 0.38333 0.32000
v 1.98787 0.33787 0.32000
v 2.03333 0.30056 0.32000
v 2.08519 0.27284 0.32000
v 2.14147 0.25576 0.32000
v 1.87000 0.55000 0.35000
v 1.88148 0.55000 0.34772
v 1.89121 0.55000 0.34121
v 1.89772 0.55000 0.33148
v 2.13562 0.22634 0.35000
v 2.07371 0.24512 0.35000
v 2.01666 0.27562 0.35000
v 1.96665 0.31665 0.35000
v 1.92562 0.36666 0.35000
v 1.89512 0.42371 0.35000
v 1.87634 0.48562 0.35000
v 2.14103 0.25352 0.33148
v 2.13976 0.24715 0.34121
v 2.13786 0.23760 0.34772
v 2.08432 0.27073 0.33148
v 2.08183 0.26472 0.34121
v 2.07811 0.25573 0.34772
v 2.03206 0.29866 0.33148
v 2.02845 0.29325 0.34121
v 2.02304 0.28516 0.34772
v 1.98625 0.33625 0.33148
v 1.98165 0.33165 0.34121
v 1.97477 0.32477 0.34772
v 1.94866 0.38206 0.33148
v 1.94325 0.37845 0.34121
v 1.93516 0.37304 0.34772
v 1.92073 0.43432 0.33148
v 1.91472 0.43183 0.34121
v 1.90573 0.42811 0.34772
v 1.90352 0.49103 0.33148
v 1.89715 0.48976 0.34121
v 1.88760 0.48786 0.34772
v 4.20000 0.65000 1.25000
v 4.18852 0.65228 1.25000
v 4.17879 0.65879 1.25000
v 4.17228 0.66852 1.25000
v 4.17000 0.68000 1.25000
v 4.17000 0.68000 0.33840
v 4.20000 0.65000 0.33840
v 4.18852 0.65228 0.33840
v 4.17879 0.65879 0.33840
v 4.17228 0.66852 0.33840
v 1.87000 0.55000 0.35000
v 1.88148 0.55000 0.34772
v 1.89121 0.55000 0.34121
v 1.89772 0.55000 0.33148
v 1.90000 0.55000 0.32000
v 1.90000 2.15000 0.32000
v 1.87000 2.15000 0.35000
v 1.88148 2.15000 0.34772
v 1.89121 2.15000 0.34121
v 1.89772 2.15000 0.33148
v 4.20000 0.65000 0.33840
v 4.18852 0.65228 0.33840
v 4.17879 0.65879 0.33840
v 4.17228 0.66852 0.33840
v 4.17000 0.68000 0.33840
v 4.17000 0.72606 0.27262
v 4.17000 0.71500 0.27778
v 4.17000 0.70500 0.28478
v 4.17000 0.69638 0.29341
v 4.17000 0.68938 0.30340
v 4.17000 0.68422 0.31446
v 4.17000 0.68106 0.32625
v 4.20000 0.71580 0.24443
v 4.18852 0.71658 0.24658
v 4.17879 0.71880 0.25269
v 4.17228 0.72213 0.26184
v 4.20000 0.65152 0.32104
v 4.20000 0.65603 0.30420
v 4.20000 0.66340 0.28840
v 4.20000 0.67340 0.27412
v 4.20000 0.68572 0.26180
v 4.20000 0.70000 0.25180
v 4.17228 0.66976 0.32425
v 4.17879 0.66017 0.32256
v 4.17228 0.67343 0.31053
v 4.18852 0.65377 0.32143
v 4.17879 0.66429 0.30721
v 4.17228 0.67944 0.29766
v 4.18852 0.65818 0.30498
v 4.17879 0.67101 0.29280
v 4.17228 0.68758 0.28603
v 4.18852 0.66538 0.28954
v 4.17879 0.68013 0.27977
v 4.17228 0.69763 0.27599
v 4.18852 0.67514 0.27559
v 4.17879 0.69137 0.26853
v 4.17228 0.70926 0.26784
v 4.18852 0.68719 0.26355
v 4.17879 0.70439 0.25941
v 4.18852 0.70114 0.25378
v 1.87000 2.15000 0.35000
v 1.88148 2.15000 0.34772
v 1.89121 2.15000 0.34121
v 1.89772 2.15000 0.33148
v 1.90000 2.15000 0.32000
v 2.20000 2.45000 0.32000
v 2.14147 2.44424 0.32000
v 2.08519 2.42716 0.32000
v 2.03333 2.39944 0.32000
v 1.98787 2.36213 0.32000
v 1.95056 2.31667 0.32000
v 1.92284 2.26481 0.32000
v 1.90576 2.20853 0.32000
v 2.20000 2.48000 0.35000
v 2.20000 2.46852 0.34772
v 2.20000 2.45879 0.34121
v 2.20000 2.45228 0.33148
v 1.87634 2.21438 0.35000
v 1.89512 2.27629 0.35000
v 1.92562 2.33334 0.35000
v 1.96665 2.38335 0.35000
v 2.01666 2.42438 0.35000
v 2.07371 2.45488 0.35000
v 2.13562 2.47366 0.35000
v 1.90352 2.20897 0.33148
v 1.89715 2.21024 0.34121
v 1.88760 2.21214 0.34772
v 1.92073 2.26568 0.33148
v 1.91472 2.26817 0.34121
v 1.90573 2.27189 0.34772
v 1.94866 2.31794 0.33148
v 1.94325 2.32155 0.34121
v 1.93516 2.32696 0.34772
v 1.98625 2.36375 0.33148
v 1.98165 2.36835 0.34121
v 1.97477 2.37523 0.34772
v 2.03206 2.40134 0.33148
v 2.02845 2.40675 0.34121
v 2.02304 2.41484 0.34772
v 2.08432 2.42927 0.33148
v 2.08183 2.43528 0.34121
v 2.07811 2.44427 0.34772
v 2.14103 2.44648 0.33148
v 2.13976 2.45285 0.34121
v 2.13786 2.46240 0.34772
v 4.20000 0.71580 0.24443
v 4.18852 0.71658 0.24658
v 4.17879 0.71880 0.25269
v 4.17228 0.72213 0.26184
v 4.17000 0.72606 0.27262
v 4.17000 1.19446 0.10214
v 4.20000 1.18420 0.07395
v 4.18852 1.18498 0.07609
v 4.17879 1.18721 0.08221
v 4.17228 1.19054 0.09135
v 2.20000 2.48000 0.35000
v 2.20000 2.46852 0.34772
v 2.20000 2.45879 0.34121
v 2.20000 2.45228 0.33148
v 2.20000 2.45000 0.32000
v 3.47000 2.45000 0.32000
v 3.47000 2.48000 0.35000
v 3.47000 2.46852 0.34772
v 3.47000 2.45879 0.34121
v 3.47000 2.45228 0.33148
v 4.20000 1.18420 0.07395
v 4.18852 1.18498 0.07609
v 4.17879 1.18721 0.08221
v 4.17228 1.19054 0.09135
v 4.17000 1.19446 0.10214
v 4.17000 1.28000 -0.02002
v 4.17000 1.27803 0.00255
v 4.17000 1.27216 0.02444
v 4.17000 1.26258 0.04498
v 4.17000 1.24959 0.06354
v 4.17000 1.23356 0.07957
v 4.17000 1.21500 0.09256
v 4.20000 1.25000 -0.02002
v 4.18852 1.25228 -0.02002
v 4.17879 1.25879 -0.02002
v 4.17228 1.26852 -0.02002
v 4.20000 1.20000 0.06658
v 4.20000 1.21428 0.05658
v 4.20000 1.22660 0.04426
v 4.20000 1.23660 0.02998
v 4.20000 1.24397 0.01418
v 4.20000 1.24848 -0.00266
v 4.18852 1.25073 -0.00226
v 4.17879 1.25713 -0.00113
v 4.18852 1.24612 0.01496
v 4.17228 1.26672 0.00056
v 4.17879 1.25223 0.01719
v 4.18852 1.23858 0.03112
v 4.17228 1.26137 0.02052
v 4.17879 1.24421 0.03437
v 4.18852 1.22835 0.04573
v 4.17228 1.25264 0.03924
v 4.17879 1.23334 0.04991
v 4.18852 1.21575 0.05833
v 4.17228 1.24079 0.05616
v 4.17879 1.21993 0.06331
v 4.18852 1.20114 0.06856
v 4.17228 1.22618 0.07077
v 4.17879 1.20439 0.07419
v 4.17228 1.20926 0.08262
v 3.47000 2.48000 0.35000
v 3.47000 2.46852 0.34772
v 3.47000 2.45879 0.34121
v 3.47000 2.45228 0.33148
v 3.47000 2.45000 0.32000
v 4.20000 2.45000 1.05000
v 4.18597 2.45000 0.90758
v 4.14443 2.45000 0.77064
v 4.07697 2.45000 0.64443
v 3.98619 2.45000 0.53381
v 3.87557 2.45000 0.44303
v 3.74936 2.45000 0.37557
v 3.61242 2.45000 0.33403
v 4.17000 2.48000 1.05000
v 4.17228 2.46852 1.05000
v 4.17879 2.45879 1.05000
v 4.18852 2.45228 1.05000
v 3.60656 2.48000 0.36345
v 3.73788 2.48000 0.40328
v 3.85890 2.48000 0.46797
v 3.96497 2.48000 0.55503
v 4.05203 2.48000 0.66110
v 4.11672 2.48000 0.78212
v 4.15655 2.48000 0.91344
v 4.15879 2.46852 0.91299
v 4.16517 2.45879 0.91172
v 4.17471 2.45228 0.90982
v 4.11883 2.46852 0.78125
v 4.12483 2.45879 0.77876
v 4.13383 2.45228 0.77503
v 4.05393 2.46852 0.65983
v 4.05933 2.45879 0.65622
v 4.06743 2.45228 0.65081
v 3.96659 2.46852 0.55341
v 3.97119 2.45879 0.54881
v 3.97807 2.45228 0.54193
v 3.86017 2.46852 0.46607
v 3.86378 2.45879 0.46067
v 3.86919 2.45228 0.45257
v 3.73875 2.46852 0.40117
v 3.74124 2.45879 0.39517
v 3.74497 2.45228 0.38617
v 3.60701 2.46852 0.36121
v 3.60828 2.45879 0.35483
v 3.61018 2.45228 0.34529
v 4.20000 1.25000 -0.02002
v 4.18852 1.25228 -0.02002
v 4.17879 1.25879 -0.02002
v 4.17228 1.26852 -0.02002
v 4.17000 1.28000 -0.02002
v 4.17000 1.28000 -0.45000
v 4.20000 1.25000 -0.45000
v 4.18852 1.25228 -0.45000
v 4.17879 1.25879 -0.45000
v 4.17228 1.26852 -0.45000
v 4.17000 2.48000 1.05000
v 4.17228 2.46852 1.05000
v 4.17879 2.45879 1.05000
v 4.18852 2.45228 1.05000
v 4.20000 2.45000 1.05000
v 4.20000 2.45000 1.25000
v 4.17000 2.48000 1.25000
v 4.17228 2.46852 1.25000
v 4.17879 2.45879 1.25000
v 4.18852 2.45228 1.25000
v 4.20000 1.25000 -0.45000
v 4.18852 1.25228 -0.45000
v 4.17879 1.25879 -0.45000
v 4.17228 1.26852 -0.45000
v 4.17000 1.28000 -0.45000
v 4.17000 1.65000 -0.82000
v 4.17000 1.57782 -0.81289
v 4.17000 1.50841 -0.79184
v 4.17000 1.44444 -0.75764
v 4.17000 1.38837 -0.71163
v 4.17000 1.34236 -0.65556
v 4.17000 1.30816 -0.59159
v 4.17000 1.28711 -0.52218
v 4.20000 1.65000 -0.85000
v 4.18852 1.65000 -0.84772
v 4.17879 1.65000 -0.84121
v 4.17228 1.65000 -0.83148
v 4.20000 1.25769 -0.52804
v 4.20000 1.28045 -0.60307
v 4.20000 1.31741 -0.67223
v 4.20000 1.36716 -0.73284
v 4.20000 1.42777 -0.78259
v 4.20000 1.49693 -0.81955
v 4.20000 1.57196 -0.84231
v 4.17228 1.27585 -0.52442
v 4.17879 1.26630 -0.52632
v 4.18852 1.25993 -0.52759
v 4.17228 1.29756 -0.59599
v 4.17879 1.28857 -0.59971
v 4.18852 1.28256 -0.60220
v 4.17228 1.33281 -0.66194
v 4.17879 1.32472 -0.66735
v 4.18852 1.31931 -0.67096
v 4.17228 1.38025 -0.71975
v 4.17879 1.37337 -0.72663
v 4.18852 1.36877 -0.73123
v 4.17228 1.43806 -0.76719
v 4.17879 1.43265 -0.77528
v 4.18852 1.42904 -0.78069
v 4.17228 1.50401 -0.80244
v 4.17879 1.50029 -0.81143
v 4.18852 1.49780 -0.81744
v 4.17228 1.57558 -0.82415
v 4.17879 1.57368 -0.83370
v 4.18852 1.57241 -0.84007
v 4.17000 2.48000 1.25000
v 4.17228 2.46852 1.25000
v 4.17879 2.45879 1.25000
v 4.18852 2.45228 1.25000
v 4.20000 2.45000 1.25000
v 4.20000 2.25000 1.45000
v 4.20000 2.28902 1.44616
v 4.20000 2.32654 1.43478
v 4.20000 2.36111 1.41629
v 4.20000 2.39142 1.39142
v 4.20000 2.41629 1.36111
v 4.20000 2.43478 1.32654
v 4.20000 2.44616 1.28902
v 4.17000 2.25000 1.48000
v 4.17228 2.25000 1.46852
v 4.17879 2.25000 1.45879
v 4.18852 2.25000 1.45228
v 4.17000 2.47558 1.29487
v 4.17000 2.46249 1.33802
v 4.17000 2.44124 1.37778
v 4.17000 2.41263 1.41263
v 4.17000 2.37778 1.44124
v 4.17000 2.33802 1.46249
v 4.17000 2.29487 1.47558
v 4.18852 2.44840 1.28946
v 4.17879 2.45478 1.29073
v 4.17228 2.46432 1.29263
v 4.18852 2.43689 1.32741
v 4.17879 2.44289 1.32990
v 4.17228 2.45189 1.33362
v 4.18852 2.41819 1.36238
v 4.17879 2.42360 1.36600
v 4.17228 2.43169 1.37140
v 4.18852 2.39304 1.39304
v 4.17879 2.39763 1.39763
v 4.17228 2.40452 1.40452
v 4.18852 2.36238 1.41819
v 4.17879 2.36600 1.42360
v 4.17228 2.37140 1.43169
v 4.18852 2.32741 1.43689
v 4.17879 2.32990 1.44289
v 4.17228 2.33362 1.45189
v 4.18852 2.28946 1.44840
v 4.17879 2.29073 1.45478
v 4.17228 2.29263 1.46432
v 4.20000 1.65000 -0.85000
v 4.18852 1.65000 -0.84772
v 4.17879 1.65000 -0.84121
v 4.17228 1.65000 -0.83148
v 4.17000 1.65000 -0.82000
v 4.17000 2.02000 -0.45000
v 4.17000 2.01289 -0.52218
v 4.17000 1.99184 -0.59159
v 4.17000 1.95764 -0.65556
v 4.17000 1.91163 -0.71163
v 4.17000 1.85556 -0.75764
v 4.17000 1.79159 -0.79184
v 4.17000 1.72218 -0.81289
v 4.20000 2.05000 -0.45000
v 4.18852 2.04772 -0.45000
v 4.17879 2.04121 -0.45000
v 4.17228 2.03148 -0.45000
v 4.20000 1.72804 -0.84231
v 4.20000 1.80307 -0.81955
v 4.20000 1.87223 -0.78259
v 4.20000 1.93284 -0.73284
v 4.20000 1.98259 -0.67223
v 4.20000 2.01955 -0.60307
v 4.20000 2.04231 -0.52804
v 4.17228 1.72442 -0.82415
v 4.17879 1.72632 -0.83370
v 4.18852 1.72759 -0.84007
v 4.17228 1.79599 -0.80244
v 4.17879 1.79971 -0.81143
v 4.18852 1.80220 -0.81744
v 4.17228 1.86194 -0.76719
v 4.17879 1.86735 -0.77528
v 4.18852 1.87096 -0.78069
v 4.17228 1.91975 -0.71975
v 4.17879 1.92663 -0.72663
v 4.18852 1.93123 -0.73123
v 4.17228 1.96719 -0.66194
v 4.17879 1.97528 -0.66735
v 4.18852 1.98069 -0.67096
v 4.17228 2.00244 -0.59599
v 4.17879 2.01143 -0.59971
v 4.18852 2.01744 -0.60220
v 4.17228 2.02415 -0.52442
v 4.17879 2.03370 -0.52632
v 4.18852 2.04007 -0.52759
v 4.17000 2.25000 1.48000
v 4.17228 2.25000 1.46852
v 4.17879 2.25000 1.45879
v 4.18852 2.25000 1.45228
v 4.20000 2.25000 1.45000
v 4.20000 2.05000 1.25000
v 4.20000 2.05384 1.28902
v 4.20000 2.06522 1.32654
v 4.20000 2.08371 1.36111
v 4.20000 2.10858 1.39142
v 4.20000 2.13889 1.41629
v 4.20000 2.17346 1.43478
v 4.20000 2.21098 1.44616
v 4.17000 2.02000 1.25000
v 4.17228 2.03148 1.25000
v 4.17879 2.04121 1.25000
v 4.18852 2.04772 1.25000
v 4.17000 2.20513 1.47558
v 4.17000 2.16198 1.46249
v 4.17000 2.12222 1.44124
v 4.17000 2.08737 1.41263
v 4.17000 2.05876 1.37778
v 4.17000 2.03751 1.33802
v 4.17000 2.02442 1.29487
v 4.18852 2.21054 1.44840
v 4.17879 2.20927 1.45478
v 4.17228 2.20737 1.46432
v 4.18852 2.17259 1.43689
v 4.17879 2.17010 1.44289
v 4.17228 2.16638 1.45189
v 4.18852 2.13762 1.41819
v 4.17879 2.13400 1.42360
v 4.17228 2.12860 1.43169
v 4.18852 2.10696 1.39304
v 4.17879 2.10237 1.39763
v 4.17228 2.09548 1.40452
v 4.18852 2.08181 1.36238
v 4.17879 2.07640 1.36600
v 4.17228 2.06831 1.37140
v 4.18852 2.06311 1.32741
v 4.17879 2.05711 1.32990
v 4.17228 2.04811 1.33362
v 4.18852 2.05160 1.28946
v 4.17879 2.04522 1.29073
v 4.17228 2.03568 1.29263
v 4.20000 2.05000 -0.45000
v 4.18852 2.04772 -0.45000
v 4.17879 2.04121 -0.45000
v 4.17228 2.03148 -0.45000
v 4.17000 2.02000 -0.45000
v 4.17000 2.02000 1.25000
v 4.17228 2.03148 1.25000
v 4.17879 2.04121 1.25000
v 4.18852 2.04772 1.25000
v 4.20000 2.05000 1.25000
v -4.44000 1.18420 0.07395
v -4.45148 1.18498 0.07609
v -4.46121 1.18721 0.08221
v -4.46772 1.19054 0.09135
v -4.47000 1.19446 0.10214
v -4.44000 0.71580 0.24443
v -4.47000 0.72606 0.27262
v -4.46772 0.72213 0.26184
v -4.46121 0.71880 0.25269
v -4.45148 0.71658 0.24658
v -4.47000 0.72606 0.27262
v -4.46772 0.72213 0.26184
v -4.46121 0.71880 0.25269
v -4.45148 0.71658 0.24658
v -4.44000 0.71580 0.24443
v -4.44000 0.65000 0.33840
v -4.44000 0.65152 0.32104
v -4.44000 0.65603 0.30420
v -4.44000 0.66340 0.28840
v -4.44000 0.67340 0.27412
v -4.44000 0.68572 0.26180
v -4.44000 0.70000 0.25180
v -4.47000 0.68000 0.33840
v -4.46772 0.66852 0.33840
v -4.46121 0.65879 0.33840
v -4.45148 0.65228 0.33840
v -4.47000 0.71500 0.27778
v -4.47000 0.70500 0.28478
v -4.47000 0.69638 0.29341
v -4.47000 0.68938 0.30340
v -4.47000 0.68422 0.31446
v -4.47000 0.68106 0.32625
v -4.46772 0.66976 0.32425
v -4.46121 0.66017 0.32256
v -4.46772 0.67343 0.31053
v -4.45148 0.65377 0.32143
v -4.46121 0.66429 0.30721
v -4.46772 0.67944 0.29766
v -4.45148 0.65818 0.30498
v -4.46121 0.67101 0.29280
v -4.46772 0.68758 0.28603
v -4.45148 0.66538 0.28954
v -4.46121 0.68013 0.27977
v -4.46772 0.69763 0.27599
v -4.45148 0.67514 0.27559
v -4.46121 0.69137 0.26853
v -4.46772 0.70926 0.26784
v -4.45148 0.68719 0.26355
v -4.46121 0.70439 0.25941
v -4.45148 0.70114 0.25378
v -4.44000 1.18420 0.07395
v -4.45148 1.18498 0.07609
v -4.46121 1.18721 0.08221
v -4.46772 1.19054 0.09135
v -4.47000 1.19446 0.10214
v -4.47000 1.28000 -0.02002
v -4.47000 1.27803 0.00255
v -4.47000 1.27216 0.02444
v -4.47000 1.26258 0.04498
v -4.47000 1.24959 0.06354
v -4.47000 1.23356 0.07957
v -4.47000 1.21500 0.09256
v -4.44000 1.25000 -0.02002
v -4.45148 1.25228 -0.02002
v -4.46121 1.25879 -0.02002
v -4.46772 1.26852 -0.02002
v -4.44000 1.20000 0.06658
v -4.44000 1.21428 0.05658
v -4.44000 1.22660 0.04426
v -4.44000 1.23660 0.02998
v -4.44000 1.24397 0.01418
v -4.44000 1.24848 -0.00266
v -4.45148 1.25073 -0.00226
v -4.46121 1.25713 -0.00113
v -4.45148 1.24612 0.01496
v -4.46772 1.26672 0.00056
v -4.46121 1.25223 0.01719
v -4.45148 1.23858 0.03112
v -4.46772 1.26137 0.02052
v -4.46121 1.24421 0.03437
v -4.45148 1.22835 0.04573
v -4.46772 1.25264 0.03924
v -4.46121 1.23334 0.04991
v -4.45148 1.21575 0.05833
v -4.46772 1.24079 0.05616
v -4.46121 1.21993 0.06331
v -4.45148 1.20114 0.06856
v -4.46772 1.22618 0.07077
v -4.46121 1.20439 0.07419
v -4.46772 1.20926 0.08262
v -4.47000 0.68000 0.33840
v -4.46772 0.66852 0.33840
v -4.46121 0.65879 0.33840
v -4.45148 0.65228 0.33840
v -4.44000 0.65000 0.33840
v -4.44000 0.65000 1.25000
v -4.47000 0.68000 1.25000
v -4.46772 0.66852 1.25000
v -4.46121 0.65879 1.25000
v -4.45148 0.65228 1.25000
v -4.44000 1.25000 -0.02002
v -4.45148 1.25228 -0.02002
v -4.46121 1.25879 -0.02002
v -4.46772 1.26852 -0.02002
v -4.47000 1.28000 -0.02002
v -4.47000 1.28000 -0.45000
v -4.44000 1.25000 -0.45000
v -4.45148 1.25228 -0.45000
v -4.46121 1.25879 -0.45000
v -4.46772 1.26852 -0.45000
v -4.47000 0.68000 1.25000
v -4.46772 0.66852 1.25000
v -4.46121 0.65879 1.25000
v -4.45148 0.65228 1.25000
v -4.44000 0.65000 1.25000
v -4.44000 0.45000 1.45000
v -4.44000 0.48902 1.44616
v -4.44000 0.52654 1.43478
v -4.44000 0.56111 1.41629
v -4.44000 0.59142 1.39142
v -4.44000 0.61629 1.36111
v -4.44000 0.63478 1.32654
v -4.44000 0.64616 1.28902
v -4.47000 0.45000 1.48000
v -4.46772 0.45000 1.46852
v -4.46121 0.45000 1.45879
v -4.45148 0.45000 1.45228
v -4.47000 0.67558 1.29487
v -4.47000 0.66249 1.33802
v -4.47000 0.64124 1.37778
v -4.47000 0.61263 1.41263
v -4.47000 0.57778 1.44124
v -4.47000 0.53802 1.46249
v -4.47000 0.49487 1.47558
v -4.45148 0.64840 1.28946
v -4.46121 0.65478 1.29073
v -4.46772 0.66432 1.29263
v -4.45148 0.63689 1.32741
v -4.46121 0.64289 1.32990
v -4.46772 0.65189 1.33362
v -4.45148 0.61819 1.36238
v -4.46121 0.62360 1.36600
v -4.46772 0.63169 1.37140
v -4.45148 0.59304 1.39304
v -4.46121 0.59763 1.39763
v -4.46772 0.60452 1.40452
v -4.45148 0.56238 1.41819
v -4.46121 0.56600 1.42360
v -4.46772 0.57140 1.43169
v -4.45148 0.52741 1.43689
v -4.46121 0.52990 1.44289
v -4.46772 0.53362 1.45189
v -4.45148 0.48946 1.44840
v -4.46121 0.49073 1.45478
v -4.46772 0.49263 1.46432
v -4.44000 1.25000 -0.45000
v -4.45148 1.25228 -0.45000
v -4.46121 1.25879 -0.45000
v -4.46772 1.26852 -0.45000
v -4.47000 1.28000 -0.45000
v -4.47000 1.65000 -0.82000
v -4.47000 1.57782 -0.81289
v -4.47000 1.50841 -0.79184
v -4.47000 1.44444 -0.75764
v -4.47000 1.38837 -0.71163
v -4.47000 1.34236 -0.65556
v -4.47000 1.30816 -0.59159
v -4.47000 1.28711 -0.52218
v -4.44000 1.65000 -0.85000
v -4.45148 1.65000 -0.84772
v -4.46121 1.65000 -0.84121
v -4.46772 1.65000 -0.83148
v -4.44000 1.25769 -0.52804
v -4.44000 1.28045 -0.60307
v -4.44000 1.31741 -0.67223
v -4.44000 1.36716 -0.73284
v -4.44000 1.42777 -0.78259
v -4.44000 1.49693 -0.81955
v -4.44000 1.57196 -0.84231
v -4.46772 1.27585 -0.52442
v -4.46121 1.26630 -0.52632
v -4.45148 1.25993 -0.52759
v -4.46772 1.29756 -0.59599
v -4.46121 1.28857 -0.59971
v -4.45148 1.28256 -0.60220
v -4.46772 1.33281 -0.66194
v -4.46121 1.32472 -0.66735
v -4.45148 1.31931 -0.67096
v -4.46772 1.38025 -0.71975
v -4.46121 1.37337 -0.72663
v -4.45148 1.36877 -0.73123
v -4.46772 1.43806 -0.76719
v -4.46121 1.43265 -0.77528
v -4.45148 1.42904 -0.78069
v -4.46772 1.50401 -0.80244
v -4.46121 1.50029 -0.81143
v -4.45148 1.49780 -0.81744
v -4.46772 1.57558 -0.82415
v -4.46121 1.57368 -0.83370
v -4.45148 1.57241 -0.84007
v -4.47000 0.45000 1.48000
v -4.46772 0.45000 1.46852
v -4.46121 0.45000 1.45879
v -4.45148 0.45000 1.45228
v -4.44000 0.45000 1.45000
v -4.44000 0.25000 1.25000
v -4.44000 0.25384 1.28902
v -4.44000 0.26522 1.32654
v -4.44000 0.28371 1.36111
v -4.44000 0.30858 1.39142
v -4.44000 0.33889 1.41629
v -4.44000 0.37346 1.43478
v -4.44000 0.41098 1.44616
v -4.47000 0.22000 1.25000
v -4.46772 0.23148 1.25000
v -4.46121 0.24121 1.25000
v -4.45148 0.24772 1.25000
v -4.47000 0.40513 1.47558
v -4.47000 0.36198 1.46249
v -4.47000 0.32222 1.44124
v -4.47000 0.28737 1.41263
v -4.47000 0.25876 1.37778
v -4.47000 0.23751 1.33802
v -4.47000 0.22442 1.29487
v -4.45148 0.41054 1.44840
v -4.46121 0.40927 1.45478
v -4.46772 0.40737 1.46432
v -4.45148 0.37259 1.43689
v -4.46121 0.37010 1.44289
v -4.46772 0.36638 1.45189
v -4.45148 0.33762 1.41819
v -4.46121 0.33400 1.42360
v -4.46772 0.32860 1.43169
v -4.45148 0.30696 1.39304
v -4.46121 0.30237 1.39763
v -4.46772 0.29548 1.40452
v -4.45148 0.28181 1.36238
v -4.46121 0.27640 1.36600
v -4.46772 0.26831 1.37140
v -4.45148 0.26311 1.32741
v -4.46121 0.25711 1.32990
v -4.46772 0.24811 1.33362
v -4.45148 0.25160 1.28946
v -4.46121 0.24522 1.29073
v -4.46772 0.23568 1.29263
v -4.44000 1.65000 -0.85000
v -4.45148 1.65000 -0.84772
v -4.46121 1.65000 -0.84121
v -4.46772 1.65000 -0.83148
v -4.47000 1.65000 -0.82000
v -4.47000 2.02000 -0.45000
v -4.47000 2.01289 -0.52218
v -4.47000 1.99184 -0.59159
v -4.47000 1.95764 -0.65556
v -4.47000 1.91163 -0.71163
v -4.47000 1.85556 -0.75764
v -4.47000 1.79159 -0.79184
v -4.47000 1.72218 -0.81289
v -4.44000 2.05000 -0.45000
v -4.45148 2.04772 -0.45000
v -4.46121 2.04121 -0.45000
v -4.46772 2.03148 -0.45000
v -4.44000 1.72804 -0.84231
v -4.44000 1.80307 -0.81955
v -4.44000 1.87223 -0.78259
v -4.44000 1.93284 -0.73284
v -4.44000 1.98259 -0.67223
v -4.44000 2.01955 -0.60307
v -4.44000 2.04231 -0.52804
v -4.46772 1.72442 -0.82415
v -4.46121 1.72632 -0.83370
v -4.45148 1.72759 -0.84007
v -4.46772 1.79599 -0.80244
v -4.46121 1.79971 -0.81143
v -4.45148 1.80220 -0.81744
v -4.46772 1.86194 -0.76719
v -4.46121 1.86735 -0.77528
v -4.45148 1.87096 -0.78069
v -4.46772 1.91975 -0.71975
v -4.46121 1.92663 -0.72663
v -4.45148 1.93123 -0.73123
v -4.46772 1.96719 -0.66194
v -4.46121 1.97528 -0.66735
v -4.45148 1.98069 -0.67096
v -4.46772 2.00244 -0.59599
v -4.46121 2.01143 -0.59971
v -4.45148 2.01744 -0.60220
v -4.46772 2.02415 -0.52442
v -4.46121 2.03370 -0.52632
v -4.45148 2.04007 -0.52759
v -4.47000 0.22000 1.25000
v -4.46772 0.23148 1.25000
v -4.46121 0.24121 1.25000
v -4.45148 0.24772 1.25000
v -4.44000 0.25000 1.25000
v -4.44000 0.25000 1.05000
v -4.47000 0.22000 1.05000
v -4.46772 0.23148 1.05000
v -4.46121 0.24121 1.05000
v -4.45148 0.24772 1.05000
v -4.44000 2.05000 -0.45000
v -4.45148 2.04772 -0.45000
v -4.46121 2.04121 -0.45000
v -4.46772 2.03148 -0.45000
v -4.47000 2.02000 -0.45000
v -4.47000 2.02000 1.25000
v -4.44000 2.05000 1.25000
v -4.45148 2.04772 1.25000
v -4.46121 2.04121 1.25000
v -4.46772 2.03148 1.25000
v -4.47000 0.22000 1.05000
v -4.46772 0.23148 1.05000
v -4.46121 0.24121 1.05000
v -4.45148 0.24772 1.05000
v -4.44000 0.25000 1.05000
v -3.47000 0.25000 0.08000
v -3.65924 0.25000 0.09864
v -3.84120 0.25000 0.15384
v -4.00890 0.25000 0.24347
v -4.15589 0.25000 0.36411
v -4.27653 0.25000 0.51110
v -4.36616 0.25000 0.67880
v -4.42136 0.25000 0.86076
v -3.47000 0.22000 0.05000
v -3.47000 0.23148 0.05228
v -3.47000 0.24121 0.05879
v -3.47000 0.24772 0.06852
v -4.45079 0.22000 0.85491
v -4.39388 0.22000 0.66732
v -4.30147 0.22000 0.49443
v -4.17711 0.22000 0.34289
v -4.02557 0.22000 0.21853
v -3.85268 0.22000 0.12612
v -3.66509 0.22000 0.06921
v -4.43262 0.24772 0.85852
v -4.44217 0.24121 0.85662
v -4.44855 0.23148 0.85536
v -4.37677 0.24772 0.67440
v -4.38576 0.24121 0.67068
v -4.39177 0.23148 0.66819
v -4.28607 0.24772 0.50472
v -4.29416 0.24121 0.49931
v -4.29957 0.23148 0.49570
v -4.16401 0.24772 0.35599
v -4.17089 0.24121 0.34911
v -4.17549 0.23148 0.34451
v -4.01528 0.24772 0.23393
v -4.02069 0.24121 0.22584
v -4.02430 0.23148 0.22043
v -3.84560 0.24772 0.14323
v -3.84932 0.24121 0.13424
v -3.85181 0.23148 0.12823
v -3.66148 0.24772 0.08738
v -3.66338 0.24121 0.07783
v -3.66464 0.23148 0.07145
v -4.44000 2.05000 1.25000
v -4.45148 2.04772 1.25000
v -4.46121 2.04121 1.25000
v -4.46772 2.03148 1.25000
v -4.47000 2.02000 1.25000
v -4.47000 2.25000 1.48000
v -4.47000 2.20513 1.47558
v -4.47000 2.16198 1.46249
v -4.47000 2.12222 1.44124
v -4.47000 2.08737 1.41263
v -4.47000 2.05876 1.37778
v -4.47000 2.03751 1.33802
v -4.47000 2.02442 1.29487
v -4.44000 2.25000 1.45000
v -4.45148 2.25000 1.45228
v -4.46121 2.25000 1.45879
v -4.46772 2.25000 1.46852
v -4.44000 2.05384 1.28902
v -4.44000 2.06522 1.32654
v -4.44000 2.08371 1.36111
v -4.44000 2.10858 1.39142
v -4.44000 2.13889 1.41629
v -4.44000 2.17346 1.43478
v -4.44000 2.21098 1.44616
v -4.45148 2.21054 1.44840
v -4.46121 2.20927 1.45478
v -4.46772 2.20737 1.46432
v -4.45148 2.17259 1.43689
v -4.46121 2.17010 1.44289
v -4.46772 2.16638 1.45189
v -4.45148 2.13762 1.41819
v -4.46121 2.13400 1.42360
v -4.46772 2.12860 1.43169
v -4.45148 2.10696 1.39304
v -4.46121 2.10237 1.39763
v -4.46772 2.09548 1.40452
v -4.45148 2.08181 1.36238
v -4.46121 2.07640 1.36600
v -4.46772 2.06831 1.37140
v -4.45148 2.06311 1.32741
v -4.46121 2.05711 1.32990
v -4.46772 2.04811 1.33362
v -4.45148 2.05160 1.28946
v -4.46121 2.04522 1.29073
v -4.46772 2.03568 1.29263
v -3.47000 0.22000 0.05000
v -3.47000 0.23148 0.05228
v -3.47000 0.24121 0.05879
v -3.47000 0.24772 0.06852
v -3.47000 0.25000 0.08000
v -2.20000 0.25000 0.08000
v -2.20000 0.22000 0.05000
v -2.20000 0.23148 0.05228
v -2.20000 0.24121 0.05879
v -2.20000 0.24772 0.06852
v -4.44000 2.25000 1.45000
v -4.45148 2.25000 1.45228
v -4.46121 2.25000 1.45879
v -4.46772 2.25000 1.46852
v -4.47000 2.25000 1.48000
v -4.47000 2.48000 1.25000
v -4.47000 2.47558 1.29487
v -4.47000 2.46249 1.33802
v -4.47000 2.44124 1.37778
v -4.47000 2.41263 1.41263
v -4.47000 2.37778 1.44124
v -4.47000 2.33802 1.46249
v -4.47000 2.29487 1.47558
v -4.44000 2.45000 1.25000
v -4.45148 2.45228 1.25000
v -4.46121 2.45879 1.25000
v -4.46772 2.46852 1.25000
v -4.44000 2.28902 1.44616
v -4.44000 2.32654 1.43478
v -4.44000 2.36111 1.41629
v -4.44000 2.39142 1.39142
v -4.44000 2.41629 1.36111
v -4.44000 2.43478 1.32654
v -4.44000 2.44616 1.28902
v -4.45148 2.44840 1.28946
v -4.46121 2.45478 1.29073
v -4.46772 2.46432 1.29263
v -4.45148 2.43689 1.32741
v -4.46121 2.44289 1.32990
v -4.46772 2.45189 1.33362
v -4.45148 2.41819 1.36238
v -4.46121 2.42360 1.36600
v -4.46772 2.43169 1.37140
v -4.45148 2.39304 1.39304
v -4.46121 2.39763 1.39763
v -4.46772 2.40452 1.40452
v -4.45148 2.36238 1.41819
v -4.46121 2.36600 1.42360
v -4.46772 2.37140 1.43169
v -4.45148 2.32741 1.43689
v -4.46121 2.32990 1.44289
v -4.46772 2.33362 1.45189
v -4.45148 2.28946 1.44840
v -4.46121 2.29073 1.45478
v -4.46772 2.29263 1.46432
v -2.20000 0.22000 0.05000
v -2.20000 0.23148 0.05228
v -2.20000 0.24121 0.05879
v -2.20000 0.24772 0.06852
v -2.20000 0.25000 0.08000
v -1.90000 0.55000 0.08000
v -1.90576 0.49147 0.08000
v -1.92284 0.43519 0.08000
v -1.95056 0.38333 0.08000
v -1.98787 0.33787 0.08000
v -2.03333 0.30056 0.08000
v -2.08519 0.27284 0.08000
v -2.14147 0.25576 0.08000
v -1.87000 0.55000 0.05000
v -1.88148 0.55000 0.05228
v -1.89121 0.55000 0.05879
v -1.89772 0.55000 0.06852
v -2.13562 0.22634 0.05000
v -2.07371 0.24512 0.05000
v -2.01666 0.27562 0.05000
v -1.96665 0.31665 0.05000
v -1.92562 0.36666 0.05000
v -1.89512 0.42371 0.05000
v -1.87634 0.48562 0.05000
v -1.88760 0.48786 0.05228
v -1.89715 0.48976 0.05879
v -1.90352 0.49103 0.06852
v -1.90573 0.42811 0.05228
v -1.91472 0.43183 0.05879
v -1.92073 0.43432 0.06852
v -1.93516 0.37304 0.05228
v -1.94325 0.37845 0.05879
v -1.94866 0.38206 0.06852
v -1.97477 0.32477 0.05228
v -1.98165 0.33165 0.05879
v -1.98625 0.33625 0.06852
v -2.02304 0.28516 0.05228
v -2.02845 0.29325 0.05879
v -2.03206 0.29866 0.06852
v -2.07811 0.25573 0.05228
v -2.08183 0.26472 0.05879
v -2.08432 0.27073 0.06852
v -2.13786 0.23760 0.05228
v -2.13976 0.24715 0.05879
v -2.14103 0.25352 0.06852
v -4.44000 2.45000 1.25000
v -4.45148 2.45228 1.25000
v -4.46121 2.45879 1.25000
v -4.46772 2.46852 1.25000
v -4.47000 2.48000 1.25000
v -4.47000 2.48000 1.05000
v -4.44000 2.45000 1.05000
v -4.45148 2.45228 1.05000
v -4.46121 2.45879 1.05000
v -4.46772 2.46852 1.05000
v -1.87000 0.55000 0.05000
v -1.88148 0.55000 0.05228
v -1.89121 0.55000 0.05879
v -1.89772 0.55000 0.06852
v -1.90000 0.55000 0.08000
v -1.90000 2.15000 0.08000
v -1.87000 2.15000 0.05000
v -1.88148 2.15000 0.05228
v -1.89121 2.15000 0.05879
v -1.89772 2.15000 0.06852
v -4.44000 2.45000 1.05000
v -4.45148 2.45228 1.05000
v -4.46121 2.45879 1.05000
v -4.46772 2.46852 1.05000
v -4.47000 2.48000 1.05000
v -3.47000 2.48000 0.05000
v -3.66509 2.48000 0.06921
v -3.85268 2.48000 0.12612
v -4.02557 2.48000 0.21853
v -4.17711 2.48000 0.34289
v -4.30147 2.48000 0.49443
v -4.39388 2.48000 0.66732
v -4.45079 2.48000 0.85491
v -3.47000 2.45000 0.08000
v -3.47000 2.45228 0.06852
v -3.47000 2.45879 0.05879
v -3.47000 2.46852 0.05228
v -4.42136 2.45000 0.86076
v -4.36616 2.45000 0.67880
v -4.27653 2.45000 0.51110
v -4.15589 2.45000 0.36411
v -4.00890 2.45000 0.24347
v -3.84120 2.45000 0.15384
v -3.65924 2.45000 0.09864
v -3.66148 2.45228 0.08738
v -3.66338 2.45879 0.07783
v -3.66464 2.46852 0.07145
v -3.84560 2.45228 0.14323
v -3.84932 2.45879 0.13424
v -3.85181 2.46852 0.12823
v -4.01528 2.45228 0.23393
v -4.02069 2.45879 0.22584
v -4.02430 2.46852 0.22043
v -4.16401 2.45228 0.35599
v -4.17089 2.45879 0.34911
v -4.17549 2.46852 0.34451
v -4.28607 2.45228 0.50472
v -4.29416 2.45879 0.49931
v -4.29957 2.46852 0.49570
v -4.37677 2.45228 0.67440
v -4.38576 2.45879 0.67068
v -4.39177 2.46852 0.66819
v -4.43262 2.45228 0.85852
v -4.44217 2.45879 0.85662
v -4.44855 2.46852 0.85536
v -1.87000 2.15000 0.05000
v -1.88148 2.15000 0.05228
v -1.89121 2.15000 0.05879
v -1.89772 2.15000 0.06852
v -1.90000 2.15000 0.08000
v -2.20000 2.45000 0.08000
v -2.14147 2.44424 0.08000
v -2.08519 2.42716 0.08000
v -2.03333 2.39944 0.08000
v -1.98787 2.36213 0.08000
v -1.95056 2.31667 0.08000
v -1.92284 2.26481 0.08000
v -1.90576 2.20853 0.08000
v -2.20000 2.48000 0.05000
v -2.20000 2.46852 0.05228
v -2.20000 2.45879 0.05879
v -2.20000 2.45228 0.06852
v -1.87634 2.21438 0.05000
v -1.89512 2.27629 0.05000
v -1.92562 2.33334 0.05000
v -1.96665 2.38335 0.05000
v -2.01666 2.42438 0.05000
v -2.07371 2.45488 0.05000
v -2.13562 2.47366 0.05000
v -2.13786 2.46240 0.05228
v -2.13976 2.45285 0.05879
v -2.14103 2.44648 0.06852
v -2.07811 2.44427 0.05228
v -2.08183 2.43528 0.05879
v -2.08432 2.42927 0.06852
v -2.02304 2.41484 0.05228
v -2.02845 2.40675 0.05879
v -2.03206 2.40134 0.06852
v -1.97477 2.37523 0.05228
v -1.98165 2.36835 0.05879
v -1.98625 2.36375 0.06852
v -1.93516 2.32696 0.05228
v -1.94325 2.32155 0.05879
v -1.94866 2.31794 0.06852
v -1.90573 2.27189 0.05228
v -1.91472 2.26817 0.05879
v -1.92073 2.26568 0.06852
v -1.88760 2.21214 0.05228
v -1.89715 2.21024 0.05879
v -1.90352 2.20897 0.06852
v -3.47000 2.45000 0.08000
v -3.47000 2.45228 0.06852
v -3.47000 2.45879 0.05879
v -3.47000 2.46852 0.05228
v -3.47000 2.48000 0.05000
v -2.20000 2.48000 0.05000
v -2.20000 2.46852 0.05228
v -2.20000 2.45879 0.05879
v -2.20000 2.45228 0.06852
v -2.20000 2.45000 0.08000
v -3.47000 0.22000 0.35000
v -3.47000 0.23148 0.34772
v -3.47000 0.24121 0.34121
v -3.47000 0.24772 0.33148
v -3.47000 0.25000 0.32000
v -2.20000 0.22000 0.35000
v -2.20000 0.25000 0.32000
v -2.20000 0.24772 0.33148
v -2.20000 0.24121 0.34121
v -2.20000 0.23148 0.34772
v -2.20000 0.25000 0.32000
v -2.20000 0.24772 0.33148
v -2.20000 0.24121 0.34121
v -2.20000 0.23148 0.34772
v -2.20000 0.22000 0.35000
v -1.87000 0.55000 0.35000
v -1.87634 0.48562 0.35000
v -1.89512 0.42371 0.35000
v -1.92562 0.36666 0.35000
v -1.96665 0.31665 0.35000
v -2.01666 0.27562 0.35000
v -2.07371 0.24512 0.35000
v -2.13562 0.22634 0.35000
v -1.90000 0.55000 0.32000
v -1.89772 0.55000 0.33148
v -1.89121 0.55000 0.34121
v -1.88148 0.55000 0.34772
v -2.14147 0.25576 0.32000
v -2.08519 0.27284 0.32000
v -2.03333 0.30056 0.32000
v -1.98787 0.33787 0.32000
v -1.95056 0.38333 0.32000
v -1.92284 0.43519 0.32000
v -1.90576 0.49147 0.32000
v -1.90352 0.49103 0.33148
v -1.89715 0.48976 0.34121
v -1.88760 0.48786 0.34772
v -1.92073 0.43432 0.33148
v -1.91472 0.43183 0.34121
v -1.90573 0.42811 0.34772
v -1.94866 0.38206 0.33148
v -1.94325 0.37845 0.34121
v -1.93516 0.37304 0.34772
v -1.98625 0.33625 0.33148
v -1.98165 0.33165 0.34121
v -1.97477 0.32477 0.34772
v -2.03206 0.29866 0.33148
v -2.02845 0.29325 0.34121
v -2.02304 0.28516 0.34772
v -2.08432 0.27073 0.33148
v -2.08183 0.26472 0.34121
v -2.07811 0.25573 0.34772
v -2.14103 0.25352 0.33148
v -2.13976 0.24715 0.34121
v -2.13786 0.23760 0.34772
v -3.47000 0.22000 0.35000
v -3.47000 0.23148 0.34772
v -3.47000 0.24121 0.34121
v -3.47000 0.24772 0.33148
v -3.47000 0.25000 0.32000
v -4.20000 0.25000 1.05000
v -4.18597 0.25000 0.90758
v -4.14443 0.25000 0.77064
v -4.07697 0.25000 0.64443
v -3.98619 0.25000 0.53381
v -3.87557 0.25000 0.44303
v -3.74936 0.25000 0.37557
v -3.61242 0.25000 0.33403
v -4.17000 0.22000 1.05000
v -4.17228 0.23148 1.05000
v -4.17879 0.24121 1.05000
v -4.18852 0.24772 1.05000
v -3.60656 0.22000 0.36345
v -3.73788 0.22000 0.40328
v -3.85890 0.22000 0.46797
v -3.96497 0.22000 0.55503
v -4.05203 0.22000 0.66110
v -4.11672 0.22000 0.78212
v -4.15655 0.22000 0.91344
v -4.15879 0.23148 0.91299
v -4.16517 0.24121 0.91172
v -4.17471 0.24772 0.90982
v -4.11883 0.23148 0.78125
v -4.12483 0.24121 0.77876
v -4.13383 0.24772 0.77503
v -4.05393 0.23148 0.65983
v -4.05933 0.24121 0.65622
v -4.06743 0.24772 0.65081
v -3.96659 0.23148 0.55341
v -3.97119 0.24121 0.54881
v -3.97807 0.24772 0.54193
v -3.86017 0.23148 0.46607
v -3.86378 0.24121 0.46067
v -3.86919 0.24772 0.45257
v -3.73875 0.23148 0.40117
v -3.74124 0.24121 0.39517
v -3.74497 0.24772 0.38617
v -3.60701 0.23148 0.36121
v -3.60828 0.24121 0.35483
v -3.61018 0.24772 0.34529
v -1.90000 0.55000 0.32000
v -1.89772 0.55000 0.33148
v -1.89121 0.55000 0.34121
v -1.88148 0.55000 0.34772
v -1.87000 0.55000 0.35000
v -1.87000 2.15000 0.35000
v -1.90000 2.15000 0.32000
v -1.89772 2.15000 0.33148
v -1.89121 2.15000 0.34121
v -1.88148 2.15000 0.34772
v -4.17000 0.22000 1.05000
v -4.17228 0.23148 1.05000
v -4.17879 0.24121 1.05000
v -4.18852 0.24772 1.05000
v -4.20000 0.25000 1.05000
v -4.20000 0.25000 1.25000
v -4.17000 0.22000 1.25000
v -4.17228 0.23148 1.25000
v -4.17879 0.24121 1.25000
v -4.18852 0.24772 1.25000
v -1.90000 2.15000 0.32000
v -1.89772 2.15000 0.33148
v -1.89121 2.15000 0.34121
v -1.88148 2.15000 0.34772
v -1.87000 2.15000 0.35000
v -2.20000 2.48000 0.35000
v -2.13562 2.47366 0.35000
v -2.07371 2.45488 0.35000
v -2.01666 2.42438 0.35000
v -1.96665 2.38335 0.35000
v -1.92562 2.33334 0.35000
v -1.89512 2.27629 0.35000
v -1.87634 2.21438 0.35000
v -2.20000 2.45000 0.32000
v -2.20000 2.45228 0.33148
v -2.20000 2.45879 0.34121
v -2.20000 2.46852 0.34772
v -1.90576 2.20853 0.32000
v -1.92284 2.26481 0.32000
v -1.95056 2.31667 0.32000
v -1.98787 2.36213 0.32000
v -2.03333 2.39944 0.32000
v -2.08519 2.42716 0.32000
v -2.14147 2.44424 0.32000
v -2.14103 2.44648 0.33148
v -2.13976 2.45285 0.34121
v -2.13786 2.46240 0.34772
v -2.08432 2.42927 0.33148
v -2.08183 2.43528 0.34121
v -2.07811 2.44427 0.34772
v -2.03206 2.40134 0.33148
v -2.02845 2.40675 0.34121
v -2.02304 2.41484 0.34772
v -1.98625 2.36375 0.33148
v -1.98165 2.36835 0.34121
v -1.97477 2.37523 0.34772
v -1.94866 2.31794 0.33148
v -1.94325 2.32155 0.34121
v -1.93516 2.32696 0.34772
v -1.92073 2.26568 0.33148
v -1.91472 2.26817 0.34121
v -1.90573 2.27189 0.34772
v -1.90352 2.20897 0.33148
v -1.89715 2.21024 0.34121
v -1.88760 2.21214 0.34772
v -4.17000 0.22000 1.25000
v -4.17228 0.23148 1.25000
v -4.17879 0.24121 1.25000
v -4.18852 0.24772 1.25000
v -4.20000 0.25000 1.25000
v -4.20000 0.45000 1.45000
v -4.20000 0.41098 1.44616
v -4.20000 0.37346 1.43478
v -4.20000 0.33889 1.41629
v -4.20000 0.30858 1.39142
v -4.20000 0.28371 1.36111
v -4.20000 0.26522 1.32654
v -4.20000 0.25384 1.28902
v -4.17000 0.45000 1.48000
v -4.17228 0.45000 1.46852
v -4.17879 0.45000 1.45879
v -4.18852 0.45000 1.45228
v -4.17000 0.22442 1.29487
v -4.17000 0.23751 1.33802
v -4.17000 0.25876 1.37778
v -4.17000 0.28737 1.41263
v -4.17000 0.32222 1.44124
v -4.17000 0.36198 1.46249
v -4.17000 0.40513 1.47558
v -4.18852 0.25160 1.28946
v -4.17879 0.24522 1.29073
v -4.17228 0.23568 1.29263
v -4.18852 0.26311 1.32741
v -4.17879 0.25711 1.32990
v -4.17228 0.24811 1.33362
v -4.18852 0.28181 1.36238
v -4.17879 0.27640 1.36600
v -4.17228 0.26831 1.37140
v -4.18852 0.30696 1.39304
v -4.17879 0.30237 1.39763
v -4.17228 0.29548 1.40452
v -4.18852 0.33762 1.41819
v -4.17879 0.33400 1.42360
v -4.17228 0.32860 1.43169
v -4.18852 0.37259 1.43689
v -4.17879 0.37010 1.44289
v -4.17228 0.36638 1.45189
v -4.18852 0.41054 1.44840
v -4.17879 0.40927 1.45478
v -4.17228 0.40737 1.46432
v -2.20000 2.45000 0.32000
v -2.20000 2.45228 0.33148
v -2.20000 2.45879 0.34121
v -2.20000 2.46852 0.34772
v -2.20000 2.48000 0.35000
v -3.47000 2.48000 0.35000
v -3.47000 2.45000 0.32000
v -3.47000 2.45228 0.33148
v -3.47000 2.45879 0.34121
v -3.47000 2.46852 0.34772
v -4.17000 0.45000 1.48000
v -4.17228 0.45000 1.46852
v -4.17879 0.45000 1.45879
v -4.18852 0.45000 1.45228
v -4.20000 0.45000 1.45000
v -4.20000 0.65000 1.25000
v -4.20000 0.64616 1.28902
v -4.20000 0.63478 1.32654
v -4.20000 0.61629 1.36111
v -4.20000 0.59142 1.39142
v -4.20000 0.56111 1.41629
v -4.20000 0.52654 1.43478
v -4.20000 0.48902 1.44616
v -4.17000 0.68000 1.25000
v -4.17228 0.66852 1.25000
v -4.17879 0.65879 1.25000
v -4.18852 0.65228 1.25000
v -4.17000 0.49487 1.47558
v -4.17000 0.53802 1.46249
v -4.17000 0.57778 1.44124
v -4.17000 0.61263 1.41263
v -4.17000 0.64124 1.37778
v -4.17000 0.66249 1.33802
v -4.17000 0.67558 1.29487
v -4.18852 0.48946 1.44840
v -4.17879 0.49073 1.45478
v -4.17228 0.49263 1.46432
v -4.18852 0.52741 1.43689
v -4.17879 0.52990 1.44289
v -4.17228 0.53362 1.45189
v -4.18852 0.56238 1.41819
v -4.17879 0.56600 1.42360
v -4.17228 0.57140 1.43169
v -4.18852 0.59304 1.39304
v -4.17879 0.59763 1.39763
v -4.17228 0.60452 1.40452
v -4.18852 0.61819 1.36238
v -4.17879 0.62360 1.36600
v -4.17228 0.63169 1.37140
v -4.18852 0.63689 1.32741
v -4.17879 0.64289 1.32990
v -4.17228 0.65189 1.33362
v -4.18852 0.64840 1.28946
v -4.17879 0.65478 1.29073
v -4.17228 0.66432 1.29263
v -3.47000 2.45000 0.32000
v -3.47000 2.45228 0.33148
v -3.47000 2.45879 0.34121
v -3.47000 2.46852 0.34772
v -3.47000 2.48000 0.35000
v -4.17000 2.48000 1.05000
v -4.15655 2.48000 0.91344
v -4.11672 2.48000 0.78212
v -4.05203 2.48000 0.66110
v -3.96497 2.48000 0.55503
v -3.85890 2.48000 0.46797
v -3.73788 2.48000 0.40328
v -3.60656 2.48000 0.36345
v -4.20000 2.45000 1.05000
v -4.18852 2.45228 1.05000
v -4.17879 2.45879 1.05000
v -4.17228 2.46852 1.05000
v -3.61242 2.45000 0.33403
v -3.74936 2.45000 0.37557
v -3.87557 2.45000 0.44303
v -3.98619 2.45000 0.53381
v -4.07697 2.45000 0.64443
v -4.14443 2.45000 0.77064
v -4.18597 2.45000 0.90758
v -3.60701 2.46852 0.36121
v -3.60828 2.45879 0.35483
v -3.61018 2.45228 0.34529
v -3.73875 2.46852 0.40117
v -3.74124 2.45879 0.39517
v -3.74497 2.45228 0.38617
v -3.86017 2.46852 0.46607
v -3.86378 2.45879 0.46067
v -3.86919 2.45228 0.45257
v -3.96659 2.46852 0.55341
v -3.97119 2.45879 0.54881
v -3.97807 2.45228 0.54193
v -4.05393 2.46852 0.65983
v -4.05933 2.45879 0.65622
v -4.06743 2.45228 0.65081
v -4.11883 2.46852 0.78125
v -4.12483 2.45879 0.77876
v -4.13383 2.45228 0.77503
v -4.15879 2.46852 0.91299
v -4.16517 2.45879 0.91172
v -4.17471 2.45228 0.90982
v -4.17000 0.68000 1.25000
v -4.17228 0.66852 1.25000
v -4.17879 0.65879 1.25000
v -4.18852 0.65228 1.25000
v -4.20000 0.65000 1.25000
v -4.20000 0.65000 0.33840
v -4.17000 0.68000 0.33840
v -4.17228 0.66852 0.33840
v -4.17879 0.65879 0.33840
v -4.18852 0.65228 0.33840
v -4.20000 2.45000 1.05000
v -4.18852 2.45228 1.05000
v -4.17879 2.45879 1.05000
v -4.17228 2.46852 1.05000
v -4.17000 2.48000 1.05000
v -4.17000 2.48000 1.25000
v -4.20000 2.45000 1.25000
v -4.18852 2.45228 1.25000
v -4.17879 2.45879 1.25000
v -4.17228 2.46852 1.25000
v -4.17000 0.68000 0.33840
v -4.17228 0.66852 0.33840
v -4.17879 0.65879 0.33840
v -4.18852 0.65228 0.33840
v -4.20000 0.65000 0.33840
v -4.20000 0.71580 0.24443
v -4.20000 0.70000 0.25180
v -4.20000 0.68572 0.26180
v -4.20000 0.67340 0.27412
v -4.20000 0.66340 0.28840
v -4.20000 0.65603 0.30420
v -4.20000 0.65152 0.32104
v -4.17000 0.72606 0.27262
v -4.17228 0.72213 0.26184
v -4.17879 0.71880 0.25269
v -4.18852 0.71658 0.24658
v -4.17000 0.68106 0.32625
v -4.17000 0.68422 0.31446
v -4.17000 0.68938 0.30340
v -4.17000 0.69638 0.29341
v -4.17000 0.70500 0.28478
v -4.17000 0.71500 0.27778
v -4.17228 0.70926 0.26784
v -4.17879 0.70439 0.25941
v -4.17228 0.69763 0.27599
v -4.18852 0.70114 0.25378
v -4.17879 0.69137 0.26853
v -4.17228 0.68758 0.28603
v -4.18852 0.68719 0.26355
v -4.17879 0.68013 0.27977
v -4.17228 0.67944 0.29766
v -4.18852 0.67514 0.27559
v -4.17879 0.67101 0.29280
v -4.17228 0.67343 0.31053
v -4.18852 0.66538 0.28954
v -4.17879 0.66429 0.30721
v -4.17228 0.66976 0.32425
v -4.18852 0.65818 0.30498
v -4.17879 0.66017 0.32256
v -4.18852 0.65377 0.32143
v -4.20000 2.45000 1.25000
v -4.18852 2.45228 1.25000
v -4.17879 2.45879 1.25000
v -4.17228 2.46852 1.25000
v -4.17000 2.48000 1.25000
v -4.17000 2.25000 1.48000
v -4.17000 2.29487 1.47558
v -4.17000 2.33802 1.46249
v -4.17000 2.37778 1.44124
v -4.17000 2.41263 1.41263
v -4.17000 2.44124 1.37778
v -4.17000 2.46249 1.33802
v -4.17000 2.47558 1.29487
v -4.20000 2.25000 1.45000
v -4.18852 2.25000 1.45228
v -4.17879 2.25000 1.45879
v -4.17228 2.25000 1.46852
v -4.20000 2.44616 1.28902
v -4.20000 2.43478 1.32654
v -4.20000 2.41629 1.36111
v -4.20000 2.39142 1.39142
v -4.20000 2.36111 1.41629
v -4.20000 2.32654 1.43478
v -4.20000 2.28902 1.44616
v -4.18852 2.28946 1.44840
v -4.17879 2.29073 1.45478
v -4.17228 2.29263 1.46432
v -4.18852 2.32741 1.43689
v -4.17879 2.32990 1.44289
v -4.17228 2.33362 1.45189
v -4.18852 2.36238 1.41819
v -4.17879 2.36600 1.42360
v -4.17228 2.37140 1.43169
v -4.18852 2.39304 1.39304
v -4.17879 2.39763 1.39763
v -4.17228 2.40452 1.40452
v -4.18852 2.41819 1.36238
v -4.17879 2.42360 1.36600
v -4.17228 2.43169 1.37140
v -4.18852 2.43689 1.32741
v -4.17879 2.44289 1.32990
v -4.17228 2.45189 1.33362
v -4.18852 2.44840 1.28946
v -4.17879 2.45478 1.29073
v -4.17228 2.46432 1.29263
v -4.17000 0.72606 0.27262
v -4.17228 0.72213 0.26184
v -4.17879 0.71880 0.25269
v -4.18852 0.71658 0.24658
v -4.20000 0.71580 0.24443
v -4.20000 1.18420 0.07395
v -4.17000 1.19446 0.10214
v -4.17228 1.19054 0.09135
v -4.17879 1.18721 0.08221
v -4.18852 1.18498 0.07609
v -4.20000 2.25000 1.45000
v -4.18852 2.25000 1.45228
v -4.17879 2.25000 1.45879
v -4.17228 2.25000 1.46852
v -4.17000 2.25000 1.48000
v -4.17000 2.02000 1.25000
v -4.17000 2.02442 1.29487
v -4.17000 2.03751 1.33802
v -4.17000 2.05876 1.37778
v -4.17000 2.08737 1.41263
v -4.17000 2.12222 1.44124
v -4.17000 2.16198 1.46249
v -4.17000 2.20513 1.47558
v -4.20000 2.05000 1.25000
v -4.18852 2.04772 1.25000
v -4.17879 2.04121 1.25000
v -4.17228 2.03148 1.25000
v -4.20000 2.21098 1.44616
v -4.20000 2.17346 1.43478
v -4.20000 2.13889 1.41629
v -4.20000 2.10858 1.39142
v -4.20000 2.08371 1.36111
v -4.20000 2.06522 1.32654
v -4.20000 2.05384 1.28902
v -4.18852 2.05160 1.28946
v -4.17879 2.04522 1.29073
v -4.17228 2.03568 1.29263
v -4.18852 2.06311 1.32741
v -4.17879 2.05711 1.32990
v -4.17228 2.04811 1.33362
v -4.18852 2.08181 1.36238
v -4.17879 2.07640 1.36600
v -4.17228 2.06831 1.37140
v -4.18852 2.10696 1.39304
v -4.17879 2.10237 1.39763
v -4.17228 2.09548 1.40452
v -4.18852 2.13762 1.41819
v -4.17879 2.13400 1.42360
v -4.17228 2.12860 1.43169
v -4.18852 2.17259 1.43689
v -4.17879 2.17010 1.44289
v -4.17228 2.16638 1.45189
v -4.18852 2.21054 1.44840
v -4.17879 2.20927 1.45478
v -4.17228 2.20737 1.46432
v -4.17000 1.19446 0.10214
v -4.17228 1.19054 0.09135
v -4.17879 1.18721 0.08221
v -4.18852 1.18498 0.07609
v -4.20000 1.18420 0.07395
v -4.20000 1.25000 -0.02002
v -4.20000 1.24848 -0.00266
v -4.20000 1.24397 0.01418
v -4.20000 1.23660 0.02998
v -4.20000 1.22660 0.04426
v -4.20000 1.21428 0.05658
v -4.20000 1.20000 0.06658
v -4.17000 1.28000 -0.02002
v -4.17228 1.26852 -0.02002
v -4.17879 1.25879 -0.02002
v -4.18852 1.25228 -0.02002
v -4.17000 1.21500 0.09256
v -4.17000 1.23356 0.07957
v -4.17000 1.24959 0.06354
v -4.17000 1.26258 0.04498
v -4.17000 1.27216 0.02444
v -4.17000 1.27803 0.00255
v -4.18852 1.20114 0.06856
v -4.17879 1.20439 0.07419
v -4.18852 1.21575 0.05833
v -4.17228 1.20926 0.08262
v -4.17879 1.21993 0.06331
v -4.18852 1.22835 0.04573
v -4.17228 1.22618 0.07077
v -4.17879 1.23334 0.04991
v -4.18852 1.23858 0.03112
v -4.17228 1.24079 0.05616
v -4.17879 1.24421 0.03437
v -4.18852 1.24612 0.01496
v -4.17228 1.25264 0.03924
v -4.17879 1.25223 0.01719
v -4.18852 1.25073 -0.00226
v -4.17228 1.26137 0.02052
v -4.17879 1.25713 -0.00113
v -4.17228 1.26672 0.00056
v -4.20000 2.05000 1.25000
v -4.18852 2.04772 1.25000
v -4.17879 2.04121 1.25000
v -4.17228 2.03148 1.25000
v -4.17000 2.02000 1.25000
v -4.17000 2.02000 -0.45000
v -4.20000 2.05000 -0.45000
v -4.18852 2.04772 -0.45000
v -4.17879 2.04121 -0.45000
v -4.17228 2.03148 -0.45000
v -4.17000 1.28000 -0.02002
v -4.17228 1.26852 -0.02002
v -4.17879 1.25879 -0.02002
v -4.18852 1.25228 -0.02002
v -4.20000 1.25000 -0.02002
v -4.20000 1.25000 -0.45000
v -4.17000 1.28000 -0.45000
v -4.17228 1.26852 -0.45000
v -4.17879 1.25879 -0.45000
v -4.18852 1.25228 -0.45000
v -4.20000 2.05000 -0.45000
v -4.18852 2.04772 -0.45000
v -4.17879 2.04121 -0.45000
v -4.17228 2.03148 -0.45000
v -4.17000 2.02000 -0.45000
v -4.17000 1.65000 -0.82000
v -4.17000 1.72218 -0.81289
v -4.17000 1.79159 -0.79184
v -4.17000 1.85556 -0.75764
v -4.17000 1.91163 -0.71163
v -4.17000 1.95764 -0.65556
v -4.17000 1.99184 -0.59159
v -4.17000 2.01289 -0.52218
v -4.20000 1.65000 -0.85000
v -4.18852 1.65000 -0.84772
v -4.17879 1.65000 -0.84121
v -4.17228 1.65000 -0.83148
v -4.20000 2.04231 -0.52804
v -4.20000 2.01955 -0.60307
v -4.20000 1.98259 -0.67223
v -4.20000 1.93284 -0.73284
v -4.20000 1.87223 -0.78259
v -4.20000 1.80307 -0.81955
v -4.20000 1.72804 -0.84231
v -4.17228 2.02415 -0.52442
v -4.17879 2.03370 -0.52632
v -4.18852 2.04007 -0.52759
v -4.17228 2.00244 -0.59599
v -4.17879 2.01143 -0.59971
v -4.18852 2.01744 -0.60220
v -4.17228 1.96719 -0.66194
v -4.17879 1.97528 -0.66735
v -4.18852 1.98069 -0.67096
v -4.17228 1.91975 -0.71975
v -4.17879 1.92663 -0.72663
v -4.18852 1.93123 -0.73123
v -4.17228 1.86194 -0.76719
v -4.17879 1.86735 -0.77528
v -4.18852 1.87096 -0.78069
v -4.17228 1.79599 -0.80244
v -4.17879 1.79971 -0.81143
v -4.18852 1.80220 -0.81744
v -4.17228 1.72442 -0.82415
v -4.17879 1.72632 -0.83370
v -4.18852 1.72759 -0.84007
v -4.17000 1.28000 -0.45000
v -4.17228 1.26852 -0.45000
v -4.17879 1.25879 -0.45000
v -4.18852 1.25228 -0.45000
v -4.20000 1.25000 -0.45000
v -4.20000 1.65000 -0.85000
v -4.20000 1.57196 -0.84231
v -4.20000 1.49693 -0.81955
v -4.20000 1.42777 -0.78259
v -4.20000 1.36716 -0.73284
v -4.20000 1.31741 -0.67223
v -4.20000 1.28045 -0.60307
v -4.20000 1.25769 -0.52804
v -4.18852 1.65000 -0.84772
v -4.17879 1.65000 -0.84121
v -4.17228 1.65000 -0.83148
v -4.17000 1.65000 -0.82000
v -4.17000 1.28711 -0.52218
v -4.17000 1.30816 -0.59159
v -4.17000 1.34236 -0.65556
v -4.17000 1.38837 -0.71163
v -4.17000 1.44444 -0.75764
v -4.17000 1.50841 -0.79184
v -4.17000 1.57782 -0.81289
v -4.17228 1.57558 -0.82415
v -4.17879 1.57368 -0.83370
v -4.18852 1.57241 -0.84007
v -4.17228 1.50401 -0.80244
v -4.17879 1.50029 -0.81143
v -4.18852 1.49780 -0.81744
v -4.17228 1.43806 -0.76719
v -4.17879 1.43265 -0.77528
v -4.18852 1.42904 -0.78069
v -4.17228 1.38025 -0.71975
v -4.17879 1.37337 -0.72663
v -4.18852 1.36877 -0.73123
v -4.17228 1.33281 -0.66194
v -4.17879 1.32472 -0.66735
v -4.18852 1.31931 -0.67096
v -4.17228 1.29756 -0.59599
v -4.17879 1.28857 -0.59971
v -4.18852 1.28256 -0.60220
v -4.17228 1.27585 -0.52442
v -4.17879 1.26630 -0.52632
v -4.18852 1.25993 -0.52759
v 1.23502 -3.02000 3.25000
v 1.23502 -3.03148 3.24772
v 1.23502 -3.04121 3.24121
v 1.23502 -3.04772 3.23148
v 1.23502 -3.05000 3.22000
v -1.23502 -3.02000 3.25000
v -1.23502 -3.05000 3.22000
v -1.23502 -3.04772 3.23148
v -1.23502 -3.04121 3.24121
v -1.23502 -3.03148 3.24772
v -1.23502 -3.05000 3.22000
v -1.23502 -3.04772 3.23148
v -1.23502 -3.04121 3.24121
v -1.23502 -3.03148 3.24772
v -1.23502 -3.02000 3.25000
v -1.53872 -3.02000 3.11032
v -1.48955 -3.02000 3.15857
v -1.43283 -3.02000 3.19766
v -1.37025 -3.02000 3.22645
v -1.30365 -3.02000 3.24407
v -1.51594 -3.05000 3.09079
v -1.52466 -3.04772 3.09826
v -1.53205 -3.04121 3.10460
v -1.53699 -3.03148 3.10883
v -1.29850 -3.05000 3.21451
v -1.36010 -3.05000 3.19821
v -1.41799 -3.05000 3.17159
v -1.47046 -3.05000 3.13542
v -1.47777 -3.04772 3.14428
v -1.48396 -3.04121 3.15179
v -1.48810 -3.03148 3.15680
v -1.42367 -3.04772 3.18157
v -1.42849 -3.04121 3.19003
v -1.43170 -3.03148 3.19568
v -1.36398 -3.04772 3.20902
v -1.36727 -3.04121 3.21818
v -1.36947 -3.03148 3.22430
v -1.30047 -3.04772 3.22582
v -1.30214 -3.04121 3.23541
v -1.30326 -3.03148 3.24182
v 1.23502 -3.02000 3.25000
v 1.23502 -3.03148 3.24772
v 1.23502 -3.04121 3.24121
v 1.23502 -3.04772 3.23148
v 1.23502 -3.05000 3.22000
v 1.51594 -3.05000 3.09079
v 1.47046 -3.05000 3.13542
v 1.41799 -3.05000 3.17159
v 1.36010 -3.05000 3.19821
v 1.29850 -3.05000 3.21451
v 1.53872 -3.02000 3.11032
v 1.53699 -3.03148 3.10883
v 1.53205 -3.04121 3.10460
v 1.52466 -3.04772 3.09826
v 1.30365 -3.02000 3.24407
v 1.37025 -3.02000 3.22645
v 1.43283 -3.02000 3.19766
v 1.48955 -3.02000 3.15857
v 1.48810 -3.03148 3.15680
v 1.48396 -3.04121 3.15179
v 1.47777 -3.04772 3.14428
v 1.43170 -3.03148 3.19568
v 1.42849 -3.04121 3.19003
v 1.42367 -3.04772 3.18157
v 1.36947 -3.03148 3.22430
v 1.36727 -3.04121 3.21818
v 1.36398 -3.04772 3.20902
v 1.30326 -3.03148 3.24182
v 1.30214 -3.04121 3.23541
v 1.30047 -3.04772 3.22582
v -1.51594 -3.05000 3.09079
v -1.52466 -3.04772 3.09826
v -1.53205 -3.04121 3.10460
v -1.53699 -3.03148 3.10883
v -1.53872 -3.02000 3.11032
v -2.16865 -3.02000 2.37540
v -2.14587 -3.05000 2.35587
v -2.15459 -3.04772 2.36334
v -2.16198 -3.04121 2.36968
v -2.16692 -3.03148 2.37391
v 1.53872 -3.02000 3.11032
v 1.53699 -3.03148 3.10883
v 1.53205 -3.04121 3.10460
v 1.52466 -3.04772 3.09826
v 1.51594 -3.05000 3.09079
v 2.14587 -3.05000 2.35587
v 2.16865 -3.02000 2.37540
v 2.16692 -3.03148 2.37391
v 2.16198 -3.04121 2.36968
v 2.15459 -3.04772 2.36334
v -2.14587 -3.05000 2.35587
v -2.15459 -3.04772 2.36334
v -2.16198 -3.04121 2.36968
v -2.16692 -3.03148 2.37391
v -2.16865 -3.02000 2.37540
v -2.34436 -2.75000 2.17040
v -2.34099 -2.80267 2.17434
v -2.33099 -2.85332 2.18600
v -2.31475 -2.90000 2.20495
v -2.29290 -2.94092 2.23044
v -2.26627 -2.97450 2.26150
v -2.23589 -2.99945 2.29695
v -2.20293 -3.01481 2.33540
v -2.34111 -2.75000 2.12809
v -2.34834 -2.75000 2.13730
v -2.35150 -2.75000 2.14857
v -2.35010 -2.75000 2.16019
v -2.18396 -3.04424 2.31143
v -2.22059 -3.02716 2.26871
v -2.25434 -2.99944 2.22933
v -2.28393 -2.96213 2.19481
v -2.30821 -2.91667 2.16648
v -2.32625 -2.86481 2.14543
v -2.33736 -2.80853 2.13247
v -2.20265 -3.02607 2.33222
v -2.19895 -3.03562 2.32654
v -2.19239 -3.04200 2.31924
v -2.23702 -3.01005 2.29212
v -2.23451 -3.01905 2.28506
v -2.22874 -3.02505 2.27684
v -2.26869 -2.98404 2.25518
v -2.26727 -2.99213 2.24684
v -2.26223 -2.99754 2.23776
v -2.29645 -2.94904 2.22279
v -2.29599 -2.95592 2.21333
v -2.29159 -2.96052 2.20351
v -2.31923 -2.90638 2.19621
v -2.31956 -2.91179 2.18583
v -2.31569 -2.91540 2.17540
v -2.33616 -2.85772 2.17646
v -2.33707 -2.86144 2.16540
v -2.33359 -2.86393 2.15451
v -2.34658 -2.80491 2.16430
v -2.34786 -2.80681 2.15282
v -2.34462 -2.80808 2.14164
v 2.16865 -3.02000 2.37540
v 2.16692 -3.03148 2.37391
v 2.16198 -3.04121 2.36968
v 2.15459 -3.04772 2.36334
v 2.14587 -3.05000 2.35587
v 2.34111 -2.75000 2.12809
v 2.33736 -2.80853 2.13247
v 2.32625 -2.86481 2.14543
v 2.30821 -2.91667 2.16648
v 2.28393 -2.96213 2.19481
v 2.25434 -2.99944 2.22933
v 2.22059 -3.02716 2.26871
v 2.18396 -3.04424 2.31143
v 2.34436 -2.75000 2.17040
v 2.35010 -2.75000 2.16019
v 2.35150 -2.75000 2.14857
v 2.34834 -2.75000 2.13730
v 2.20293 -3.01481 2.33540
v 2.23589 -2.99945 2.29695
v 2.26627 -2.97450 2.26150
v 2.29290 -2.94092 2.23044
v 2.31475 -2.90000 2.20495
v 2.33099 -2.85332 2.18600
v 2.34099 -2.80267 2.17434
v 2.19239 -3.04200 2.31924
v 2.19895 -3.03562 2.32654
v 2.20265 -3.02607 2.33222
v 2.22874 -3.02505 2.27684
v 2.23451 -3.01905 2.28506
v 2.23702 -3.01005 2.29212
v 2.26223 -2.99754 2.23776
v 2.26727 -2.99213 2.24684
v 2.26869 -2.98404 2.25518
v 2.29159 -2.96052 2.20351
v 2.29599 -2.95592 2.21333
v 2.29645 -2.94904 2.22279
v 2.31569 -2.91540 2.17540
v 2.31956 -2.91179 2.18583
v 2.31923 -2.90638 2.19621
v 2.33359 -2.86393 2.15451
v 2.33707 -2.86144 2.16540
v 2.33616 -2.85772 2.17646
v 2.34462 -2.80808 2.14164
v 2.34786 -2.80681 2.15282
v 2.34658 -2.80491 2.16430
v -2.34111 -2.75000 2.12809
v -2.34834 -2.75000 2.13730
v -2.35150 -2.75000 2.14857
v -2.35010 -2.75000 2.16019
v -2.34436 -2.75000 2.17040
v -2.34436 -2.55000 2.17040
v -2.34111 -2.55000 2.12809
v -2.34834 -2.55000 2.13730
v -2.35150 -2.55000 2.14857
v -2.35010 -2.55000 2.16019
v 2.34436 -2.75000 2.17040
v 2.35010 -2.75000 2.16019
v 2.35150 -2.75000 2.14857
v 2.34834 -2.75000 2.13730
v 2.34111 -2.75000 2.12809
v 2.34111 -2.55000 2.12809
v 2.34436 -2.55000 2.17040
v 2.35010 -2.55000 2.16019
v 2.35150 -2.55000 2.14857
v 2.34834 -2.55000 2.13730
v -2.34111 -2.55000 2.12809
v -2.34834 -2.55000 2.13730
v -2.35150 -2.55000 2.14857
v -2.35010 -2.55000 2.16019
v -2.34436 -2.55000 2.17040
v -2.16865 -2.28000 2.37540
v -2.20293 -2.28519 2.33540
v -2.23589 -2.30055 2.29695
v -2.26627 -2.32550 2.26150
v -2.29290 -2.35908 2.23044
v -2.31475 -2.40000 2.20495
v -2.33099 -2.44668 2.18600
v -2.34099 -2.49733 2.17434
v -2.14587 -2.25000 2.35587
v -2.15459 -2.25228 2.36334
v -2.16198 -2.25879 2.36968
v -2.16692 -2.26852 2.37391
v -2.33736 -2.49147 2.13247
v -2.32625 -2.43519 2.14543
v -2.30821 -2.38333 2.16648
v -2.28393 -2.33787 2.19481
v -2.25434 -2.30056 2.22933
v -2.22059 -2.27284 2.26871
v -2.18396 -2.25576 2.31143
v -2.34658 -2.49509 2.16430
v -2.34786 -2.49319 2.15282
v -2.34462 -2.49192 2.14164
v -2.33616 -2.44228 2.17646
v -2.33707 -2.43856 2.16540
v -2.33359 -2.43607 2.15451
v -2.31923 -2.39362 2.19621
v -2.31956 -2.38821 2.18583
v -2.31569 -2.38460 2.17540
v -2.29645 -2.35096 2.22279
v -2.29599 -2.34408 2.21333
v -2.29159 -2.33948 2.20351
v -2.26869 -2.31596 2.25518
v -2.26727 -2.30787 2.24684
v -2.26223 -2.30246 2.23776
v -2.23702 -2.28995 2.29212
v -2.23451 -2.28095 2.28506
v -2.22874 -2.27495 2.27684
v -2.20265 -2.27393 2.33222
v -2.19895 -2.26438 2.32654
v -2.19239 -2.25800 2.31924
v 2.34436 -2.55000 2.17040
v 2.35010 -2.55000 2.16019
v 2.35150 -2.55000 2.14857
v 2.34834 -2.55000 2.13730
v 2.34111 -2.55000 2.12809
v 2.14587 -2.25000 2.35587
v 2.18396 -2.25576 2.31143
v 2.22059 -2.27284 2.26871
v 2.25434 -2.30056 2.22933
v 2.28393 -2.33787 2.19481
v 2.30821 -2.38333 2.16648
v 2.32625 -2.43519 2.14543
v 2.33736 -2.49147 2.13247
v 2.16865 -2.28000 2.37540
v 2.16692 -2.26852 2.37391
v 2.16198 -2.25879 2.36968
v 2.15459 -2.25228 2.36334
v 2.34099 -2.49733 2.17434
v 2.33099 -2.44668 2.18600
v 2.31475 -2.40000 2.20495
v 2.29290 -2.35908 2.23044
v 2.26627 -2.32550 2.26150
v 2.23589 -2.30055 2.29695
v 2.20293 -2.28519 2.33540
v 2.34462 -2.49192 2.14164
v 2.34786 -2.49319 2.15282
v 2.34658 -2.49509 2.16430
v 2.33359 -2.43607 2.15451
v 2.33707 -2.43856 2.16540
v 2.33616 -2.44228 2.17646
v 2.31569 -2.38460 2.17540
v 2.31956 -2.38821 2.18583
v 2.31923 -2.39362 2.19621
v 2.29159 -2.33948 2.20351
v 2.29599 -2.34408 2.21333
v 2.29645 -2.35096 2.22279
v 2.26223 -2.30246 2.23776
v 2.26727 -2.30787 2.24684
v 2.26869 -2.31596 2.25518
v 2.22874 -2.27495 2.27684
v 2.23451 -2.28095 2.28506
v 2.23702 -2.28995 2.29212
v 2.19239 -2.25800 2.31924
v 2.19895 -2.26438 2.32654
v 2.20265 -2.27393 2.33222
v -2.14587 -2.25000 2.35587
v -2.15459 -2.25228 2.36334
v -2.16198 -2.25879 2.36968
v -2.16692 -2.26852 2.37391
v -2.16865 -2.28000 2.37540
v -1.53872 -2.28000 3.11032
v -1.51594 -2.25000 3.09079
v -1.52466 -2.25228 3.09826
v -1.53205 -2.25879 3.10460
v -1.53699 -2.26852 3.10883
v 2.16865 -2.28000 2.37540
v 2.16692 -2.26852 2.37391
v 2.16198 -2.25879 2.36968
v 2.15459 -2.25228 2.36334
v 2.14587 -2.25000 2.35587
v 1.51594 -2.25000 3.09079
v 1.53872 -2.28000 3.11032
v 1.53699 -2.26852 3.10883
v 1.53205 -2.25879 3.10460
v 1.52466 -2.25228 3.09826
v -1.51594 -2.25000 3.09079
v -1.52466 -2.25228 3.09826
v -1.53205 -2.25879 3.10460
v -1.53699 -2.26852 3.10883
v -1.53872 -2.28000 3.11032
v -1.25121 -2.28000 3.24967
v -1.31638 -2.28000 3.24164
v -1.37935 -2.28000 3.22305
v -1.43844 -2.28000 3.19441
v -1.49204 -2.28000 3.15649
v -1.25000 -2.25000 3.21970
v -1.25046 -2.25228 3.23117
v -1.25086 -2.25879 3.24089
v -1.25112 -2.26852 3.24739
v -1.47276 -2.25000 3.13351
v -1.42318 -2.25000 3.16858
v -1.36853 -2.25000 3.19507
v -1.31028 -2.25000 3.21226
v -1.31261 -2.25228 3.22351
v -1.31459 -2.25879 3.23303
v -1.31592 -2.26852 3.23940
v -1.37267 -2.25228 3.20578
v -1.37618 -2.25879 3.21486
v -1.37853 -2.26852 3.22092
v -1.42902 -2.25228 3.17847
v -1.43397 -2.25879 3.18685
v -1.43728 -2.26852 3.19245
v -1.48014 -2.25228 3.14230
v -1.48640 -2.25879 3.14976
v -1.49057 -2.26852 3.15474
v 1.53872 -2.28000 3.11032
v 1.53699 -2.26852 3.10883
v 1.53205 -2.25879 3.10460
v 1.52466 -2.25228 3.09826
v 1.51594 -2.25000 3.09079
v 1.25000 -2.25000 3.21970
v 1.31028 -2.25000 3.21226
v 1.36853 -2.25000 3.19507
v 1.42318 -2.25000 3.16858
v 1.47276 -2.25000 3.13351
v 1.25121 -2.28000 3.24967
v 1.25112 -2.26852 3.24739
v 1.25086 -2.25879 3.24089
v 1.25046 -2.25228 3.23117
v 1.49204 -2.28000 3.15649
v 1.43844 -2.28000 3.19441
v 1.37935 -2.28000 3.22305
v 1.31638 -2.28000 3.24164
v 1.31592 -2.26852 3.23940
v 1.31459 -2.25879 3.23303
v 1.31261 -2.25228 3.22351
v 1.37853 -2.26852 3.22092
v 1.37618 -2.25879 3.21486
v 1.37267 -2.25228 3.20578
v 1.43728 -2.26852 3.19245
v 1.43397 -2.25879 3.18685
v 1.42902 -2.25228 3.17847
v 1.49057 -2.26852 3.15474
v 1.48640 -2.25879 3.14976
v 1.48014 -2.25228 3.14230
v -1.25000 -2.25000 3.21970
v -1.25046 -2.25228 3.23117
v -1.25086 -2.25879 3.24089
v -1.25112 -2.26852 3.24739
v -1.25121 -2.28000 3.24967
v -1.23502 -2.27938 3.25000
v -1.23751 -2.24948 3.22000
v -1.23732 -2.25176 3.23148
v -1.23678 -2.25824 3.24121
v -1.23597 -2.26793 3.24772
v -1.24147 -2.25855 3.24117
v 1.25121 -2.28000 3.24967
v 1.25112 -2.26852 3.24739
v 1.25086 -2.25879 3.24089
v 1.25046 -2.25228 3.23117
v 1.25000 -2.25000 3.21970
v 1.23751 -2.24948 3.22000
v 1.23502 -2.27938 3.25000
v 1.23597 -2.26793 3.24772
v 1.23678 -2.25824 3.24121
v 1.23732 -2.25176 3.23148
v 1.24147 -2.25855 3.24117
v -1.23751 -2.24948 3.22000
v -1.23732 -2.25176 3.23148
v -1.23678 -2.25824 3.24121
v -1.23597 -2.26793 3.24772
v -1.23502 -2.27938 3.25000
v -1.07000 -2.10000 3.25000
v -1.07310 -2.13328 3.25000
v -1.08230 -2.16540 3.25000
v -1.09728 -2.19528 3.25000
v -1.11753 -2.22187 3.25000
v -1.14234 -2.24426 3.25000
v -1.17086 -2.26167 3.25000
v -1.20211 -2.27351 3.25000
v -1.10000 -2.10000 3.22000
v -1.09772 -2.10000 3.23148
v -1.09121 -2.10000 3.24121
v -1.08148 -2.10000 3.24772
v -1.21010 -2.24459 3.22000
v -1.18405 -2.23473 3.22000
v -1.16028 -2.22021 3.22000
v -1.13961 -2.20156 3.22000
v -1.12274 -2.17940 3.22000
v -1.11025 -2.15450 3.22000
v -1.10259 -2.12773 3.22000
v -1.10034 -2.12815 3.23148
v -1.09395 -2.12935 3.24121
v -1.08439 -2.13115 3.24772
v -1.10812 -2.15533 3.23148
v -1.10207 -2.15770 3.24121
v -1.09300 -2.16123 3.24772
v -1.12080 -2.18061 3.23148
v -1.11528 -2.18405 3.24121
v -1.10702 -2.18920 3.24772
v -1.13793 -2.20310 3.23148
v -1.13314 -2.20750 3.24121
v -1.12598 -2.21409 3.24772
v -1.15892 -2.22204 3.23148
v -1.15503 -2.22725 3.24121
v -1.14921 -2.23505 3.24772
v -1.18305 -2.23678 3.23148
v -1.18019 -2.24262 3.24121
v -1.17591 -2.25136 3.24772
v -1.20949 -2.24680 3.23148
v -1.20776 -2.25306 3.24121
v -1.20517 -2.26245 3.24772
v 1.23502 -2.27938 3.25000
v 1.23597 -2.26793 3.24772
v 1.23678 -2.25824 3.24121
v 1.23732 -2.25176 3.23148
v 1.23751 -2.24948 3.22000
v 1.10000 -2.10000 3.22000
v 1.10259 -2.12773 3.22000
v 1.11025 -2.15450 3.22000
v 1.12274 -2.17940 3.22000
v 1.13961 -2.20156 3.22000
v 1.16028 -2.22021 3.22000
v 1.18405 -2.23473 3.22000
v 1.21010 -2.24459 3.22000
v 1.07000 -2.10000 3.25000
v 1.08148 -2.10000 3.24772
v 1.09121 -2.10000 3.24121
v 1.09772 -2.10000 3.23148
v 1.20211 -2.27351 3.25000
v 1.17086 -2.26167 3.25000
v 1.14234 -2.24426 3.25000
v 1.11753 -2.22187 3.25000
v 1.09728 -2.19528 3.25000
v 1.08230 -2.16540 3.25000
v 1.07310 -2.13328 3.25000
v 1.20949 -2.24680 3.23148
v 1.20776 -2.25306 3.24121
v 1.20517 -2.26245 3.24772
v 1.18305 -2.23678 3.23148
v 1.18019 -2.24262 3.24121
v 1.17591 -2.25136 3.24772
v 1.15892 -2.22204 3.23148
v 1.15503 -2.22725 3.24121
v 1.14921 -2.23505 3.24772
v 1.13793 -2.20310 3.23148
v 1.13314 -2.20750 3.24121
v 1.12598 -2.21409 3.24772
v 1.12080 -2.18061 3.23148
v 1.11528 -2.18405 3.24121
v 1.10702 -2.18920 3.24772
v 1.10812 -2.15533 3.23148
v 1.10207 -2.15770 3.24121
v 1.09300 -2.16123 3.24772
v 1.10034 -2.12815 3.23148
v 1.09395 -2.12935 3.24121
v 1.08439 -2.13115 3.24772
v -1.10000 -2.10000 3.22000
v -1.09772 -2.10000 3.23148
v -1.09121 -2.10000 3.24121
v -1.08148 -2.10000 3.24772
v -1.07000 -2.10000 3.25000
v -1.25000 -1.92000 3.25000
v -1.21488 -1.92346 3.25000
v -1.18112 -1.93370 3.25000
v -1.15000 -1.95034 3.25000
v -1.12272 -1.97272 3.25000
v -1.10034 -2.00000 3.25000
v -1.08370 -2.03112 3.25000
v -1.07346 -2.06488 3.25000
v -1.25000 -1.95000 3.22000
v -1.25000 -1.94772 3.23148
v -1.25000 -1.94121 3.24121
v -1.25000 -1.93148 3.24772
v -1.10288 -2.07074 3.22000
v -1.11142 -2.04260 3.22000
v -1.12528 -2.01666 3.22000
v -1.14393 -1.99393 3.22000
v -1.16666 -1.97528 3.22000
v -1.19260 -1.96142 3.22000
v -1.22074 -1.95288 3.22000
v -1.22029 -1.95064 3.23148
v -1.21902 -1.94426 3.24121
v -1.21712 -1.93472 3.24772
v -1.19172 -1.95931 3.23148
v -1.18923 -1.95330 3.24121
v -1.18551 -1.94431 3.24772
v -1.16540 -1.97338 3.23148
v -1.16178 -1.96797 3.24121
v -1.15638 -1.95988 3.24772
v -1.14232 -1.99232 3.23148
v -1.13772 -1.98772 3.24121
v -1.13084 -1.98084 3.24772
v -1.12338 -2.01540 3.23148
v -1.11797 -2.01178 3.24121
v -1.10988 -2.00638 3.24772
v -1.10931 -2.04172 3.23148
v -1.10330 -2.03923 3.24121
v -1.09431 -2.03551 3.24772
v -1.10064 -2.07029 3.23148
v -1.09426 -2.06902 3.24121
v -1.08472 -2.06712 3.24772
v 1.07000 -2.10000 3.25000
v 1.08148 -2.10000 3.24772
v 1.09121 -2.10000 3.24121
v 1.09772 -2.10000 3.23148
v 1.10000 -2.10000 3.22000
v 1.25000 -1.95000 3.22000
v 1.22074 -1.95288 3.22000
v 1.19260 -1.96142 3.22000
v 1.16666 -1.97528 3.22000
v 1.14393 -1.99393 3.22000
v 1.12528 -2.01666 3.22000
v 1.11142 -2.04260 3.22000
v 1.10288 -2.07074 3.22000
v 1.25000 -1.92000 3.25000
v 1.25000 -1.93148 3.24772
v 1.25000 -1.94121 3.24121
v 1.25000 -1.94772 3.23148
v 1.07346 -2.06488 3.25000
v 1.08370 -2.03112 3.25000
v 1.10034 -2.00000 3.25000
v 1.12272 -1.97272 3.25000
v 1.15000 -1.95034 3.25000
v 1.18112 -1.93370 3.25000
v 1.21488 -1.92346 3.25000
v 1.10064 -2.07029 3.23148
v 1.09426 -2.06902 3.24121
v 1.08472 -2.06712 3.24772
v 1.10931 -2.04172 3.23148
v 1.10330 -2.03923 3.24121
v 1.09431 -2.03551 3.24772
v 1.12338 -2.01540 3.23148
v 1.11797 -2.01178 3.24121
v 1.10988 -2.00638 3.24772
v 1.14232 -1.99232 3.23148
v 1.13772 -1.98772 3.24121
v 1.13084 -1.98084 3.24772
v 1.16540 -1.97338 3.23148
v 1.16178 -1.96797 3.24121
v 1.15638 -1.95988 3.24772
v 1.19172 -1.95931 3.23148
v 1.18923 -1.95330 3.24121
v 1.18551 -1.94431 3.24772
v 1.22029 -1.95064 3.23148
v 1.21902 -1.94426 3.24121
v 1.21712 -1.93472 3.24772
v -1.25000 -1.95000 3.22000
v -1.25000 -1.94772 3.23148
v -1.25000 -1.94121 3.24121
v -1.25000 -1.93148 3.24772
v -1.25000 -1.92000 3.25000
v -2.95000 -1.92000 3.25000
v -2.95000 -1.95000 3.22000
v -2.95000 -1.94772 3.23148
v -2.95000 -1.94121 3.24121
v -2.95000 -1.93148 3.24772
v 1.25000 -1.92000 3.25000
v 1.25000 -1.93148 3.24772
v 1.25000 -1.94121 3.24121
v 1.25000 -1.94772 3.23148
v 1.25000 -1.95000 3.22000
v 2.95000 -1.95000 3.22000
v 2.95000 -1.92000 3.25000
v 2.95000 -1.93148 3.24772
v 2.95000 -1.94121 3.24121
v 2.95000 -1.94772 3.23148
v -2.95000 -1.95000 3.22000
v -2.95000 -1.94772 3.23148
v -2.95000 -1.94121 3.24121
v -2.95000 -1.93148 3.24772
v -2.95000 -1.92000 3.25000
v -3.13000 -2.10000 3.25000
v -3.12654 -2.06488 3.25000
v -3.11630 -2.03112 3.25000
v -3.09966 -2.00000 3.25000
v -3.07728 -1.97272 3.25000
v -3.05000 -1.95034 3.25000
v -3.01888 -1.93370 3.25000
v -2.98512 -1.92346 3.25000
v -3.10000 -2.10000 3.22000
v -3.10228 -2.10000 3.23148
v -3.10879 -2.10000 3.24121
v -3.11852 -2.10000 3.24772
v -2.97926 -1.95288 3.22000
v -3.00740 -1.96142 3.22000
v -3.03334 -1.97528 3.22000
v -3.05607 -1.99393 3.22000
v -3.07472 -2.01666 3.22000
v -3.08858 -2.04260 3.22000
v -3.09712 -2.07074 3.22000
v -3.09936 -2.07029 3.23148
v -3.10574 -2.06902 3.24121
v -3.11528 -2.06712 3.24772
v -3.09069 -2.04172 3.23148
v -3.09670 -2.03923 3.24121
v -3.10569 -2.03551 3.24772
v -3.07662 -2.01540 3.23148
v -3.08203 -2.01178 3.24121
v -3.09012 -2.00638 3.24772
v -3.05768 -1.99232 3.23148
v -3.06228 -1.98772 3.24121
v -3.06916 -1.98084 3.24772
v -3.03460 -1.97338 3.23148
v -3.03822 -1.96797 3.24121
v -3.04362 -1.95988 3.24772
v -3.00828 -1.95931 3.23148
v -3.01077 -1.95330 3.24121
v -3.01449 -1.94431 3.24772
v -2.97971 -1.95064 3.23148
v -2.98098 -1.94426 3.24121
v -2.98288 -1.93472 3.24772
v 2.95000 -1.92000 3.25000
v 2.95000 -1.93148 3.24772
v 2.95000 -1.94121 3.24121
v 2.95000 -1.94772 3.23148
v 2.95000 -1.95000 3.22000
v 3.10000 -2.10000 3.22000
v 3.09712 -2.07074 3.22000
v 3.08858 -2.04260 3.22000
v 3.07472 -2.01666 3.22000
v 3.05607 -1.99393 3.22000
v 3.03334 -1.97528 3.22000
v 3.00740 -1.96142 3.22000
v 2.97926 -1.95288 3.22000
v 3.13000 -2.10000 3.25000
v 3.11852 -2.10000 3.24772
v 3.10879 -2.10000 3.24121
v 3.10228 -2.10000 3.23148
v 2.98512 -1.92346 3.25000
v 3.01888 -1.93370 3.25000
v 3.05000 -1.95034 3.25000
v 3.07728 -1.97272 3.25000
v 3.09966 -2.00000 3.25000
v 3.11630 -2.03112 3.25000
v 3.12654 -2.06488 3.25000
v 2.97971 -1.95064 3.23148
v 2.98098 -1.94426 3.24121
v 2.98288 -1.93472 3.24772
v 3.00828 -1.95931 3.23148
v 3.01077 -1.95330 3.24121
v 3.01449 -1.94431 3.24772
v 3.03460 -1.97338 3.23148
v 3.03822 -1.96797 3.24121
v 3.04362 -1.95988 3.24772
v 3.05768 -1.99232 3.23148
v 3.06228 -1.98772 3.24121
v 3.06916 -1.98084 3.24772
v 3.07662 -2.01540 3.23148
v 3.08203 -2.01178 3.24121
v 3.09012 -2.00638 3.24772
v 3.09069 -2.04172 3.23148
v 3.09670 -2.03923 3.24121
v 3.10569 -2.03551 3.24772
v 3.09936 -2.07029 3.23148
v 3.10574 -2.06902 3.24121
v 3.11528 -2.06712 3.24772
v -3.10000 -2.10000 3.22000
v -3.10228 -2.10000 3.23148
v -3.10879 -2.10000 3.24121
v -3.11852 -2.10000 3.24772
v -3.13000 -2.10000 3.25000
v -3.13000 -2.90000 3.25000
v -3.10000 -2.90000 3.22000
v -3.10228 -2.90000 3.23148
v -3.10879 -2.90000 3.24121
v -3.11852 -2.90000 3.24772
v 3.13000 -2.10000 3.25000
v 3.11852 -2.10000 3.24772
v 3.10879 -2.10000 3.24121
v 3.10228 -2.10000 3.23148
v 3.10000 -2.10000 3.22000
v 3.10000 -2.90000 3.22000
v 3.13000 -2.90000 3.25000
v 3.11852 -2.90000 3.24772
v 3.10879 -2.90000 3.24121
v 3.10228 -2.90000 3.23148
v -3.10000 -2.90000 3.22000
v -3.10228 -2.90000 3.23148
v -3.10879 -2.90000 3.24121
v -3.11852 -2.90000 3.24772
v -3.13000 -2.90000 3.25000
v -3.25000 -3.02000 3.25000
v -3.22659 -3.01769 3.25000
v -3.20408 -3.01087 3.25000
v -3.18333 -2.99978 3.25000
v -3.16515 -2.98485 3.25000
v -3.15022 -2.96667 3.25000
v -3.13913 -2.94592 3.25000
v -3.13231 -2.92341 3.25000
v -3.25000 -3.05000 3.22000
v -3.25000 -3.04772 3.23148
v -3.25000 -3.04121 3.24121
v -3.25000 -3.03148 3.24772
v -3.10288 -2.92926 3.22000
v -3.11142 -2.95740 3.22000
v -3.12528 -2.98334 3.22000
v -3.14393 -3.00607 3.22000
v -3.16666 -3.02472 3.22000
v -3.19260 -3.03858 3.22000
v -3.22074 -3.04712 3.22000
v -3.12105 -2.92565 3.24772
v -3.11150 -2.92755 3.24121
v -3.10512 -2.92882 3.23148
v -3.12853 -2.95032 3.24772
v -3.11954 -2.95404 3.24121
v -3.11353 -2.95653 3.23148
v -3.14068 -2.97305 3.24772
v -3.13259 -2.97845 3.24121
v -3.12718 -2.98207 3.23148
v -3.15703 -2.99297 3.24772
v -3.15015 -2.99985 3.24121
v -3.14555 -3.00445 3.23148
v -3.17695 -3.00932 3.24772
v -3.17155 -3.01741 3.24121
v -3.16793 -3.02282 3.23148
v -3.19968 -3.02147 3.24772
v -3.19596 -3.03046 3.24121
v -3.19347 -3.03647 3.23148
v -3.22435 -3.02895 3.24772
v -3.22245 -3.03850 3.24121
v -3.22118 -3.04488 3.23148
v 3.13000 -2.90000 3.25000
v 3.11852 -2.90000 3.24772
v 3.10879 -2.90000 3.24121
v 3.10228 -2.90000 3.23148
v 3.10000 -2.90000 3.22000
v 3.25000 -3.05000 3.22000
v 3.22074 -3.04712 3.22000
v 3.19260 -3.03858 3.22000
v 3.16666 -3.02472 3.22000
v 3.14393 -3.00607 3.22000
v 3.12528 -2.98334 3.22000
v 3.11142 -2.95740 3.22000
v 3.10288 -2.92926 3.22000
v 3.25000 -3.02000 3.25000
v 3.25000 -3.03148 3.24772
v 3.25000 -3.04121 3.24121
v 3.25000 -3.04772 3.23148
v 3.13231 -2.92341 3.25000
v 3.13913 -2.94592 3.25000
v 3.15022 -2.96667 3.25000
v 3.16515 -2.98485 3.25000
v 3.18333 -2.99978 3.25000
v 3.20408 -3.01087 3.25000
v 3.22659 -3.01769 3.25000
v 3.22435 -3.02895 3.24772
v 3.22245 -3.03850 3.24121
v 3.22118 -3.04488 3.23148
v 3.19968 -3.02147 3.24772
v 3.19596 -3.03046 3.24121
v 3.19347 -3.03647 3.23148
v 3.17695 -3.00932 3.24772
v 3.17155 -3.01741 3.24121
v 3.16793 -3.02282 3.23148
v 3.15703 -2.99297 3.24772
v 3.15015 -2.99985 3.24121
v 3.14555 -3.00445 3.23148
v 3.14068 -2.97305 3.24772
v 3.13259 -2.97845 3.24121
v 3.12718 -2.98207 3.23148
v 3.12853 -2.95032 3.24772
v 3.11954 -2.95404 3.24121
v 3.11353 -2.95653 3.23148
v 3.12105 -2.92565 3.24772
v 3.11150 -2.92755 3.24121
v 3.10512 -2.92882 3.23148
v -3.25000 -3.05000 3.22000
v -3.25000 -3.04772 3.23148
v -3.25000 -3.04121 3.24121
v -3.25000 -3.03148 3.24772
v -3.25000 -3.02000 3.25000
v -3.47000 -3.02000 3.25000
v -3.47000 -3.05000 3.22000
v -3.47000 -3.04772 3.23148
v -3.47000 -3.04121 3.24121
v -3.47000 -3.03148 3.24772
v 3.25000 -3.02000 3.25000
v 3.25000 -3.03148 3.24772
v 3.25000 -3.04121 3.24121
v 3.25000 -3.04772 3.23148
v 3.25000 -3.05000 3.22000
v 3.47000 -3.05000 3.22000
v 3.47000 -3.02000 3.25000
v 3.47000 -3.03148 3.24772
v 3.47000 -3.04121 3.24121
v 3.47000 -3.04772 3.23148
v -3.47000 -3.05000 3.22000
v -3.47000 -3.04772 3.23148
v -3.47000 -3.04121 3.24121
v -3.47000 -3.03148 3.24772
v -3.47000 -3.02000 3.25000
v -4.47000 -3.02000 2.25000
v -4.45079 -3.02000 2.44509
v -4.39388 -3.02000 2.63268
v -4.30147 -3.02000 2.80557
v -4.17711 -3.02000 2.95711
v -4.02557 -3.02000 3.08147
v -3.85268 -3.02000 3.17388
v -3.66509 -3.02000 3.23079
v -4.44000 -3.05000 2.25000
v -4.45148 -3.04772 2.25000
v -4.46121 -3.04121 2.25000
v -4.46772 -3.03148 2.25000
v -3.65924 -3.05000 3.20136
v -3.84120 -3.05000 3.14616
v -4.00890 -3.05000 3.05653
v -4.15589 -3.05000 2.93589
v -4.27653 -3.05000 2.78890
v -4.36616 -3.05000 2.62120
v -4.42136 -3.05000 2.43924
v -4.43262 -3.04772 2.44148
v -4.44217 -3.04121 2.44338
v -4.44855 -3.03148 2.44464
v -4.37677 -3.04772 2.62560
v -4.38576 -3.04121 2.62932
v -4.39177 -3.03148 2.63181
v -4.28607 -3.04772 2.79528
v -4.29416 -3.04121 2.80069
v -4.29957 -3.03148 2.80430
v -4.16401 -3.04772 2.94401
v -4.17089 -3.04121 2.95089
v -4.17549 -3.03148 2.95549
v -4.01528 -3.04772 3.06607
v -4.02069 -3.04121 3.07416
v -4.02430 -3.03148 3.07957
v -3.84560 -3.04772 3.15677
v -3.84932 -3.04121 3.16576
v -3.85181 -3.03148 3.17177
v -3.66148 -3.04772 3.21262
v -3.66338 -3.04121 3.22217
v -3.66464 -3.03148 3.22855
v 3.47000 -3.02000 3.25000
v 3.47000 -3.03148 3.24772
v 3.47000 -3.04121 3.24121
v 3.47000 -3.04772 3.23148
v 3.47000 -3.05000 3.22000
v 4.44000 -3.05000 2.25000
v 4.42136 -3.05000 2.43924
v 4.36616 -3.05000 2.62120
v 4.27653 -3.05000 2.78890
v 4.15589 -3.05000 2.93589
v 4.00890 -3.05000 3.05653
v 3.84120 -3.05000 3.14616
v 3.65924 -3.05000 3.20136
v 4.47000 -3.02000 2.25000
v 4.46772 -3.03148 2.25000
v 4.46121 -3.04121 2.25000
v 4.45148 -3.04772 2.25000
v 3.66509 -3.02000 3.23079
v 3.85268 -3.02000 3.17388
v 4.02557 -3.02000 3.08147
v 4.17711 -3.02000 2.95711
v 4.30147 -3.02000 2.80557
v 4.39388 -3.02000 2.63268
v 4.45079 -3.02000 2.44509
v 3.66148 -3.04772 3.21262
v 3.66338 -3.04121 3.22217
v 3.66464 -3.03148 3.22855
v 3.84560 -3.04772 3.15677
v 3.84932 -3.04121 3.16576
v 3.85181 -3.03148 3.17177
v 4.01528 -3.04772 3.06607
v 4.02069 -3.04121 3.07416
v 4.02430 -3.03148 3.07957
v 4.16401 -3.04772 2.94401
v 4.17089 -3.04121 2.95089
v 4.17549 -3.03148 2.95549
v 4.28607 -3.04772 2.79528
v 4.29416 -3.04121 2.80069
v 4.29957 -3.03148 2.80430
v 4.37677 -3.04772 2.62560
v 4.38576 -3.04121 2.62932
v 4.39177 -3.03148 2.63181
v 4.43262 -3.04772 2.44148
v 4.44217 -3.04121 2.44338
v 4.44855 -3.03148 2.44464
v -4.44000 -3.05000 2.25000
v -4.45148 -3.04772 2.25000
v -4.46121 -3.04121 2.25000
v -4.46772 -3.03148 2.25000
v -4.47000 -3.02000 2.25000
v -4.47000 -3.02000 -0.45000
v -4.44000 -3.05000 -0.45000
v -4.45148 -3.04772 -0.45000
v -4.46121 -3.04121 -0.45000
v -4.46772 -3.03148 -0.45000
v 4.47000 -3.02000 2.25000
v 4.46772 -3.03148 2.25000
v 4.46121 -3.04121 2.25000
v 4.45148 -3.04772 2.25000
v 4.44000 -3.05000 2.25000
v 4.44000 -3.05000 -0.45000
v 4.47000 -3.02000 -0.45000
v 4.46772 -3.03148 -0.45000
v 4.46121 -3.04121 -0.45000
v 4.45148 -3.04772 -0.45000
v -4.44000 -3.05000 -0.45000
v -4.45148 -3.04772 -0.45000
v -4.46121 -3.04121 -0.45000
v -4.46772 -3.03148 -0.45000
v -4.47000 -3.02000 -0.45000
v -4.47000 -2.65000 -0.82000
v -4.47000 -2.72218 -0.81289
v -4.47000 -2.79159 -0.79184
v -4.47000 -2.85556 -0.75764
v -4.47000 -2.91163 -0.71163
v -4.47000 -2.95764 -0.65556
v -4.47000 -2.99184 -0.59159
v -4.47000 -3.01289 -0.52218
v -4.44000 -2.65000 -0.85000
v -4.45148 -2.65000 -0.84772
v -4.46121 -2.65000 -0.84121
v -4.46772 -2.65000 -0.83148
v -4.44000 -3.04231 -0.52804
v -4.44000 -3.01955 -0.60307
v -4.44000 -2.98259 -0.67223
v -4.44000 -2.93284 -0.73284
v -4.44000 -2.87223 -0.78259
v -4.44000 -2.80307 -0.81955
v -4.44000 -2.72804 -0.84231
v -4.46772 -3.02415 -0.52442
v -4.46121 -3.03370 -0.52632
v -4.45148 -3.04007 -0.52759
v -4.46772 -3.00244 -0.59599
v -4.46121 -3.01143 -0.59971
v -4.45148 -3.01744 -0.60220
v -4.46772 -2.96719 -0.66194
v -4.46121 -2.97528 -0.66735
v -4.45148 -2.98069 -0.67096
v -4.46772 -2.91975 -0.71975
v -4.46121 -2.92663 -0.72663
v -4.45148 -2.93123 -0.73123
v -4.46772 -2.86194 -0.76719
v -4.46121 -2.86735 -0.77528
v -4.45148 -2.87096 -0.78069
v -4.46772 -2.79599 -0.80244
v -4.46121 -2.79971 -0.81143
v -4.45148 -2.80220 -0.81744
v -4.46772 -2.72442 -0.82415
v -4.46121 -2.72632 -0.83370
v -4.45148 -2.72759 -0.84007
v 4.47000 -3.02000 -0.45000
v 4.46772 -3.03148 -0.45000
v 4.46121 -3.04121 -0.45000
v 4.45148 -3.04772 -0.45000
v 4.44000 -3.05000 -0.45000
v 4.44000 -2.65000 -0.85000
v 4.44000 -2.72804 -0.84231
v 4.44000 -2.80307 -0.81955
v 4.44000 -2.87223 -0.78259
v 4.44000 -2.93284 -0.73284
v 4.44000 -2.98259 -0.67223
v 4.44000 -3.01955 -0.60307
v 4.44000 -3.04231 -0.52804
v 4.47000 -2.65000 -0.82000
v 4.46772 -2.65000 -0.83148
v 4.46121 -2.65000 -0.84121
v 4.45148 -2.65000 -0.84772
v 4.47000 -3.01289 -0.52218
v 4.47000 -2.99184 -0.59159
v 4.47000 -2.95764 -0.65556
v 4.47000 -2.91163 -0.71163
v 4.47000 -2.85556 -0.75764
v 4.47000 -2.79159 -0.79184
v 4.47000 -2.72218 -0.81289
v 4.46772 -2.72442 -0.82415
v 4.46121 -2.72632 -0.83370
v 4.45148 -2.72759 -0.84007
v 4.46772 -2.79599 -0.80244
v 4.46121 -2.79971 -0.81143
v 4.45148 -2.80220 -0.81744
v 4.46772 -2.86194 -0.76719
v 4.46121 -2.86735 -0.77528
v 4.45148 -2.87096 -0.78069
v 4.46772 -2.91975 -0.71975
v 4.46121 -2.92663 -0.72663
v 4.45148 -2.93123 -0.73123
v 4.46772 -2.96719 -0.66194
v 4.46121 -2.97528 -0.66735
v 4.45148 -2.98069 -0.67096
v 4.46772 -3.00244 -0.59599
v 4.46121 -3.01143 -0.59971
v 4.45148 -3.01744 -0.60220
v 4.46772 -3.02415 -0.52442
v 4.46121 -3.03370 -0.52632
v 4.45148 -3.04007 -0.52759
v -4.44000 -2.65000 -0.85000
v -4.45148 -2.65000 -0.84772
v -4.46121 -2.65000 -0.84121
v -4.46772 -2.65000 -0.83148
v -4.47000 -2.65000 -0.82000
v -4.47000 -2.40000 -0.82000
v -4.44000 -2.40000 -0.85000
v -4.45148 -2.40000 -0.84772
v -4.46121 -2.40000 -0.84121
v -4.46772 -2.40000 -0.83148
v 4.47000 -2.65000 -0.82000
v 4.46772 -2.65000 -0.83148
v 4.46121 -2.65000 -0.84121
v 4.45148 -2.65000 -0.84772
v 4.44000 -2.65000 -0.85000
v 4.44000 -2.40000 -0.85000
v 4.47000 -2.40000 -0.82000
v 4.46772 -2.40000 -0.83148
v 4.46121 -2.40000 -0.84121
v 4.45148 -2.40000 -0.84772
v -4.44000 -2.40000 -0.85000
v -4.45148 -2.40000 -0.84772
v -4.46121 -2.40000 -0.84121
v -4.46772 -2.40000 -0.83148
v -4.47000 -2.40000 -0.82000
v -4.47000 -2.03000 -0.45000
v -4.47000 -2.03711 -0.52218
v -4.47000 -2.05816 -0.59159
v -4.47000 -2.09236 -0.65556
v -4.47000 -2.13837 -0.71163
v -4.47000 -2.19444 -0.75764
v -4.47000 -2.25841 -0.79184
v -4.47000 -2.32782 -0.81289
v -4.44000 -2.00000 -0.45000
v -4.45148 -2.00228 -0.45000
v -4.46121 -2.00879 -0.45000
v -4.46772 -2.01852 -0.45000
v -4.44000 -2.32196 -0.84231
v -4.44000 -2.24693 -0.81955
v -4.44000 -2.17777 -0.78259
v -4.44000 -2.11716 -0.73284
v -4.44000 -2.06741 -0.67223
v -4.44000 -2.03045 -0.60307
v -4.44000 -2.00769 -0.52804
v -4.46772 -2.32558 -0.82415
v -4.46121 -2.32368 -0.83370
v -4.45148 -2.32241 -0.84007
v -4.46772 -2.25401 -0.80244
v -4.46121 -2.25029 -0.81143
v -4.45148 -2.24780 -0.81744
v -4.46772 -2.18806 -0.76719
v -4.46121 -2.18265 -0.77528
v -4.45148 -2.17904 -0.78069
v -4.46772 -2.13025 -0.71975
v -4.46121 -2.12337 -0.72663
v -4.45148 -2.11877 -0.73123
v -4.46772 -2.08281 -0.66194
v -4.46121 -2.07472 -0.66735
v -4.45148 -2.06931 -0.67096
v -4.46772 -2.04756 -0.59599
v -4.46121 -2.03857 -0.59971
v -4.45148 -2.03256 -0.60220
v -4.46772 -2.02585 -0.52442
v -4.46121 -2.01630 -0.52632
v -4.45148 -2.00993 -0.52759
v 4.47000 -2.40000 -0.82000
v 4.46772 -2.40000 -0.83148
v 4.46121 -2.40000 -0.84121
v 4.45148 -2.40000 -0.84772
v 4.44000 -2.40000 -0.85000
v 4.44000 -2.00000 -0.45000
v 4.44000 -2.00769 -0.52804
v 4.44000 -2.03045 -0.60307
v 4.44000 -2.06741 -0.67223
v 4.44000 -2.11716 -0.73284
v 4.44000 -2.17777 -0.78259
v 4.44000 -2.24693 -0.81955
v 4.44000 -2.32196 -0.84231
v 4.47000 -2.03000 -0.45000
v 4.46772 -2.01852 -0.45000
v 4.46121 -2.00879 -0.45000
v 4.45148 -2.00228 -0.45000
v 4.47000 -2.32782 -0.81289
v 4.47000 -2.25841 -0.79184
v 4.47000 -2.19444 -0.75764
v 4.47000 -2.13837 -0.71163
v 4.47000 -2.09236 -0.65556
v 4.47000 -2.05816 -0.59159
v 4.47000 -2.03711 -0.52218
v 4.46772 -2.02585 -0.52442
v 4.46121 -2.01630 -0.52632
v 4.45148 -2.00993 -0.52759
v 4.46772 -2.04756 -0.59599
v 4.46121 -2.03857 -0.59971
v 4.45148 -2.03256 -0.60220
v 4.46772 -2.08281 -0.66194
v 4.46121 -2.07472 -0.66735
v 4.45148 -2.06931 -0.67096
v 4.46772 -2.13025 -0.71975
v 4.46121 -2.12337 -0.72663
v 4.45148 -2.11877 -0.73123
v 4.46772 -2.18806 -0.76719
v 4.46121 -2.18265 -0.77528
v 4.45148 -2.17904 -0.78069
v 4.46772 -2.25401 -0.80244
v 4.46121 -2.25029 -0.81143
v 4.45148 -2.24780 -0.81744
v 4.46772 -2.32558 -0.82415
v 4.46121 -2.32368 -0.83370
v 4.45148 -2.32241 -0.84007
v -4.44000 -2.00000 -0.45000
v -4.45148 -2.00228 -0.45000
v -4.46121 -2.00879 -0.45000
v -4.46772 -2.01852 -0.45000
v -4.47000 -2.03000 -0.45000
v -4.47000 -2.03000 1.25000
v -4.44000 -2.00000 1.25000
v -4.45148 -2.00228 1.25000
v -4.46121 -2.00879 1.25000
v -4.46772 -2.01852 1.25000
v 4.47000 -2.03000 -0.45000
v 4.46772 -2.01852 -0.45000
v 4.46121 -2.00879 -0.45000
v 4.45148 -2.00228 -0.45000
v 4.44000 -2.00000 -0.45000
v 4.44000 -2.00000 1.25000
v 4.47000 -2.03000 1.25000
v 4.46772 -2.01852 1.25000
v 4.46121 -2.00879 1.25000
v 4.45148 -2.00228 1.25000
v -4.44000 -2.00000 1.25000
v -4.45148 -2.00228 1.25000
v -4.46121 -2.00879 1.25000
v -4.46772 -2.01852 1.25000
v -4.47000 -2.03000 1.25000
v -4.47000 -1.80000 1.48000
v -4.47000 -1.84487 1.47558
v -4.47000 -1.88802 1.46249
v -4.47000 -1.92778 1.44124
v -4.47000 -1.96263 1.41263
v -4.47000 -1.99124 1.37778
v -4.47000 -2.01249 1.33802
v -4.47000 -2.02558 1.29487
v -4.44000 -1.80000 1.45000
v -4.45148 -1.80000 1.45228
v -4.46121 -1.80000 1.45879
v -4.46772 -1.80000 1.46852
v -4.44000 -1.99616 1.28902
v -4.44000 -1.98478 1.32654
v -4.44000 -1.96629 1.36111
v -4.44000 -1.94142 1.39142
v -4.44000 -1.91111 1.41629
v -4.44000 -1.87654 1.43478
v -4.44000 -1.83902 1.44616
v -4.45148 -1.83946 1.44840
v -4.46121 -1.84073 1.45478
v -4.46772 -1.84263 1.46432
v -4.45148 -1.87741 1.43689
v -4.46121 -1.87990 1.44289
v -4.46772 -1.88362 1.45189
v -4.45148 -1.91238 1.41819
v -4.46121 -1.91600 1.42360
v -4.46772 -1.92140 1.43169
v -4.45148 -1.94304 1.39304
v -4.46121 -1.94763 1.39763
v -4.46772 -1.95452 1.40452
v -4.45148 -1.96819 1.36238
v -4.46121 -1.97360 1.36600
v -4.46772 -1.98169 1.37140
v -4.45148 -1.98689 1.32741
v -4.46121 -1.99289 1.32990
v -4.46772 -2.00189 1.33362
v -4.45148 -1.99840 1.28946
v -4.46121 -2.00478 1.29073
v -4.46772 -2.01432 1.29263
v 4.47000 -2.03000 1.25000
v 4.46772 -2.01852 1.25000
v 4.46121 -2.00879 1.25000
v 4.45148 -2.00228 1.25000
v 4.44000 -2.00000 1.25000
v 4.44000 -1.80000 1.45000
v 4.44000 -1.83902 1.44616
v 4.44000 -1.87654 1.43478
v 4.44000 -1.91111 1.41629
v 4.44000 -1.94142 1.39142
v 4.44000 -1.96629 1.36111
v 4.44000 -1.98478 1.32654
v 4.44000 -1.99616 1.28902
v 4.47000 -1.80000 1.48000
v 4.46772 -1.80000 1.46852
v 4.46121 -1.80000 1.45879
v 4.45148 -1.80000 1.45228
v 4.47000 -2.02558 1.29487
v 4.47000 -2.01249 1.33802
v 4.47000 -1.99124 1.37778
v 4.47000 -1.96263 1.41263
v 4.47000 -1.92778 1.44124
v 4.47000 -1.88802 1.46249
v 4.47000 -1.84487 1.47558
v 4.45148 -1.99840 1.28946
v 4.46121 -2.00478 1.29073
v 4.46772 -2.01432 1.29263
v 4.45148 -1.98689 1.32741
v 4.46121 -1.99289 1.32990
v 4.46772 -2.00189 1.33362
v 4.45148 -1.96819 1.36238
v 4.46121 -1.97360 1.36600
v 4.46772 -1.98169 1.37140
v 4.45148 -1.94304 1.39304
v 4.46121 -1.94763 1.39763
v 4.46772 -1.95452 1.40452
v 4.45148 -1.91238 1.41819
v 4.46121 -1.91600 1.42360
v 4.46772 -1.92140 1.43169
v 4.45148 -1.87741 1.43689
v 4.46121 -1.87990 1.44289
v 4.46772 -1.88362 1.45189
v 4.45148 -1.83946 1.44840
v 4.46121 -1.84073 1.45478
v 4.46772 -1.84263 1.46432
v -4.44000 -1.80000 1.45000
v -4.45148 -1.80000 1.45228
v -4.46121 -1.80000 1.45879
v -4.46772 -1.80000 1.46852
v -4.47000 -1.80000 1.48000
v -4.47000 -1.75000 1.48000
v -4.44000 -1.75000 1.45000
v -4.45148 -1.75000 1.45228
v -4.46121 -1.75000 1.45879
v -4.46772 -1.75000 1.46852
v 4.47000 -1.80000 1.48000
v 4.46772 -1.80000 1.46852
v 4.46121 -1.80000 1.45879
v 4.45148 -1.80000 1.45228
v 4.44000 -1.80000 1.45000
v 4.44000 -1.75000 1.45000
v 4.47000 -1.75000 1.48000
v 4.46772 -1.75000 1.46852
v 4.46121 -1.75000 1.45879
v 4.45148 -1.75000 1.45228
v -4.44000 -1.75000 1.45000
v -4.45148 -1.75000 1.45228
v -4.46121 -1.75000 1.45879
v -4.46772 -1.75000 1.46852
v -4.47000 -1.75000 1.48000
v -4.47000 -1.52000 1.25000
v -4.47000 -1.52442 1.29487
v -4.47000 -1.53751 1.33802
v -4.47000 -1.55876 1.37778
v -4.47000 -1.58737 1.41263
v -4.47000 -1.62222 1.44124
v -4.47000 -1.66198 1.46249
v -4.47000 -1.70513 1.47558
v -4.44000 -1.55000 1.25000
v -4.45148 -1.54772 1.25000
v -4.46121 -1.54121 1.25000
v -4.46772 -1.53148 1.25000
v -4.44000 -1.71098 1.44616
v -4.44000 -1.67346 1.43478
v -4.44000 -1.63889 1.41629
v -4.44000 -1.60858 1.39142
v -4.44000 -1.58371 1.36111
v -4.44000 -1.56522 1.32654
v -4.44000 -1.55384 1.28902
v -4.45148 -1.55160 1.28946
v -4.46121 -1.54522 1.29073
v -4.46772 -1.53568 1.29263
v -4.45148 -1.56311 1.32741
v -4.46121 -1.55711 1.32990
v -4.46772 -1.54811 1.33362
v -4.45148 -1.58181 1.36238
v -4.46121 -1.57640 1.36600
v -4.46772 -1.56831 1.37140
v -4.45148 -1.60696 1.39304
v -4.46121 -1.60237 1.39763
v -4.46772 -1.59548 1.40452
v -4.45148 -1.63762 1.41819
v -4.46121 -1.63400 1.42360
v -4.46772 -1.62860 1.43169
v -4.45148 -1.67259 1.43689
v -4.46121 -1.67010 1.44289
v -4.46772 -1.66638 1.45189
v -4.45148 -1.71054 1.44840
v -4.46121 -1.70927 1.45478
v -4.46772 -1.70737 1.46432
v 4.47000 -1.75000 1.48000
v 4.46772 -1.75000 1.46852
v 4.46121 -1.75000 1.45879
v 4.45148 -1.75000 1.45228
v 4.44000 -1.75000 1.45000
v 4.44000 -1.55000 1.25000
v 4.44000 -1.55384 1.28902
v 4.44000 -1.56522 1.32654
v 4.44000 -1.58371 1.36111
v 4.44000 -1.60858 1.39142
v 4.44000 -1.63889 1.41629
v 4.44000 -1.67346 1.43478
v 4.44000 -1.71098 1.44616
v 4.47000 -1.52000 1.25000
v 4.46772 -1.53148 1.25000
v 4.46121 -1.54121 1.25000
v 4.45148 -1.54772 1.25000
v 4.47000 -1.70513 1.47558
v 4.47000 -1.66198 1.46249
v 4.47000 -1.62222 1.44124
v 4.47000 -1.58737 1.41263
v 4.47000 -1.55876 1.37778
v 4.47000 -1.53751 1.33802
v 4.47000 -1.52442 1.29487
v 4.45148 -1.71054 1.44840
v 4.46121 -1.70927 1.45478
v 4.46772 -1.70737 1.46432
v 4.45148 -1.67259 1.43689
v 4.46121 -1.67010 1.44289
v 4.46772 -1.66638 1.45189
v 4.45148 -1.63762 1.41819
v 4.46121 -1.63400 1.42360
v 4.46772 -1.62860 1.43169
v 4.45148 -1.60696 1.39304
v 4.46121 -1.60237 1.39763
v 4.46772 -1.59548 1.40452
v 4.45148 -1.58181 1.36238
v 4.46121 -1.57640 1.36600
v 4.46772 -1.56831 1.37140
v 4.45148 -1.56311 1.32741
v 4.46121 -1.55711 1.32990
v 4.46772 -1.54811 1.33362
v 4.45148 -1.55160 1.28946
v 4.46121 -1.54522 1.29073
v 4.46772 -1.53568 1.29263
v -4.44000 -1.55000 1.25000
v -4.45148 -1.54772 1.25000
v -4.46121 -1.54121 1.25000
v -4.46772 -1.53148 1.25000
v -4.47000 -1.52000 1.25000
v -4.47000 -1.52000 1.05000
v -4.44000 -1.55000 1.05000
v -4.45148 -1.54772 1.05000
v -4.46121 -1.54121 1.05000
v -4.46772 -1.53148 1.05000
v 4.47000 -1.52000 1.25000
v 4.46772 -1.53148 1.25000
v 4.46121 -1.54121 1.25000
v 4.45148 -1.54772 1.25000
v 4.44000 -1.55000 1.25000
v 4.44000 -1.55000 1.05000
v 4.47000 -1.52000 1.05000
v 4.46772 -1.53148 1.05000
v 4.46121 -1.54121 1.05000
v 4.45148 -1.54772 1.05000
v -4.44000 -1.55000 1.05000
v -4.45148 -1.54772 1.05000
v -4.46121 -1.54121 1.05000
v -4.46772 -1.53148 1.05000
v -4.47000 -1.52000 1.05000
v -3.47000 -1.52000 0.05000
v -3.66509 -1.52000 0.06921
v -3.85268 -1.52000 0.12612
v -4.02557 -1.52000 0.21853
v -4.17711 -1.52000 0.34289
v -4.30147 -1.52000 0.49443
v -4.39388 -1.52000 0.66732
v -4.45079 -1.52000 0.85491
v -3.47000 -1.55000 0.08000
v -3.47000 -1.54772 0.06852
v -3.47000 -1.54121 0.05879
v -3.47000 -1.53148 0.05228
v -4.42136 -1.55000 0.86076
v -4.36616 -1.55000 0.67880
v -4.27653 -1.55000 0.51110
v -4.15589 -1.55000 0.36411
v -4.00890 -1.55000 0.24347
v -3.84120 -1.55000 0.15384
v -3.65924 -1.55000 0.09864
v -3.66148 -1.54772 0.08738
v -3.66338 -1.54121 0.07783
v -3.66464 -1.53148 0.07145
v -3.84560 -1.54772 0.14323
v -3.84932 -1.54121 0.13424
v -3.85181 -1.53148 0.12823
v -4.01528 -1.54772 0.23393
v -4.02069 -1.54121 0.22584
v -4.02430 -1.53148 0.22043
v -4.16401 -1.54772 0.35599
v -4.17089 -1.54121 0.34911
v -4.17549 -1.53148 0.34451
v -4.28607 -1.54772 0.50472
v -4.29416 -1.54121 0.49931
v -4.29957 -1.53148 0.49570
v -4.37677 -1.54772 0.67440
v -4.38576 -1.54121 0.67068
v -4.39177 -1.53148 0.66819
v -4.43262 -1.54772 0.85852
v -4.44217 -1.54121 0.85662
v -4.44855 -1.53148 0.85536
v 4.47000 -1.52000 1.05000
v 4.46772 -1.53148 1.05000
v 4.46121 -1.54121 1.05000
v 4.45148 -1.54772 1.05000
v 4.44000 -1.55000 1.05000
v 3.47000 -1.55000 0.08000
v 3.65924 -1.55000 0.09864
v 3.84120 -1.55000 0.15384
v 4.00890 -1.55000 0.24347
v 4.15589 -1.55000 0.36411
v 4.27653 -1.55000 0.51110
v 4.36616 -1.55000 0.67880
v 4.42136 -1.55000 0.86076
v 3.47000 -1.52000 0.05000
v 3.47000 -1.53148 0.05228
v 3.47000 -1.54121 0.05879
v 3.47000 -1.54772 0.06852
v 4.45079 -1.52000 0.85491
v 4.39388 -1.52000 0.66732
v 4.30147 -1.52000 0.49443
v 4.17711 -1.52000 0.34289
v 4.02557 -1.52000 0.21853
v 3.85268 -1.52000 0.12612
v 3.66509 -1.52000 0.06921
v 4.43262 -1.54772 0.85852
v 4.44217 -1.54121 0.85662
v 4.44855 -1.53148 0.85536
v 4.37677 -1.54772 0.67440
v 4.38576 -1.54121 0.67068
v 4.39177 -1.53148 0.66819
v 4.28607 -1.54772 0.50472
v 4.29416 -1.54121 0.49931
v 4.29957 -1.53148 0.49570
v 4.16401 -1.54772 0.35599
v 4.17089 -1.54121 0.34911
v 4.17549 -1.53148 0.34451
v 4.01528 -1.54772 0.23393
v 4.02069 -1.54121 0.22584
v 4.02430 -1.53148 0.22043
v 3.84560 -1.54772 0.14323
v 3.84932 -1.54121 0.13424
v 3.85181 -1.53148 0.12823
v 3.66148 -1.54772 0.08738
v 3.66338 -1.54121 0.07783
v 3.66464 -1.53148 0.07145
v -3.47000 -1.55000 0.08000
v -3.47000 -1.54772 0.06852
v -3.47000 -1.54121 0.05879
v -3.47000 -1.53148 0.05228
v -3.47000 -1.52000 0.05000
v 3.47000 -1.52000 0.05000
v 3.47000 -1.53148 0.05228
v 3.47000 -1.54121 0.05879
v 3.47000 -1.54772 0.06852
v 3.47000 -1.55000 0.08000
v 2.11659 -2.75000 1.97516
v 2.12579 -2.75000 1.96793
v 2.13706 -2.75000 1.96477
v 2.14869 -2.75000 1.96617
v 2.15889 -2.75000 1.97191
v 2.11659 -2.55000 1.97516
v 2.15889 -2.55000 1.97191
v 2.14869 -2.55000 1.96617
v 2.13706 -2.55000 1.96477
v 2.12579 -2.55000 1.96793
v 2.15889 -2.55000 1.97191
v 2.14869 -2.55000 1.96617
v 2.13706 -2.55000 1.96477
v 2.12579 -2.55000 1.96793
v 2.11659 -2.55000 1.97516
v 1.94087 -2.28000 2.18016
v 1.97515 -2.28519 2.14016
v 2.00812 -2.30055 2.10171
v 2.03850 -2.32550 2.06627
v 2.06512 -2.35908 2.03520
v 2.08697 -2.40000 2.00971
v 2.10321 -2.44668 1.99076
v 2.11321 -2.49733 1.97910
v 1.96365 -2.25000 2.19968
v 1.95494 -2.25228 2.19221
v 1.94755 -2.25879 2.18588
v 1.94261 -2.26852 2.18164
v 2.15514 -2.49147 1.97628
v 2.14403 -2.43519 1.98924
v 2.12599 -2.38333 2.01029
v 2.10171 -2.33787 2.03862
v 2.07212 -2.30056 2.07314
v 2.03837 -2.27284 2.11252
v 2.00174 -2.25576 2.15524
v 1.99273 -2.25800 2.14811
v 1.98452 -2.26438 2.14274
v 1.97835 -2.27393 2.13995
v 2.02908 -2.27495 2.10571
v 2.02007 -2.28095 2.10126
v 2.01271 -2.28995 2.09986
v 2.06258 -2.30246 2.06663
v 2.05284 -2.30787 2.06304
v 2.04438 -2.31596 2.06291
v 2.09194 -2.33948 2.03237
v 2.08156 -2.34408 2.02953
v 2.07214 -2.35096 2.03052
v 2.11603 -2.38460 2.00426
v 2.10512 -2.38821 2.00203
v 2.09492 -2.39362 2.00395
v 2.13394 -2.43607 1.98337
v 2.12264 -2.43856 1.98160
v 2.11185 -2.44228 1.98420
v 2.14496 -2.49192 1.97051
v 2.13342 -2.49319 1.96902
v 2.12227 -2.49509 1.97203
v 2.11659 -2.75000 1.97516
v 2.12579 -2.75000 1.96793
v 2.13706 -2.75000 1.96477
v 2.14869 -2.75000 1.96617
v 2.15889 -2.75000 1.97191
v 1.96365 -3.05000 2.19968
v 2.00174 -3.04424 2.15524
v 2.03837 -3.02716 2.11252
v 2.07212 -2.99944 2.07314
v 2.10171 -2.96213 2.03862
v 2.12599 -2.91667 2.01029
v 2.14403 -2.86481 1.98924
v 2.15514 -2.80853 1.97628
v 1.94087 -3.02000 2.18016
v 1.94261 -3.03148 2.18164
v 1.94755 -3.04121 2.18588
v 1.95494 -3.04772 2.19221
v 2.11321 -2.80267 1.97910
v 2.10321 -2.85332 1.99076
v 2.08697 -2.90000 2.00971
v 2.06512 -2.94092 2.03520
v 2.03850 -2.97450 2.06627
v 2.00812 -2.99945 2.10171
v 1.97515 -3.01481 2.14016
v 2.14496 -2.80808 1.97051
v 2.13342 -2.80681 1.96902
v 2.12227 -2.80491 1.97203
v 2.13394 -2.86393 1.98337
v 2.12264 -2.86144 1.98160
v 2.11185 -2.85772 1.98420
v 2.11603 -2.91540 2.00426
v 2.10512 -2.91179 2.00203
v 2.09492 -2.90638 2.00395
v 2.09194 -2.96052 2.03237
v 2.08156 -2.95592 2.02953
v 2.07214 -2.94904 2.03052
v 2.06258 -2.99754 2.06663
v 2.05284 -2.99213 2.06304
v 2.04438 -2.98404 2.06291
v 2.02908 -3.02505 2.10571
v 2.02007 -3.01905 2.10126
v 2.01271 -3.01005 2.09986
v 1.99273 -3.04200 2.14811
v 1.98452 -3.03562 2.14274
v 1.97835 -3.02607 2.13995
v 1.96365 -2.25000 2.19968
v 1.95494 -2.25228 2.19221
v 1.94755 -2.25879 2.18588
v 1.94261 -2.26852 2.18164
v 1.94087 -2.28000 2.18016
v 1.31094 -2.28000 2.91508
v 1.33372 -2.25000 2.93460
v 1.32500 -2.25228 2.92713
v 1.31761 -2.25879 2.92080
v 1.31268 -2.26852 2.91657
v 1.94087 -3.02000 2.18016
v 1.94261 -3.03148 2.18164
v 1.94755 -3.04121 2.18588
v 1.95494 -3.04772 2.19221
v 1.96365 -3.05000 2.19968
v 1.33372 -3.05000 2.93460
v 1.31094 -3.02000 2.91508
v 1.31268 -3.03148 2.91657
v 1.31761 -3.04121 2.92080
v 1.32500 -3.04772 2.92713
v 1.33372 -2.25000 2.93460
v 1.32500 -2.25228 2.92713
v 1.31761 -2.25879 2.92080
v 1.31268 -2.26852 2.91657
v 1.31094 -2.28000 2.91508
v 1.24654 -2.28000 2.94933
v 1.26478 -2.28000 2.94547
v 1.28198 -2.28000 2.93829
v 1.29755 -2.28000 2.92804
v 1.25000 -2.25000 2.97913
v 1.24868 -2.25228 2.96773
v 1.24755 -2.25879 2.95806
v 1.24681 -2.26852 2.95160
v 1.31630 -2.25000 2.95145
v 1.29606 -2.25000 2.96477
v 1.27370 -2.25000 2.97411
v 1.27029 -2.25228 2.96315
v 1.26739 -2.25879 2.95386
v 1.29067 -2.25228 2.95464
v 1.26546 -2.26852 2.94765
v 1.28610 -2.25879 2.94605
v 1.30913 -2.25228 2.94249
v 1.28305 -2.26852 2.94030
v 1.30304 -2.25879 2.93490
v 1.29897 -2.26852 2.92982
v 1.31094 -3.02000 2.91508
v 1.31268 -3.03148 2.91657
v 1.31761 -3.04121 2.92080
v 1.32500 -3.04772 2.92713
v 1.33372 -3.05000 2.93460
v 1.23502 -3.05000 2.98000
v 1.25732 -3.05000 2.97807
v 1.27897 -3.05000 2.97235
v 1.29931 -3.05000 2.96299
v 1.31774 -3.05000 2.95028
v 1.23502 -3.02000 2.95000
v 1.23502 -3.03148 2.95228
v 1.23502 -3.04121 2.95879
v 1.23502 -3.04772 2.96852
v 1.29865 -3.02000 2.92714
v 1.28447 -3.02000 2.93692
v 1.26882 -3.02000 2.94411
v 1.25217 -3.02000 2.94852
v 1.31043 -3.04772 2.94143
v 1.30424 -3.04121 2.93392
v 1.29363 -3.04772 2.95301
v 1.30010 -3.03148 2.92890
v 1.28882 -3.04121 2.94455
v 1.27508 -3.04772 2.96154
v 1.28560 -3.03148 2.93890
v 1.27179 -3.04121 2.95238
v 1.25535 -3.04772 2.96676
v 1.26960 -3.03148 2.94626
v 1.25368 -3.04121 2.95717
v 1.25257 -3.03148 2.95077
v 1.25000 -2.25000 2.97913
v 1.24868 -2.25228 2.96773
v 1.24755 -2.25879 2.95806
v 1.24681 -2.26852 2.95160
v 1.24654 -2.28000 2.94933
v 1.23502 -2.27938 2.95000
v 1.23751 -2.24948 2.98000
v 1.23732 -2.25176 2.96852
v 1.23678 -2.25824 2.95879
v 1.23597 -2.26793 2.95228
v 1.24397 -2.25870 2.95844
v 1.23502 -3.02000 2.95000
v 1.23502 -3.03148 2.95228
v 1.23502 -3.04121 2.95879
v 1.23502 -3.04772 2.96852
v 1.23502 -3.05000 2.98000
v -1.23502 -3.05000 2.98000
v -1.23502 -3.02000 2.95000
v -1.23502 -3.03148 2.95228
v -1.23502 -3.04121 2.95879
v -1.23502 -3.04772 2.96852
v -1.15000 -3.02000 2.95000
v 1.15000 -3.02000 2.95000
v 1.23751 -2.24948 2.98000
v 1.23732 -2.25176 2.96852
v 1.23678 -2.25824 2.95879
v 1.23597 -2.26793 2.95228
v 1.23502 -2.27938 2.95000
v 1.15000 -2.24967 2.95000
v 1.17653 -2.26432 2.95000
v 1.20514 -2.27432 2.95000
v 1.07000 -2.10000 2.95000
v 1.07346 -2.13512 2.95000
v 1.08370 -2.16888 2.95000
v 1.10034 -2.20000 2.95000
v 1.12272 -2.22728 2.95000
v 1.10000 -2.10000 2.98000
v 1.09772 -2.10000 2.96852
v 1.09121 -2.10000 2.95879
v 1.08148 -2.10000 2.95228
v 1.21010 -2.24459 2.98000
v 1.18405 -2.23473 2.98000
v 1.16028 -2.22021 2.98000
v 1.13961 -2.20156 2.98000
v 1.12274 -2.17940 2.98000
v 1.11025 -2.15450 2.98000
v 1.10259 -2.12773 2.98000
v 1.10034 -2.12815 2.96852
v 1.09395 -2.12935 2.95879
v 1.08439 -2.13115 2.95228
v 1.10812 -2.15533 2.96852
v 1.10207 -2.15770 2.95879
v 1.09300 -2.16123 2.95228
v 1.12080 -2.18061 2.96852
v 1.11528 -2.18405 2.95879
v 1.10702 -2.18920 2.95228
v 1.13793 -2.20310 2.96852
v 1.13314 -2.20750 2.95879
v 1.12598 -2.21409 2.95228
v 1.15892 -2.22204 2.96852
v 1.15503 -2.22725 2.95879
v 1.14921 -2.23505 2.95228
v 1.18305 -2.23678 2.96852
v 1.18019 -2.24262 2.95879
v 1.17591 -2.25136 2.95228
v 1.20949 -2.24680 2.96852
v 1.20776 -2.25306 2.95879
v 1.20517 -2.26245 2.95228
v -1.23502 -3.02000 2.95000
v -1.23502 -3.03148 2.95228
v -1.23502 -3.04121 2.95879
v -1.23502 -3.04772 2.96852
v -1.23502 -3.05000 2.98000
v -1.33372 -3.05000 2.93460
v -1.31774 -3.05000 2.95028
v -1.29931 -3.05000 2.96299
v -1.27897 -3.05000 2.97235
v -1.25732 -3.05000 2.97807
v -1.31094 -3.02000 2.91508
v -1.31268 -3.03148 2.91657
v -1.31761 -3.04121 2.92080
v -1.32500 -3.04772 2.92713
v -1.25217 -3.02000 2.94852
v -1.26882 -3.02000 2.94411
v -1.28447 -3.02000 2.93692
v -1.29865 -3.02000 2.92714
v -1.30010 -3.03148 2.92890
v -1.30424 -3.04121 2.93392
v -1.28560 -3.03148 2.93890
v -1.31043 -3.04772 2.94143
v -1.28882 -3.04121 2.94455
v -1.26960 -3.03148 2.94626
v -1.29363 -3.04772 2.95301
v -1.27179 -3.04121 2.95238
v -1.25257 -3.03148 2.95077
v -1.27508 -3.04772 2.96154
v -1.25368 -3.04121 2.95717
v -1.25535 -3.04772 2.96676
v 1.10000 -2.10000 2.98000
v 1.09772 -2.10000 2.96852
v 1.09121 -2.10000 2.95879
v 1.08148 -2.10000 2.95228
v 1.07000 -2.10000 2.95000
v 1.25000 -1.92000 2.95000
v 1.21488 -1.92346 2.95000
v 1.18112 -1.93370 2.95000
v 1.15000 -1.95034 2.95000
v 1.12272 -1.97272 2.95000
v 1.10034 -2.00000 2.95000
v 1.08370 -2.03112 2.95000
v 1.07346 -2.06488 2.95000
v 1.25000 -1.95000 2.98000
v 1.25000 -1.94772 2.96852
v 1.25000 -1.94121 2.95879
v 1.25000 -1.93148 2.95228
v 1.10288 -2.07074 2.98000
v 1.11142 -2.04260 2.98000
v 1.12528 -2.01666 2.98000
v 1.14393 -1.99393 2.98000
v 1.16666 -1.97528 2.98000
v 1.19260 -1.96142 2.98000
v 1.22074 -1.95288 2.98000
v 1.22029 -1.95064 2.96852
v 1.21902 -1.94426 2.95879
v 1.21712 -1.93472 2.95228
v 1.19172 -1.95931 2.96852
v 1.18923 -1.95330 2.95879
v 1.18551 -1.94431 2.95228
v 1.16540 -1.97338 2.96852
v 1.16178 -1.96797 2.95879
v 1.15638 -1.95988 2.95228
v 1.14232 -1.99232 2.96852
v 1.13772 -1.98772 2.95879
v 1.13084 -1.98084 2.95228
v 1.12338 -2.01540 2.96852
v 1.11797 -2.01178 2.95879
v 1.10988 -2.00638 2.95228
v 1.10931 -2.04172 2.96852
v 1.10330 -2.03923 2.95879
v 1.09431 -2.03551 2.95228
v 1.10064 -2.07029 2.96852
v 1.09426 -2.06902 2.95879
v 1.08472 -2.06712 2.95228
v -1.31094 -3.02000 2.91508
v -1.31268 -3.03148 2.91657
v -1.31761 -3.04121 2.92080
v -1.32500 -3.04772 2.92713
v -1.33372 -3.05000 2.93460
v -1.96365 -3.05000 2.19968
v -1.94087 -3.02000 2.18016
v -1.94261 -3.03148 2.18164
v -1.94755 -3.04121 2.18588
v -1.95494 -3.04772 2.19221
v 1.25000 -1.95000 2.98000
v 1.25000 -1.94772 2.96852
v 1.25000 -1.94121 2.95879
v 1.25000 -1.93148 2.95228
v 1.25000 -1.92000 2.95000
v 2.95000 -1.92000 2.95000
v 2.95000 -1.95000 2.98000
v 2.95000 -1.94772 2.96852
v 2.95000 -1.94121 2.95879
v 2.95000 -1.93148 2.95228
v -1.94087 -3.02000 2.18016
v -1.94261 -3.03148 2.18164
v -1.94755 -3.04121 2.18588
v -1.95494 -3.04772 2.19221
v -1.96365 -3.05000 2.19968
v -2.15889 -2.75000 1.97191
v -2.15514 -2.80853 1.97628
v -2.14403 -2.86481 1.98924
v -2.12599 -2.91667 2.01029
v -2.10171 -2.96213 2.03862
v -2.07212 -2.99944 2.07314
v -2.03837 -3.02716 2.11252
v -2.00174 -3.04424 2.15524
v -2.13937 -2.75000 1.96468
v -2.14639 -2.75000 1.96552
v -2.15302 -2.75000 1.96797
v -2.11659 -2.75000 1.97516
v -2.12306 -2.75000 1.96950
v -2.13086 -2.75000 1.96591
v -1.97515 -3.01481 2.14016
v -2.00812 -2.99945 2.10171
v -2.03850 -2.97450 2.06627
v -2.06512 -2.94092 2.03520
v -2.08697 -2.90000 2.00971
v -2.10321 -2.85332 1.99076
v -2.11321 -2.80267 1.97910
v -2.11957 -2.80433 1.97357
v -2.12728 -2.80586 1.97009
v -2.13342 -2.80681 1.96902
v -2.14268 -2.80789 1.96984
v -2.14928 -2.80836 1.97233
v -2.10926 -2.85658 1.98560
v -2.11668 -2.85957 1.98246
v -2.12264 -2.86144 1.98160
v -2.13169 -2.86355 1.98266
v -2.13820 -2.86449 1.98526
v -2.09251 -2.90473 2.00514
v -2.09946 -2.90907 2.00255
v -2.10512 -2.91179 2.00203
v -2.11384 -2.91485 2.00348
v -2.12020 -2.91621 2.00625
v -2.06997 -2.94693 2.03144
v -2.07629 -2.95245 2.02958
v -2.08156 -2.95592 2.02953
v -2.08983 -2.95981 2.03150
v -2.09599 -2.96154 2.03450
v -2.04250 -2.98157 2.06348
v -2.04805 -2.98806 2.06252
v -2.05284 -2.99213 2.06304
v -2.06057 -2.99671 2.06564
v -2.06649 -2.99875 2.06892
v -2.01117 -3.00730 2.10004
v -2.01584 -3.01452 2.10011
v -2.02007 -3.01905 2.10126
v -2.02718 -3.02413 2.10459
v -2.03283 -3.02639 2.10819
v -1.97717 -3.02315 2.13971
v -1.98088 -3.03081 2.14089
v -1.98452 -3.03562 2.14274
v -1.99096 -3.04101 2.14685
v -1.99630 -3.04342 2.15080
v 2.95000 -1.95000 2.98000
v 2.95000 -1.94772 2.96852
v 2.95000 -1.94121 2.95879
v 2.95000 -1.93148 2.95228
v 2.95000 -1.92000 2.95000
v 3.13000 -2.10000 2.95000
v 3.12654 -2.06488 2.95000
v 3.11630 -2.03112 2.95000
v 3.09966 -2.00000 2.95000
v 3.07728 -1.97272 2.95000
v 3.05000 -1.95034 2.95000
v 3.01888 -1.93370 2.95000
v 2.98512 -1.92346 2.95000
v 3.10000 -2.10000 2.98000
v 3.10228 -2.10000 2.96852
v 3.10879 -2.10000 2.95879
v 3.11852 -2.10000 2.95228
v 2.97926 -1.95288 2.98000
v 3.00740 -1.96142 2.98000
v 3.03334 -1.97528 2.98000
v 3.05607 -1.99393 2.98000
v 3.07472 -2.01666 2.98000
v 3.08858 -2.04260 2.98000
v 3.09712 -2.07074 2.98000
v 3.09936 -2.07029 2.96852
v 3.10574 -2.06902 2.95879
v 3.11528 -2.06712 2.95228
v 3.09069 -2.04172 2.96852
v 3.09670 -2.03923 2.95879
v 3.10569 -2.03551 2.95228
v 3.07662 -2.01540 2.96852
v 3.08203 -2.01178 2.95879
v 3.09012 -2.00638 2.95228
v 3.05768 -1.99232 2.96852
v 3.06228 -1.98772 2.95879
v 3.06916 -1.98084 2.95228
v 3.03460 -1.97338 2.96852
v 3.03822 -1.96797 2.95879
v 3.04362 -1.95988 2.95228
v 3.00828 -1.95931 2.96852
v 3.01077 -1.95330 2.95879
v 3.01449 -1.94431 2.95228
v 2.97971 -1.95064 2.96852
v 2.98098 -1.94426 2.95879
v 2.98288 -1.93472 2.95228
v -2.13937 -2.55000 1.96468
v -2.13937 -2.75000 1.96468
v -2.11659 -2.55000 1.97516
v -2.12306 -2.55000 1.96950
v -2.13086 -2.55000 1.96591
v -2.11659 -2.75000 1.97516
v -2.12306 -2.75000 1.96950
v -2.13086 -2.75000 1.96591
v 3.10000 -2.10000 2.98000
v 3.10228 -2.10000 2.96852
v 3.10879 -2.10000 2.95879
v 3.11852 -2.10000 2.95228
v 3.13000 -2.10000 2.95000
v 3.13000 -2.90000 2.95000
v 3.10000 -2.90000 2.98000
v 3.10228 -2.90000 2.96852
v 3.10879 -2.90000 2.95879
v 3.11852 -2.90000 2.95228
v -2.11659 -2.55000 1.97516
v -2.12306 -2.55000 1.96950
v -2.13086 -2.55000 1.96591
v -2.13937 -2.55000 1.96468
v -2.14639 -2.55000 1.96552
v -2.15302 -2.55000 1.96797
v -2.15889 -2.55000 1.97191
v -1.96365 -2.25000 2.19968
v -2.00174 -2.25576 2.15524
v -2.03837 -2.27284 2.11252
v -2.07212 -2.30056 2.07314
v -2.10171 -2.33787 2.03862
v -2.12599 -2.38333 2.01029
v -2.14403 -2.43519 1.98924
v -2.15514 -2.49147 1.97628
v -1.94087 -2.28000 2.18016
v -1.94261 -2.26852 2.18164
v -1.94755 -2.25879 2.18588
v -1.95494 -2.25228 2.19221
v -2.11321 -2.49733 1.97910
v -2.10321 -2.44668 1.99076
v -2.08697 -2.40000 2.00971
v -2.06512 -2.35908 2.03520
v -2.03850 -2.32550 2.06627
v -2.00812 -2.30055 2.10171
v -1.97515 -2.28519 2.14016
v -1.97717 -2.27685 2.13971
v -1.98088 -2.26919 2.14089
v -1.98452 -2.26438 2.14274
v -1.99096 -2.25899 2.14685
v -1.99630 -2.25658 2.15080
v -2.01117 -2.29270 2.10004
v -2.01584 -2.28548 2.10011
v -2.02007 -2.28095 2.10126
v -2.02718 -2.27587 2.10459
v -2.03283 -2.27361 2.10819
v -2.04250 -2.31843 2.06348
v -2.04805 -2.31194 2.06252
v -2.05284 -2.30787 2.06304
v -2.06057 -2.30329 2.06564
v -2.06649 -2.30125 2.06892
v -2.06997 -2.35307 2.03144
v -2.07629 -2.34755 2.02958
v -2.08156 -2.34408 2.02953
v -2.08983 -2.34019 2.03150
v -2.09599 -2.33846 2.03450
v -2.09251 -2.39527 2.00514
v -2.09946 -2.39093 2.00255
v -2.10512 -2.38821 2.00203
v -2.11384 -2.38515 2.00348
v -2.12020 -2.38379 2.00625
v -2.10926 -2.44342 1.98560
v -2.11668 -2.44043 1.98246
v -2.12264 -2.43856 1.98160
v -2.13169 -2.43645 1.98266
v -2.13820 -2.43551 1.98526
v -2.11957 -2.49567 1.97357
v -2.12728 -2.49414 1.97009
v -2.13342 -2.49319 1.96902
v -2.14268 -2.49211 1.96984
v -2.14928 -2.49164 1.97233
v 3.10000 -2.90000 2.98000
v 3.10228 -2.90000 2.96852
v 3.10879 -2.90000 2.95879
v 3.11852 -2.90000 2.95228
v 3.13000 -2.90000 2.95000
v 3.25000 -3.02000 2.95000
v 3.22659 -3.01769 2.95000
v 3.20408 -3.01087 2.95000
v 3.18333 -2.99978 2.95000
v 3.16515 -2.98485 2.95000
v 3.15022 -2.96667 2.95000
v 3.13913 -2.94592 2.95000
v 3.13231 -2.92341 2.95000
v 3.25000 -3.05000 2.98000
v 3.25000 -3.04772 2.96852
v 3.25000 -3.04121 2.95879
v 3.25000 -3.03148 2.95228
v 3.10288 -2.92926 2.98000
v 3.11142 -2.95740 2.98000
v 3.12528 -2.98334 2.98000
v 3.14393 -3.00607 2.98000
v 3.16666 -3.02472 2.98000
v 3.19260 -3.03858 2.98000
v 3.22074 -3.04712 2.98000
v 3.12105 -2.92565 2.95228
v 3.11150 -2.92755 2.95879
v 3.10512 -2.92882 2.96852
v 3.12853 -2.95032 2.95228
v 3.11954 -2.95404 2.95879
v 3.11353 -2.95653 2.96852
v 3.14068 -2.97305 2.95228
v 3.13259 -2.97845 2.95879
v 3.12718 -2.98207 2.96852
v 3.15703 -2.99297 2.95228
v 3.15015 -2.99985 2.95879
v 3.14555 -3.00445 2.96852
v 3.17695 -3.00932 2.95228
v 3.17155 -3.01741 2.95879
v 3.16793 -3.02282 2.96852
v 3.19968 -3.02147 2.95228
v 3.19596 -3.03046 2.95879
v 3.19347 -3.03647 2.96852
v 3.22435 -3.02895 2.95228
v 3.22245 -3.03850 2.95879
v 3.22118 -3.04488 2.96852
v -1.94087 -2.28000 2.18016
v -1.94261 -2.26852 2.18164
v -1.94755 -2.25879 2.18588
v -1.95494 -2.25228 2.19221
v -1.96365 -2.25000 2.19968
v -1.33372 -2.25000 2.93460
v -1.31094 -2.28000 2.91508
v -1.31268 -2.26852 2.91657
v -1.31761 -2.25879 2.92080
v -1.32500 -2.25228 2.92713
v 3.25000 -3.05000 2.98000
v 3.25000 -3.04772 2.96852
v 3.25000 -3.04121 2.95879
v 3.25000 -3.03148 2.95228
v 3.25000 -3.02000 2.95000
v 3.47000 -3.02000 2.95000
v 3.47000 -3.05000 2.98000
v 3.47000 -3.04772 2.96852
v 3.47000 -3.04121 2.95879
v 3.47000 -3.03148 2.95228
v -1.31094 -2.28000 2.91508
v -1.31268 -2.26852 2.91657
v -1.31761 -2.25879 2.92080
v -1.32500 -2.25228 2.92713
v -1.33372 -2.25000 2.93460
v -1.25000 -2.25000 2.97913
v -1.27370 -2.25000 2.97411
v -1.29606 -2.25000 2.96477
v -1.31630 -2.25000 2.95145
v -1.24654 -2.28000 2.94933
v -1.24681 -2.26852 2.95160
v -1.24755 -2.25879 2.95806
v -1.24868 -2.25228 2.96773
v -1.29755 -2.28000 2.92804
v -1.28198 -2.28000 2.93829
v -1.26478 -2.28000 2.94547
v -1.26546 -2.26852 2.94765
v -1.26739 -2.25879 2.95386
v -1.28305 -2.26852 2.94030
v -1.27029 -2.25228 2.96315
v -1.28610 -2.25879 2.94605
v -1.29897 -2.26852 2.92982
v -1.29067 -2.25228 2.95464
v -1.30304 -2.25879 2.93490
v -1.30913 -2.25228 2.94249
v 3.47000 -3.05000 2.98000
v 3.47000 -3.04772 2.96852
v 3.47000 -3.04121 2.95879
v 3.47000 -3.03148 2.95228
v 3.47000 -3.02000 2.95000
v 4.17000 -3.02000 2.25000
v 4.15655 -3.02000 2.38656
v 4.11672 -3.02000 2.51788
v 4.05203 -3.02000 2.63890
v 3.96497 -3.02000 2.74497
v 3.85890 -3.02000 2.83203
v 3.73788 -3.02000 2.89672
v 3.60656 -3.02000 2.93655
v 4.20000 -3.05000 2.25000
v 4.18852 -3.04772 2.25000
v 4.17879 -3.04121 2.25000
v 4.17228 -3.03148 2.25000
v 3.61242 -3.05000 2.96597
v 3.74936 -3.05000 2.92443
v 3.87557 -3.05000 2.85697
v 3.98619 -3.05000 2.76619
v 4.07697 -3.05000 2.65557
v 4.14443 -3.05000 2.52936
v 4.18597 -3.05000 2.39242
v 3.60701 -3.03148 2.93879
v 3.60828 -3.04121 2.94517
v 3.61018 -3.04772 2.95471
v 3.73875 -3.03148 2.89883
v 3.74124 -3.04121 2.90483
v 3.74497 -3.04772 2.91383
v 3.86017 -3.03148 2.83393
v 3.86378 -3.04121 2.83933
v 3.86919 -3.04772 2.84743
v 3.96659 -3.03148 2.74659
v 3.97119 -3.04121 2.75119
v 3.97807 -3.04772 2.75807
v 4.05393 -3.03148 2.64017
v 4.05933 -3.04121 2.64378
v 4.06743 -3.04772 2.64919
v 4.11883 -3.03148 2.51875
v 4.12483 -3.04121 2.52124
v 4.13383 -3.04772 2.52497
v 4.15879 -3.03148 2.38701
v 4.16517 -3.04121 2.38828
v 4.17471 -3.04772 2.39018
v -1.24654 -2.28000 2.94933
v -1.24681 -2.26852 2.95160
v -1.24755 -2.25879 2.95806
v -1.24868 -2.25228 2.96773
v -1.25000 -2.25000 2.97913
v -1.23751 -2.24948 2.98000
v -1.23502 -2.27938 2.95000
v -1.23597 -2.26793 2.95228
v -1.23678 -2.25824 2.95879
v -1.23732 -2.25176 2.96852
v -1.24397 -2.25870 2.95844
v 4.20000 -3.05000 2.25000
v 4.18852 -3.04772 2.25000
v 4.17879 -3.04121 2.25000
v 4.17228 -3.03148 2.25000
v 4.17000 -3.02000 2.25000
v 4.17000 -3.02000 0.75000
v 4.17000 -3.02000 -0.45000
v 4.20000 -3.05000 -0.45000
v 4.18852 -3.04772 -0.45000
v 4.17879 -3.04121 -0.45000
v 4.17228 -3.03148 -0.45000
v -1.23502 -2.27938 2.95000
v -1.23597 -2.26793 2.95228
v -1.23678 -2.25824 2.95879
v -1.23732 -2.25176 2.96852
v -1.23751 -2.24948 2.98000
v -1.10000 -2.10000 2.98000
v -1.10259 -2.12773 2.98000
v -1.11025 -2.15450 2.98000
v -1.12274 -2.17940 2.98000
v -1.13961 -2.20156 2.98000
v -1.16028 -2.22021 2.98000
v -1.18405 -2.23473 2.98000
v -1.21010 -2.24459 2.98000
v -1.07000 -2.10000 2.95000
v -1.08148 -2.10000 2.95228
v -1.09121 -2.10000 2.95879
v -1.09772 -2.10000 2.96852
v -1.07346 -2.13512 2.95000
v -1.08370 -2.16888 2.95000
v -1.10034 -2.20000 2.95000
v -1.12272 -2.22728 2.95000
v -1.15000 -2.24967 2.95000
v -1.20514 -2.27432 2.95000
v -1.17653 -2.26432 2.95000
v -1.21204 -2.24748 2.96852
v -1.21042 -2.25378 2.95879
v -1.20800 -2.26320 2.95228
v -1.18784 -2.23902 2.96852
v -1.18519 -2.24496 2.95879
v -1.18121 -2.25384 2.95228
v -1.16540 -2.22662 2.96852
v -1.16179 -2.23203 2.95879
v -1.15638 -2.24012 2.95228
v -1.14232 -2.20768 2.96852
v -1.13772 -2.21228 2.95879
v -1.13084 -2.21916 2.95228
v -1.12338 -2.18461 2.96852
v -1.11797 -2.18822 2.95879
v -1.10988 -2.19363 2.95228
v -1.10931 -2.15828 2.96852
v -1.10330 -2.16077 2.95879
v -1.09431 -2.16449 2.95228
v -1.10064 -2.12971 2.96852
v -1.09426 -2.13098 2.95879
v -1.08472 -2.13288 2.95228
v 4.20000 -3.05000 -0.45000
v 4.18852 -3.04772 -0.45000
v 4.17879 -3.04121 -0.45000
v 4.17228 -3.03148 -0.45000
v 4.17000 -3.02000 -0.45000
v 4.17000 -2.65000 -0.82000
v 4.17000 -2.72218 -0.81289
v 4.17000 -2.79159 -0.79184
v 4.17000 -2.85556 -0.75764
v 4.17000 -2.91163 -0.71163
v 4.17000 -2.95764 -0.65556
v 4.17000 -2.99184 -0.59159
v 4.17000 -3.01289 -0.52218
v 4.20000 -2.65000 -0.85000
v 4.18852 -2.65000 -0.84772
v 4.17879 -2.65000 -0.84121
v 4.17228 -2.65000 -0.83148
v 4.20000 -3.04231 -0.52804
v 4.20000 -3.01955 -0.60307
v 4.20000 -2.98259 -0.67223
v 4.20000 -2.93284 -0.73284
v 4.20000 -2.87223 -0.78259
v 4.20000 -2.80307 -0.81955
v 4.20000 -2.72804 -0.84231
v 4.17228 -3.02415 -0.52442
v 4.17879 -3.03370 -0.52632
v 4.18852 -3.04007 -0.52759
v 4.17228 -3.00244 -0.59599
v 4.17879 -3.01143 -0.59971
v 4.18852 -3.01744 -0.60220
v 4.17228 -2.96719 -0.66194
v 4.17879 -2.97528 -0.66735
v 4.18852 -2.98069 -0.67096
v 4.17228 -2.91975 -0.71975
v 4.17879 -2.92663 -0.72663
v 4.18852 -2.93123 -0.73123
v 4.17228 -2.86194 -0.76719
v 4.17879 -2.86735 -0.77528
v 4.18852 -2.87096 -0.78069
v 4.17228 -2.79599 -0.80244
v 4.17879 -2.79971 -0.81143
v 4.18852 -2.80220 -0.81744
v 4.17228 -2.72442 -0.82415
v 4.17879 -2.72632 -0.83370
v 4.18852 -2.72759 -0.84007
v -1.07000 -2.10000 2.95000
v -1.08148 -2.10000 2.95228
v -1.09121 -2.10000 2.95879
v -1.09772 -2.10000 2.96852
v -1.10000 -2.10000 2.98000
v -1.25000 -1.95000 2.98000
v -1.22074 -1.95288 2.98000
v -1.19260 -1.96142 2.98000
v -1.16666 -1.97528 2.98000
v -1.14393 -1.99393 2.98000
v -1.12528 -2.01666 2.98000
v -1.11142 -2.04260 2.98000
v -1.10288 -2.07074 2.98000
v -1.25000 -1.92000 2.95000
v -1.25000 -1.93148 2.95228
v -1.25000 -1.94121 2.95879
v -1.25000 -1.94772 2.96852
v -1.07346 -2.06488 2.95000
v -1.08370 -2.03112 2.95000
v -1.10034 -2.00000 2.95000
v -1.12272 -1.97272 2.95000
v -1.15000 -1.95034 2.95000
v -1.18112 -1.93370 2.95000
v -1.21488 -1.92346 2.95000
v -1.10064 -2.07029 2.96852
v -1.09426 -2.06902 2.95879
v -1.08472 -2.06712 2.95228
v -1.10931 -2.04172 2.96852
v -1.10330 -2.03923 2.95879
v -1.09431 -2.03551 2.95228
v -1.12338 -2.01540 2.96852
v -1.11797 -2.01178 2.95879
v -1.10988 -2.00638 2.95228
v -1.14232 -1.99232 2.96852
v -1.13772 -1.98772 2.95879
v -1.13084 -1.98084 2.95228
v -1.16540 -1.97338 2.96852
v -1.16178 -1.96797 2.95879
v -1.15638 -1.95988 2.95228
v -1.19172 -1.95931 2.96852
v -1.18923 -1.95330 2.95879
v -1.18551 -1.94431 2.95228
v -1.22029 -1.95064 2.96852
v -1.21902 -1.94426 2.95879
v -1.21712 -1.93472 2.95228
v 4.20000 -2.65000 -0.85000
v 4.18852 -2.65000 -0.84772
v 4.17879 -2.65000 -0.84121
v 4.17228 -2.65000 -0.83148
v 4.17000 -2.65000 -0.82000
v 4.17000 -2.40000 -0.82000
v 4.20000 -2.40000 -0.85000
v 4.18852 -2.40000 -0.84772
v 4.17879 -2.40000 -0.84121
v 4.17228 -2.40000 -0.83148
v -1.25000 -1.92000 2.95000
v -1.25000 -1.93148 2.95228
v -1.25000 -1.94121 2.95879
v -1.25000 -1.94772 2.96852
v -1.25000 -1.95000 2.98000
v -2.95000 -1.95000 2.98000
v -2.95000 -1.92000 2.95000
v -2.95000 -1.93148 2.95228
v -2.95000 -1.94121 2.95879
v -2.95000 -1.94772 2.96852
v 4.20000 -2.40000 -0.85000
v 4.18852 -2.40000 -0.84772
v 4.17879 -2.40000 -0.84121
v 4.17228 -2.40000 -0.83148
v 4.17000 -2.40000 -0.82000
v 4.17000 -2.03000 -0.45000
v 4.17000 -2.03711 -0.52218
v 4.17000 -2.05816 -0.59159
v 4.17000 -2.09236 -0.65556
v 4.17000 -2.13837 -0.71163
v 4.17000 -2.19444 -0.75764
v 4.17000 -2.25841 -0.79184
v 4.17000 -2.32782 -0.81289
v 4.20000 -2.00000 -0.45000
v 4.18852 -2.00228 -0.45000
v 4.17879 -2.00879 -0.45000
v 4.17228 -2.01852 -0.45000
v 4.20000 -2.32196 -0.84231
v 4.20000 -2.24693 -0.81955
v 4.20000 -2.17777 -0.78259
v 4.20000 -2.11716 -0.73284
v 4.20000 -2.06741 -0.67223
v 4.20000 -2.03045 -0.60307
v 4.20000 -2.00769 -0.52804
v 4.17228 -2.32558 -0.82415
v 4.17879 -2.32368 -0.83370
v 4.18852 -2.32241 -0.84007
v 4.17228 -2.25401 -0.80244
v 4.17879 -2.25029 -0.81143
v 4.18852 -2.24780 -0.81744
v 4.17228 -2.18806 -0.76719
v 4.17879 -2.18265 -0.77528
v 4.18852 -2.17904 -0.78069
v 4.17228 -2.13025 -0.71975
v 4.17879 -2.12337 -0.72663
v 4.18852 -2.11877 -0.73123
v 4.17228 -2.08281 -0.66194
v 4.17879 -2.07472 -0.66735
v 4.18852 -2.06931 -0.67096
v 4.17228 -2.04756 -0.59599
v 4.17879 -2.03857 -0.59971
v 4.18852 -2.03256 -0.60220
v 4.17228 -2.02585 -0.52442
v 4.17879 -2.01630 -0.52632
v 4.18852 -2.00993 -0.52759
v -2.95000 -1.92000 2.95000
v -2.95000 -1.93148 2.95228
v -2.95000 -1.94121 2.95879
v -2.95000 -1.94772 2.96852
v -2.95000 -1.95000 2.98000
v -3.10000 -2.10000 2.98000
v -3.09712 -2.07074 2.98000
v -3.08858 -2.04260 2.98000
v -3.07472 -2.01666 2.98000
v -3.05607 -1.99393 2.98000
v -3.03334 -1.97528 2.98000
v -3.00740 -1.96142 2.98000
v -2.97926 -1.95288 2.98000
v -3.13000 -2.10000 2.95000
v -3.11852 -2.10000 2.95228
v -3.10879 -2.10000 2.95879
v -3.10228 -2.10000 2.96852
v -2.98512 -1.92346 2.95000
v -3.01888 -1.93370 2.95000
v -3.05000 -1.95034 2.95000
v -3.07728 -1.97272 2.95000
v -3.09966 -2.00000 2.95000
v -3.11630 -2.03112 2.95000
v -3.12654 -2.06488 2.95000
v -2.97971 -1.95064 2.96852
v -2.98098 -1.94426 2.95879
v -2.98288 -1.93472 2.95228
v -3.00828 -1.95931 2.96852
v -3.01077 -1.95330 2.95879
v -3.01449 -1.94431 2.95228
v -3.03460 -1.97338 2.96852
v -3.03822 -1.96797 2.95879
v -3.04362 -1.95988 2.95228
v -3.05768 -1.99232 2.96852
v -3.06228 -1.98772 2.95879
v -3.06916 -1.98084 2.95228
v -3.07662 -2.01540 2.96852
v -3.08203 -2.01178 2.95879
v -3.09012 -2.00638 2.95228
v -3.09069 -2.04172 2.96852
v -3.09670 -2.03923 2.95879
v -3.10569 -2.03551 2.95228
v -3.09936 -2.07029 2.96852
v -3.10574 -2.06902 2.95879
v -3.11528 -2.06712 2.95228
v 4.20000 -2.00000 -0.45000
v 4.18852 -2.00228 -0.45000
v 4.17879 -2.00879 -0.45000
v 4.17228 -2.01852 -0.45000
v 4.17000 -2.03000 -0.45000
v 4.17000 -2.03000 0.75000
v 4.17000 -2.03000 1.25000
v 4.20000 -2.00000 1.25000
v 4.18852 -2.00228 1.25000
v 4.17879 -2.00879 1.25000
v 4.17228 -2.01852 1.25000
v -3.13000 -2.10000 2.95000
v -3.11852 -2.10000 2.95228
v -3.10879 -2.10000 2.95879
v -3.10228 -2.10000 2.96852
v -3.10000 -2.10000 2.98000
v -3.10000 -2.90000 2.98000
v -3.13000 -2.90000 2.95000
v -3.11852 -2.90000 2.95228
v -3.10879 -2.90000 2.95879
v -3.10228 -2.90000 2.96852
v 4.20000 -2.00000 1.25000
v 4.18852 -2.00228 1.25000
v 4.17879 -2.00879 1.25000
v 4.17228 -2.01852 1.25000
v 4.17000 -2.03000 1.25000
v 4.17000 -1.80000 1.48000
v 4.17000 -1.84487 1.47558
v 4.17000 -1.88802 1.46249
v 4.17000 -1.92778 1.44124
v 4.17000 -1.96263 1.41263
v 4.17000 -1.99124 1.37778
v 4.17000 -2.01249 1.33802
v 4.17000 -2.02558 1.29487
v 4.20000 -1.80000 1.45000
v 4.18852 -1.80000 1.45228
v 4.17879 -1.80000 1.45879
v 4.17228 -1.80000 1.46852
v 4.20000 -1.99616 1.28902
v 4.20000 -1.98478 1.32654
v 4.20000 -1.96629 1.36111
v 4.20000 -1.94142 1.39142
v 4.20000 -1.91111 1.41629
v 4.20000 -1.87654 1.43478
v 4.20000 -1.83902 1.44616
v 4.18852 -1.83946 1.44840
v 4.17879 -1.84073 1.45478
v 4.17228 -1.84263 1.46432
v 4.18852 -1.87741 1.43689
v 4.17879 -1.87990 1.44289
v 4.17228 -1.88362 1.45189
v 4.18852 -1.91238 1.41819
v 4.17879 -1.91600 1.42360
v 4.17228 -1.92140 1.43169
v 4.18852 -1.94304 1.39304
v 4.17879 -1.94763 1.39763
v 4.17228 -1.95452 1.40452
v 4.18852 -1.96819 1.36238
v 4.17879 -1.97360 1.36600
v 4.17228 -1.98169 1.37140
v 4.18852 -1.98689 1.32741
v 4.17879 -1.99289 1.32990
v 4.17228 -2.00189 1.33362
v 4.18852 -1.99840 1.28946
v 4.17879 -2.00478 1.29073
v 4.17228 -2.01432 1.29263
v -3.13000 -2.90000 2.95000
v -3.11852 -2.90000 2.95228
v -3.10879 -2.90000 2.95879
v -3.10228 -2.90000 2.96852
v -3.10000 -2.90000 2.98000
v -3.25000 -3.05000 2.98000
v -3.22074 -3.04712 2.98000
v -3.19260 -3.03858 2.98000
v -3.16666 -3.02472 2.98000
v -3.14393 -3.00607 2.98000
v -3.12528 -2.98334 2.98000
v -3.11142 -2.95740 2.98000
v -3.10288 -2.92926 2.98000
v -3.25000 -3.02000 2.95000
v -3.25000 -3.03148 2.95228
v -3.25000 -3.04121 2.95879
v -3.25000 -3.04772 2.96852
v -3.13231 -2.92341 2.95000
v -3.13913 -2.94592 2.95000
v -3.15022 -2.96667 2.95000
v -3.16515 -2.98485 2.95000
v -3.18333 -2.99978 2.95000
v -3.20408 -3.01087 2.95000
v -3.22659 -3.01769 2.95000
v -3.22435 -3.02895 2.95228
v -3.22245 -3.03850 2.95879
v -3.22118 -3.04488 2.96852
v -3.19968 -3.02147 2.95228
v -3.19596 -3.03046 2.95879
v -3.19347 -3.03647 2.96852
v -3.17695 -3.00932 2.95228
v -3.17155 -3.01741 2.95879
v -3.16793 -3.02282 2.96852
v -3.15703 -2.99297 2.95228
v -3.15015 -2.99985 2.95879
v -3.14555 -3.00445 2.96852
v -3.14068 -2.97305 2.95228
v -3.13259 -2.97845 2.95879
v -3.12718 -2.98207 2.96852
v -3.12853 -2.95032 2.95228
v -3.11954 -2.95404 2.95879
v -3.11353 -2.95653 2.96852
v -3.12105 -2.92565 2.95228
v -3.11150 -2.92755 2.95879
v -3.10512 -2.92882 2.96852
v 4.20000 -1.80000 1.45000
v 4.18852 -1.80000 1.45228
v 4.17879 -1.80000 1.45879
v 4.17228 -1.80000 1.46852
v 4.17000 -1.80000 1.48000
v 4.17000 -1.75000 1.48000
v 4.20000 -1.75000 1.45000
v 4.18852 -1.75000 1.45228
v 4.17879 -1.75000 1.45879
v 4.17228 -1.75000 1.46852
v -3.25000 -3.02000 2.95000
v -3.25000 -3.03148 2.95228
v -3.25000 -3.04121 2.95879
v -3.25000 -3.04772 2.96852
v -3.25000 -3.05000 2.98000
v -3.47000 -3.05000 2.98000
v -3.47000 -3.02000 2.95000
v -3.47000 -3.03148 2.95228
v -3.47000 -3.04121 2.95879
v -3.47000 -3.04772 2.96852
v 4.20000 -1.75000 1.45000
v 4.18852 -1.75000 1.45228
v 4.17879 -1.75000 1.45879
v 4.17228 -1.75000 1.46852
v 4.17000 -1.75000 1.48000
v 4.17000 -1.52000 1.25000
v 4.17000 -1.52442 1.29487
v 4.17000 -1.53751 1.33802
v 4.17000 -1.55876 1.37778
v 4.17000 -1.58737 1.41263
v 4.17000 -1.62222 1.44124
v 4.17000 -1.66198 1.46249
v 4.17000 -1.70513 1.47558
v 4.20000 -1.55000 1.25000
v 4.18852 -1.54772 1.25000
v 4.17879 -1.54121 1.25000
v 4.17228 -1.53148 1.25000
v 4.20000 -1.71098 1.44616
v 4.20000 -1.67346 1.43478
v 4.20000 -1.63889 1.41629
v 4.20000 -1.60858 1.39142
v 4.20000 -1.58371 1.36111
v 4.20000 -1.56522 1.32654
v 4.20000 -1.55384 1.28902
v 4.18852 -1.55160 1.28946
v 4.17879 -1.54522 1.29073
v 4.17228 -1.53568 1.29263
v 4.18852 -1.56311 1.32741
v 4.17879 -1.55711 1.32990
v 4.17228 -1.54811 1.33362
v 4.18852 -1.58181 1.36238
v 4.17879 -1.57640 1.36600
v 4.17228 -1.56831 1.37140
v 4.18852 -1.60696 1.39304
v 4.17879 -1.60237 1.39763
v 4.17228 -1.59548 1.40452
v 4.18852 -1.63762 1.41819
v 4.17879 -1.63400 1.42360
v 4.17228 -1.62860 1.43169
v 4.18852 -1.67259 1.43689
v 4.17879 -1.67010 1.44289
v 4.17228 -1.66638 1.45189
v 4.18852 -1.71054 1.44840
v 4.17879 -1.70927 1.45478
v 4.17228 -1.70737 1.46432
v -3.47000 -3.02000 2.95000
v -3.47000 -3.03148 2.95228
v -3.47000 -3.04121 2.95879
v -3.47000 -3.04772 2.96852
v -3.47000 -3.05000 2.98000
v -4.20000 -3.05000 2.25000
v -4.18597 -3.05000 2.39242
v -4.14443 -3.05000 2.52936
v -4.07697 -3.05000 2.65557
v -3.98619 -3.05000 2.76619
v -3.87557 -3.05000 2.85697
v -3.74936 -3.05000 2.92443
v -3.61242 -3.05000 2.96597
v -4.17000 -3.02000 2.25000
v -4.17228 -3.03148 2.25000
v -4.17879 -3.04121 2.25000
v -4.18852 -3.04772 2.25000
v -3.60656 -3.02000 2.93655
v -3.73788 -3.02000 2.89672
v -3.85890 -3.02000 2.83203
v -3.96497 -3.02000 2.74497
v -4.05203 -3.02000 2.63890
v -4.11672 -3.02000 2.51788
v -4.15655 -3.02000 2.38656
v -4.15879 -3.03148 2.38701
v -4.16517 -3.04121 2.38828
v -4.17471 -3.04772 2.39018
v -4.11883 -3.03148 2.51875
v -4.12483 -3.04121 2.52124
v -4.13383 -3.04772 2.52497
v -4.05393 -3.03148 2.64017
v -4.05933 -3.04121 2.64378
v -4.06743 -3.04772 2.64919
v -3.96659 -3.03148 2.74659
v -3.97119 -3.04121 2.75119
v -3.97807 -3.04772 2.75807
v -3.86017 -3.03148 2.83393
v -3.86378 -3.04121 2.83933
v -3.86919 -3.04772 2.84743
v -3.73875 -3.03148 2.89883
v -3.74124 -3.04121 2.90483
v -3.74497 -3.04772 2.91383
v -3.60701 -3.03148 2.93879
v -3.60828 -3.04121 2.94517
v -3.61018 -3.04772 2.95471
v 4.20000 -1.55000 1.25000
v 4.18852 -1.54772 1.25000
v 4.17879 -1.54121 1.25000
v 4.17228 -1.53148 1.25000
v 4.17000 -1.52000 1.25000
v 4.17000 -1.52000 1.05000
v 4.20000 -1.55000 1.05000
v 4.18852 -1.54772 1.05000
v 4.17879 -1.54121 1.05000
v 4.17228 -1.53148 1.05000
v -4.17000 -3.02000 2.25000
v -4.17228 -3.03148 2.25000
v -4.17879 -3.04121 2.25000
v -4.18852 -3.04772 2.25000
v -4.20000 -3.05000 2.25000
v -4.20000 -3.05000 -0.45000
v -4.17000 -3.02000 -0.45000
v -4.17228 -3.03148 -0.45000
v -4.17879 -3.04121 -0.45000
v -4.18852 -3.04772 -0.45000
v -4.17000 -3.02000 0.75000
v 4.20000 -1.55000 1.05000
v 4.18852 -1.54772 1.05000
v 4.17879 -1.54121 1.05000
v 4.17228 -1.53148 1.05000
v 4.17000 -1.52000 1.05000
v 3.47000 -1.52000 0.35000
v 3.60656 -1.52000 0.36345
v 3.73788 -1.52000 0.40328
v 3.85890 -1.52000 0.46797
v 3.96497 -1.52000 0.55503
v 4.05203 -1.52000 0.66110
v 4.11672 -1.52000 0.78212
v 4.15655 -1.52000 0.91344
v 3.47000 -1.55000 0.32000
v 3.47000 -1.54772 0.33148
v 3.47000 -1.54121 0.34121
v 3.47000 -1.53148 0.34772
v 4.18597 -1.55000 0.90758
v 4.14443 -1.55000 0.77064
v 4.07697 -1.55000 0.64443
v 3.98619 -1.55000 0.53381
v 3.87557 -1.55000 0.44303
v 3.74936 -1.55000 0.37557
v 3.61242 -1.55000 0.33403
v 4.15879 -1.53148 0.91299
v 4.16517 -1.54121 0.91172
v 4.17471 -1.54772 0.90982
v 4.11883 -1.53148 0.78125
v 4.12483 -1.54121 0.77876
v 4.13383 -1.54772 0.77503
v 4.05393 -1.53148 0.65983
v 4.05933 -1.54121 0.65622
v 4.06743 -1.54772 0.65081
v 3.96659 -1.53148 0.55341
v 3.97119 -1.54121 0.54881
v 3.97807 -1.54772 0.54193
v 3.86017 -1.53148 0.46607
v 3.86378 -1.54121 0.46067
v 3.86919 -1.54772 0.45257
v 3.73875 -1.53148 0.40117
v 3.74124 -1.54121 0.39517
v 3.74497 -1.54772 0.38617
v 3.60701 -1.53148 0.36121
v 3.60828 -1.54121 0.35483
v 3.61018 -1.54772 0.34529
v -4.17000 -3.02000 -0.45000
v -4.17228 -3.03148 -0.45000
v -4.17879 -3.04121 -0.45000
v -4.18852 -3.04772 -0.45000
v -4.20000 -3.05000 -0.45000
v -4.20000 -2.65000 -0.85000
v -4.20000 -2.72804 -0.84231
v -4.20000 -2.80307 -0.81955
v -4.20000 -2.87223 -0.78259
v -4.20000 -2.93284 -0.73284
v -4.20000 -2.98259 -0.67223
v -4.20000 -3.01955 -0.60307
v -4.20000 -3.04231 -0.52804
v -4.17000 -2.65000 -0.82000
v -4.17228 -2.65000 -0.83148
v -4.17879 -2.65000 -0.84121
v -4.18852 -2.65000 -0.84772
v -4.17000 -3.01289 -0.52218
v -4.17000 -2.99184 -0.59159
v -4.17000 -2.95764 -0.65556
v -4.17000 -2.91163 -0.71163
v -4.17000 -2.85556 -0.75764
v -4.17000 -2.79159 -0.79184
v -4.17000 -2.72218 -0.81289
v -4.17228 -2.72442 -0.82415
v -4.17879 -2.72632 -0.83370
v -4.18852 -2.72759 -0.84007
v -4.17228 -2.79599 -0.80244
v -4.17879 -2.79971 -0.81143
v -4.18852 -2.80220 -0.81744
v -4.17228 -2.86194 -0.76719
v -4.17879 -2.86735 -0.77528
v -4.18852 -2.87096 -0.78069
v -4.17228 -2.91975 -0.71975
v -4.17879 -2.92663 -0.72663
v -4.18852 -2.93123 -0.73123
v -4.17228 -2.96719 -0.66194
v -4.17879 -2.97528 -0.66735
v -4.18852 -2.98069 -0.67096
v -4.17228 -3.00244 -0.59599
v -4.17879 -3.01143 -0.59971
v -4.18852 -3.01744 -0.60220
v -4.17228 -3.02415 -0.52442
v -4.17879 -3.03370 -0.52632
v -4.18852 -3.04007 -0.52759
v 3.47000 -1.55000 0.32000
v 3.47000 -1.54772 0.33148
v 3.47000 -1.54121 0.34121
v 3.47000 -1.53148 0.34772
v 3.47000 -1.52000 0.35000
v -3.47000 -1.52000 0.35000
v -3.47000 -1.55000 0.32000
v -3.47000 -1.54772 0.33148
v -3.47000 -1.54121 0.34121
v -3.47000 -1.53148 0.34772
v -4.17000 -2.65000 -0.82000
v -4.17228 -2.65000 -0.83148
v -4.17879 -2.65000 -0.84121
v -4.18852 -2.65000 -0.84772
v -4.20000 -2.65000 -0.85000
v -4.20000 -2.40000 -0.85000
v -4.17000 -2.40000 -0.82000
v -4.17228 -2.40000 -0.83148
v -4.17879 -2.40000 -0.84121
v -4.18852 -2.40000 -0.84772
v -3.47000 -1.55000 0.32000
v -3.47000 -1.54772 0.33148
v -3.47000 -1.54121 0.34121
v -3.47000 -1.53148 0.34772
v -3.47000 -1.52000 0.35000
v -4.17000 -1.52000 1.05000
v -4.15655 -1.52000 0.91344
v -4.11672 -1.52000 0.78212
v -4.05203 -1.52000 0.66110
v -3.96497 -1.52000 0.55503
v -3.85890 -1.52000 0.46797
v -3.73788 -1.52000 0.40328
v -3.60656 -1.52000 0.36345
v -4.20000 -1.55000 1.05000
v -4.18852 -1.54772 1.05000
v -4.17879 -1.54121 1.05000
v -4.17228 -1.53148 1.05000
v -3.61242 -1.55000 0.33403
v -3.74936 -1.55000 0.37557
v -3.87557 -1.55000 0.44303
v -3.98619 -1.55000 0.53381
v -4.07697 -1.55000 0.64443
v -4.14443 -1.55000 0.77064
v -4.18597 -1.55000 0.90758
v -3.60701 -1.53148 0.36121
v -3.60828 -1.54121 0.35483
v -3.61018 -1.54772 0.34529
v -3.73875 -1.53148 0.40117
v -3.74124 -1.54121 0.39517
v -3.74497 -1.54772 0.38617
v -3.86017 -1.53148 0.46607
v -3.86378 -1.54121 0.46067
v -3.86919 -1.54772 0.45257
v -3.96659 -1.53148 0.55341
v -3.97119 -1.54121 0.54881
v -3.97807 -1.54772 0.54193
v -4.05393 -1.53148 0.65983
v -4.05933 -1.54121 0.65622
v -4.06743 -1.54772 0.65081
v -4.11883 -1.53148 0.78125
v -4.12483 -1.54121 0.77876
v -4.13383 -1.54772 0.77503
v -4.15879 -1.53148 0.91299
v -4.16517 -1.54121 0.91172
v -4.17471 -1.54772 0.90982
v -4.17000 -2.40000 -0.82000
v -4.17228 -2.40000 -0.83148
v -4.17879 -2.40000 -0.84121
v -4.18852 -2.40000 -0.84772
v -4.20000 -2.40000 -0.85000
v -4.20000 -2.00000 -0.45000
v -4.20000 -2.00769 -0.52804
v -4.20000 -2.03045 -0.60307
v -4.20000 -2.06741 -0.67223
v -4.20000 -2.11716 -0.73284
v -4.20000 -2.17777 -0.78259
v -4.20000 -2.24693 -0.81955
v -4.20000 -2.32196 -0.84231
v -4.17000 -2.03000 -0.45000
v -4.17228 -2.01852 -0.45000
v -4.17879 -2.00879 -0.45000
v -4.18852 -2.00228 -0.45000
v -4.17000 -2.32782 -0.81289
v -4.17000 -2.25841 -0.79184
v -4.17000 -2.19444 -0.75764
v -4.17000 -2.13837 -0.71163
v -4.17000 -2.09236 -0.65556
v -4.17000 -2.05816 -0.59159
v -4.17000 -2.03711 -0.52218
v -4.17228 -2.02585 -0.52442
v -4.17879 -2.01630 -0.52632
v -4.18852 -2.00993 -0.52759
v -4.17228 -2.04756 -0.59599
v -4.17879 -2.03857 -0.59971
v -4.18852 -2.03256 -0.60220
v -4.17228 -2.08281 -0.66194
v -4.17879 -2.07472 -0.66735
v -4.18852 -2.06931 -0.67096
v -4.17228 -2.13025 -0.71975
v -4.17879 -2.12337 -0.72663
v -4.18852 -2.11877 -0.73123
v -4.17228 -2.18806 -0.76719
v -4.17879 -2.18265 -0.77528
v -4.18852 -2.17904 -0.78069
v -4.17228 -2.25401 -0.80244
v -4.17879 -2.25029 -0.81143
v -4.18852 -2.24780 -0.81744
v -4.17228 -2.32558 -0.82415
v -4.17879 -2.32368 -0.83370
v -4.18852 -2.32241 -0.84007
v -4.20000 -1.55000 1.05000
v -4.18852 -1.54772 1.05000
v -4.17879 -1.54121 1.05000
v -4.17228 -1.53148 1.05000
v -4.17000 -1.52000 1.05000
v -4.17000 -1.52000 1.25000
v -4.20000 -1.55000 1.25000
v -4.18852 -1.54772 1.25000
v -4.17879 -1.54121 1.25000
v -4.17228 -1.53148 1.25000
v -4.17000 -2.03000 -0.45000
v -4.17228 -2.01852 -0.45000
v -4.17879 -2.00879 -0.45000
v -4.18852 -2.00228 -0.45000
v -4.20000 -2.00000 -0.45000
v -4.20000 -2.00000 1.25000
v -4.17000 -2.03000 1.25000
v -4.17228 -2.01852 1.25000
v -4.17879 -2.00879 1.25000
v -4.18852 -2.00228 1.25000
v -4.17000 -2.03000 0.75000
v -4.20000 -1.55000 1.25000
v -4.18852 -1.54772 1.25000
v -4.17879 -1.54121 1.25000
v -4.17228 -1.53148 1.25000
v -4.17000 -1.52000 1.25000
v -4.17000 -1.75000 1.48000
v -4.17000 -1.70513 1.47558
v -4.17000 -1.66198 1.46249
v -4.17000 -1.62222 1.44124
v -4.17000 -1.58737 1.41263
v -4.17000 -1.55876 1.37778
v -4.17000 -1.53751 1.33802
v -4.17000 -1.52442 1.29487
v -4.20000 -1.75000 1.45000
v -4.18852 -1.75000 1.45228
v -4.17879 -1.75000 1.45879
v -4.17228 -1.75000 1.46852
v -4.20000 -1.55384 1.28902
v -4.20000 -1.56522 1.32654
v -4.20000 -1.58371 1.36111
v -4.20000 -1.60858 1.39142
v -4.20000 -1.63889 1.41629
v -4.20000 -1.67346 1.43478
v -4.20000 -1.71098 1.44616
v -4.18852 -1.71054 1.44840
v -4.17879 -1.70927 1.45478
v -4.17228 -1.70737 1.46432
v -4.18852 -1.67259 1.43689
v -4.17879 -1.67010 1.44289
v -4.17228 -1.66638 1.45189
v -4.18852 -1.63762 1.41819
v -4.17879 -1.63400 1.42360
v -4.17228 -1.62860 1.43169
v -4.18852 -1.60696 1.39304
v -4.17879 -1.60237 1.39763
v -4.17228 -1.59548 1.40452
v -4.18852 -1.58181 1.36238
v -4.17879 -1.57640 1.36600
v -4.17228 -1.56831 1.37140
v -4.18852 -1.56311 1.32741
v -4.17879 -1.55711 1.32990
v -4.17228 -1.54811 1.33362
v -4.18852 -1.55160 1.28946
v -4.17879 -1.54522 1.29073
v -4.17228 -1.53568 1.29263
v -4.17000 -2.03000 1.25000
v -4.17228 -2.01852 1.25000
v -4.17879 -2.00879 1.25000
v -4.18852 -2.00228 1.25000
v -4.20000 -2.00000 1.25000
v -4.20000 -1.80000 1.45000
v -4.20000 -1.83902 1.44616
v -4.20000 -1.87654 1.43478
v -4.20000 -1.91111 1.41629
v -4.20000 -1.94142 1.39142
v -4.20000 -1.96629 1.36111
v -4.20000 -1.98478 1.32654
v -4.20000 -1.99616 1.28902
v -4.17000 -1.80000 1.48000
v -4.17228 -1.80000 1.46852
v -4.17879 -1.80000 1.45879
v -4.18852 -1.80000 1.45228
v -4.17000 -2.02558 1.29487
v -4.17000 -2.01249 1.33802
v -4.17000 -1.99124 1.37778
v -4.17000 -1.96263 1.41263
v -4.17000 -1.92778 1.44124
v -4.17000 -1.88802 1.46249
v -4.17000 -1.84487 1.47558
v -4.18852 -1.99840 1.28946
v -4.17879 -2.00478 1.29073
v -4.17228 -2.01432 1.29263
v -4.18852 -1.98689 1.32741
v -4.17879 -1.99289 1.32990
v -4.17228 -2.00189 1.33362
v -4.18852 -1.96819 1.36238
v -4.17879 -1.97360 1.36600
v -4.17228 -1.98169 1.37140
v -4.18852 -1.94304 1.39304
v -4.17879 -1.94763 1.39763
v -4.17228 -1.95452 1.40452
v -4.18852 -1.91238 1.41819
v -4.17879 -1.91600 1.42360
v -4.17228 -1.92140 1.43169
v -4.18852 -1.87741 1.43689
v -4.17879 -1.87990 1.44289
v -4.17228 -1.88362 1.45189
v -4.18852 -1.83946 1.44840
v -4.17879 -1.84073 1.45478
v -4.17228 -1.84263 1.46432
v -4.20000 -1.75000 1.45000
v -4.18852 -1.75000 1.45228
v -4.17879 -1.75000 1.45879
v -4.17228 -1.75000 1.46852
v -4.17000 -1.75000 1.48000
v -4.17000 -1.80000 1.48000
v -4.17228 -1.80000 1.46852
v -4.17879 -1.80000 1.45879
v -4.18852 -1.80000 1.45228
v -4.20000 -1.80000 1.45000
v -3.47000 4.25000 0.08000
v -3.47000 4.24772 0.06852
v -3.47000 4.24121 0.05879
v -3.47000 4.23148 0.05228
v -3.47000 4.22000 0.05000
v 3.47000 4.25000 0.08000
v 3.47000 4.22000 0.05000
v 3.47000 4.23148 0.05228
v 3.47000 4.24121 0.05879
v 3.47000 4.24772 0.06852
v 3.47000 4.22000 0.05000
v 3.47000 4.23148 0.05228
v 3.47000 4.24121 0.05879
v 3.47000 4.24772 0.06852
v 3.47000 4.25000 0.08000
v 4.44000 4.25000 1.05000
v 4.42136 4.25000 0.86076
v 4.36616 4.25000 0.67880
v 4.27653 4.25000 0.51110
v 4.15589 4.25000 0.36411
v 4.00890 4.25000 0.24347
v 3.84120 4.25000 0.15384
v 3.65924 4.25000 0.09864
v 4.47000 4.22000 1.05000
v 4.46772 4.23148 1.05000
v 4.46121 4.24121 1.05000
v 4.45148 4.24772 1.05000
v 3.66509 4.22000 0.06921
v 3.85268 4.22000 0.12612
v 4.02557 4.22000 0.21853
v 4.17711 4.22000 0.34289
v 4.30147 4.22000 0.49443
v 4.39388 4.22000 0.66732
v 4.45079 4.22000 0.85491
v 3.66148 4.24772 0.08738
v 3.66338 4.24121 0.07783
v 3.66464 4.23148 0.07145
v 3.84560 4.24772 0.14323
v 3.84932 4.24121 0.13424
v 3.85181 4.23148 0.12823
v 4.01528 4.24772 0.23393
v 4.02069 4.24121 0.22584
v 4.02430 4.23148 0.22043
v 4.16401 4.24772 0.35599
v 4.17089 4.24121 0.34911
v 4.17549 4.23148 0.34451
v 4.28607 4.24772 0.50472
v 4.29416 4.24121 0.49931
v 4.29957 4.23148 0.49570
v 4.37677 4.24772 0.67440
v 4.38576 4.24121 0.67068
v 4.39177 4.23148 0.66819
v 4.43262 4.24772 0.85852
v 4.44217 4.24121 0.85662
v 4.44855 4.23148 0.85536
v -3.47000 4.25000 0.08000
v -3.47000 4.24772 0.06852
v -3.47000 4.24121 0.05879
v -3.47000 4.23148 0.05228
v -3.47000 4.22000 0.05000
v -4.47000 4.22000 1.05000
v -4.45079 4.22000 0.85491
v -4.39388 4.22000 0.66732
v -4.30147 4.22000 0.49443
v -4.17711 4.22000 0.34289
v -4.02557 4.22000 0.21853
v -3.85268 4.22000 0.12612
v -3.66509 4.22000 0.06921
v -4.44000 4.25000 1.05000
v -4.45148 4.24772 1.05000
v -4.46121 4.24121 1.05000
v -4.46772 4.23148 1.05000
v -3.65924 4.25000 0.09864
v -3.84120 4.25000 0.15384
v -4.00890 4.25000 0.24347
v -4.15589 4.25000 0.36411
v -4.27653 4.25000 0.51110
v -4.36616 4.25000 0.67880
v -4.42136 4.25000 0.86076
v -4.43262 4.24772 0.85852
v -4.44217 4.24121 0.85662
v -4.44855 4.23148 0.85536
v -4.37677 4.24772 0.67440
v -4.38576 4.24121 0.67068
v -4.39177 4.23148 0.66819
v -4.28607 4.24772 0.50472
v -4.29416 4.24121 0.49931
v -4.29957 4.23148 0.49570
v -4.16401 4.24772 0.35599
v -4.17089 4.24121 0.34911
v -4.17549 4.23148 0.34451
v -4.01528 4.24772 0.23393
v -4.02069 4.24121 0.22584
v -4.02430 4.23148 0.22043
v -3.84560 4.24772 0.14323
v -3.84932 4.24121 0.13424
v -3.85181 4.23148 0.12823
v -3.66148 4.24772 0.08738
v -3.66338 4.24121 0.07783
v -3.66464 4.23148 0.07145
v 4.47000 4.22000 1.05000
v 4.46772 4.23148 1.05000
v 4.46121 4.24121 1.05000
v 4.45148 4.24772 1.05000
v 4.44000 4.25000 1.05000
v 4.44000 4.25000 2.25000
v 4.47000 4.22000 2.25000
v 4.46772 4.23148 2.25000
v 4.46121 4.24121 2.25000
v 4.45148 4.24772 2.25000
v -4.44000 4.25000 1.05000
v -4.45148 4.24772 1.05000
v -4.46121 4.24121 1.05000
v -4.46772 4.23148 1.05000
v -4.47000 4.22000 1.05000
v -4.47000 4.22000 2.25000
v -4.44000 4.25000 2.25000
v -4.45148 4.24772 2.25000
v -4.46121 4.24121 2.25000
v -4.46772 4.23148 2.25000
v 4.47000 4.22000 2.25000
v 4.46772 4.23148 2.25000
v 4.46121 4.24121 2.25000
v 4.45148 4.24772 2.25000
v 4.44000 4.25000 2.25000
v 3.47000 4.25000 3.22000
v 3.65924 4.25000 3.20136
v 3.84120 4.25000 3.14616
v 4.00890 4.25000 3.05653
v 4.15589 4.25000 2.93589
v 4.27653 4.25000 2.78890
v 4.36616 4.25000 2.62120
v 4.42136 4.25000 2.43924
v 3.47000 4.22000 3.25000
v 3.47000 4.23148 3.24772
v 3.47000 4.24121 3.24121
v 3.47000 4.24772 3.23148
v 4.45079 4.22000 2.44509
v 4.39388 4.22000 2.63268
v 4.30147 4.22000 2.80557
v 4.17711 4.22000 2.95711
v 4.02557 4.22000 3.08147
v 3.85268 4.22000 3.17388
v 3.66509 4.22000 3.23079
v 4.43262 4.24772 2.44148
v 4.44217 4.24121 2.44338
v 4.44855 4.23148 2.44464
v 4.37677 4.24772 2.62560
v 4.38576 4.24121 2.62932
v 4.39177 4.23148 2.63181
v 4.28607 4.24772 2.79528
v 4.29416 4.24121 2.80069
v 4.29957 4.23148 2.80430
v 4.16401 4.24772 2.94401
v 4.17089 4.24121 2.95089
v 4.17549 4.23148 2.95549
v 4.01528 4.24772 3.06607
v 4.02069 4.24121 3.07416
v 4.02430 4.23148 3.07957
v 3.84560 4.24772 3.15677
v 3.84932 4.24121 3.16576
v 3.85181 4.23148 3.17177
v 3.66148 4.24772 3.21262
v 3.66338 4.24121 3.22217
v 3.66464 4.23148 3.22855
v -4.44000 4.25000 2.25000
v -4.45148 4.24772 2.25000
v -4.46121 4.24121 2.25000
v -4.46772 4.23148 2.25000
v -4.47000 4.22000 2.25000
v -3.47000 4.22000 3.25000
v -3.66509 4.22000 3.23079
v -3.85268 4.22000 3.17388
v -4.02557 4.22000 3.08147
v -4.17711 4.22000 2.95711
v -4.30147 4.22000 2.80557
v -4.39388 4.22000 2.63268
v -4.45079 4.22000 2.44509
v -3.47000 4.25000 3.22000
v -3.47000 4.24772 3.23148
v -3.47000 4.24121 3.24121
v -3.47000 4.23148 3.24772
v -4.42136 4.25000 2.43924
v -4.36616 4.25000 2.62120
v -4.27653 4.25000 2.78890
v -4.15589 4.25000 2.93589
v -4.00890 4.25000 3.05653
v -3.84120 4.25000 3.14616
v -3.65924 4.25000 3.20136
v -3.66148 4.24772 3.21262
v -3.66338 4.24121 3.22217
v -3.66464 4.23148 3.22855
v -3.84560 4.24772 3.15677
v -3.84932 4.24121 3.16576
v -3.85181 4.23148 3.17177
v -4.01528 4.24772 3.06607
v -4.02069 4.24121 3.07416
v -4.02430 4.23148 3.07957
v -4.16401 4.24772 2.94401
v -4.17089 4.24121 2.95089
v -4.17549 4.23148 2.95549
v -4.28607 4.24772 2.79528
v -4.29416 4.24121 2.80069
v -4.29957 4.23148 2.80430
v -4.37677 4.24772 2.62560
v -4.38576 4.24121 2.62932
v -4.39177 4.23148 2.63181
v -4.43262 4.24772 2.44148
v -4.44217 4.24121 2.44338
v -4.44855 4.23148 2.44464
v 3.47000 4.22000 3.25000
v 3.47000 4.23148 3.24772
v 3.47000 4.24121 3.24121
v 3.47000 4.24772 3.23148
v 3.47000 4.25000 3.22000
v -3.47000 4.25000 3.22000
v -3.47000 4.24772 3.23148
v -3.47000 4.24121 3.24121
v -3.47000 4.23148 3.24772
v -3.47000 4.22000 3.25000
v 4.17000 4.22000 1.05000
v 4.17228 4.23148 1.05000
v 4.17879 4.24121 1.05000
v 4.18852 4.24772 1.05000
v 4.20000 4.25000 1.05000
v 4.17000 4.22000 2.25000
v 4.20000 4.25000 2.25000
v 4.18852 4.24772 2.25000
v 4.17879 4.24121 2.25000
v 4.17228 4.23148 2.25000
v 4.20000 4.25000 2.25000
v 4.18852 4.24772 2.25000
v 4.17879 4.24121 2.25000
v 4.17228 4.23148 2.25000
v 4.17000 4.22000 2.25000
v 3.47000 4.22000 2.95000
v 3.60656 4.22000 2.93655
v 3.73788 4.22000 2.89672
v 3.85890 4.22000 2.83203
v 3.96497 4.22000 2.74497
v 4.05203 4.22000 2.63890
v 4.11672 4.22000 2.51788
v 4.15655 4.22000 2.38656
v 3.47000 4.25000 2.98000
v 3.47000 4.24772 2.96852
v 3.47000 4.24121 2.95879
v 3.47000 4.23148 2.95228
v 4.18597 4.25000 2.39242
v 4.14443 4.25000 2.52936
v 4.07697 4.25000 2.65557
v 3.98619 4.25000 2.76619
v 3.87557 4.25000 2.85697
v 3.74936 4.25000 2.92443
v 3.61242 4.25000 2.96597
v 4.15879 4.23148 2.38701
v 4.16517 4.24121 2.38828
v 4.17471 4.24772 2.39018
v 4.11883 4.23148 2.51875
v 4.12483 4.24121 2.52124
v 4.13383 4.24772 2.52497
v 4.05393 4.23148 2.64017
v 4.05933 4.24121 2.64378
v 4.06743 4.24772 2.64919
v 3.96659 4.23148 2.74659
v 3.97119 4.24121 2.75119
v 3.97807 4.24772 2.75807
v 3.86017 4.23148 2.83393
v 3.86378 4.24121 2.83933
v 3.86919 4.24772 2.84743
v 3.73875 4.23148 2.89883
v 3.74124 4.24121 2.90483
v 3.74497 4.24772 2.91383
v 3.60701 4.23148 2.93879
v 3.60828 4.24121 2.94517
v 3.61018 4.24772 2.95471
v 4.17000 4.22000 1.05000
v 4.17228 4.23148 1.05000
v 4.17879 4.24121 1.05000
v 4.18852 4.24772 1.05000
v 4.20000 4.25000 1.05000
v 3.47000 4.25000 0.32000
v 3.61242 4.25000 0.33403
v 3.74936 4.25000 0.37557
v 3.87557 4.25000 0.44303
v 3.98619 4.25000 0.53381
v 4.07697 4.25000 0.64443
v 4.14443 4.25000 0.77064
v 4.18597 4.25000 0.90758
v 3.47000 4.22000 0.35000
v 3.47000 4.23148 0.34772
v 3.47000 4.24121 0.34121
v 3.47000 4.24772 0.33148
v 4.15655 4.22000 0.91344
v 4.11672 4.22000 0.78212
v 4.05203 4.22000 0.66110
v 3.96497 4.22000 0.55503
v 3.85890 4.22000 0.46797
v 3.73788 4.22000 0.40328
v 3.60656 4.22000 0.36345
v 3.60701 4.23148 0.36121
v 3.60828 4.24121 0.35483
v 3.61018 4.24772 0.34529
v 3.73875 4.23148 0.40117
v 3.74124 4.24121 0.39517
v 3.74497 4.24772 0.38617
v 3.86017 4.23148 0.46607
v 3.86378 4.24121 0.46067
v 3.86919 4.24772 0.45257
v 3.96659 4.23148 0.55341
v 3.97119 4.24121 0.54881
v 3.97807 4.24772 0.54193
v 4.05393 4.23148 0.65983
v 4.05933 4.24121 0.65622
v 4.06743 4.24772 0.65081
v 4.11883 4.23148 0.78125
v 4.12483 4.24121 0.77876
v 4.13383 4.24772 0.77503
v 4.15879 4.23148 0.91299
v 4.16517 4.24121 0.91172
v 4.17471 4.24772 0.90982
v 3.47000 4.25000 2.98000
v 3.47000 4.24772 2.96852
v 3.47000 4.24121 2.95879
v 3.47000 4.23148 2.95228
v 3.47000 4.22000 2.95000
v -3.47000 4.22000 2.95000
v -3.47000 4.25000 2.98000
v -3.47000 4.24772 2.96852
v -3.47000 4.24121 2.95879
v -3.47000 4.23148 2.95228
v 3.47000 4.22000 0.35000
v 3.47000 4.23148 0.34772
v 3.47000 4.24121 0.34121
v 3.47000 4.24772 0.33148
v 3.47000 4.25000 0.32000
v -3.47000 4.25000 0.32000
v -3.47000 4.22000 0.35000
v -3.47000 4.23148 0.34772
v -3.47000 4.24121 0.34121
v -3.47000 4.24772 0.33148
v -3.47000 4.25000 2.98000
v -3.47000 4.24772 2.96852
v -3.47000 4.24121 2.95879
v -3.47000 4.23148 2.95228
v -3.47000 4.22000 2.95000
v -4.17000 4.22000 2.25000
v -4.15655 4.22000 2.38656
v -4.11672 4.22000 2.51788
v -4.05203 4.22000 2.63890
v -3.96497 4.22000 2.74497
v -3.85890 4.22000 2.83203
v -3.73788 4.22000 2.89672
v -3.60656 4.22000 2.93655
v -4.20000 4.25000 2.25000
v -4.18852 4.24772 2.25000
v -4.17879 4.24121 2.25000
v -4.17228 4.23148 2.25000
v -3.61242 4.25000 2.96597
v -3.74936 4.25000 2.92443
v -3.87557 4.25000 2.85697
v -3.98619 4.25000 2.76619
v -4.07697 4.25000 2.65557
v -4.14443 4.25000 2.52936
v -4.18597 4.25000 2.39242
v -3.60701 4.23148 2.93879
v -3.60828 4.24121 2.94517
v -3.61018 4.24772 2.95471
v -3.73875 4.23148 2.89883
v -3.74124 4.24121 2.90483
v -3.74497 4.24772 2.91383
v -3.86017 4.23148 2.83393
v -3.86378 4.24121 2.83933
v -3.86919 4.24772 2.84743
v -3.96659 4.23148 2.74659
v -3.97119 4.24121 2.75119
v -3.97807 4.24772 2.75807
v -4.05393 4.23148 2.64017
v -4.05933 4.24121 2.64378
v -4.06743 4.24772 2.64919
v -4.11883 4.23148 2.51875
v -4.12483 4.24121 2.52124
v -4.13383 4.24772 2.52497
v -4.15879 4.23148 2.38701
v -4.16517 4.24121 2.38828
v -4.17471 4.24772 2.39018
v -3.47000 4.22000 0.35000
v -3.47000 4.23148 0.34772
v -3.47000 4.24121 0.34121
v -3.47000 4.24772 0.33148
v -3.47000 4.25000 0.32000
v -4.20000 4.25000 1.05000
v -4.18597 4.25000 0.90758
v -4.14443 4.25000 0.77064
v -4.07697 4.25000 0.64443
v -3.98619 4.25000 0.53381
v -3.87557 4.25000 0.44303
v -3.74936 4.25000 0.37557
v -3.61242 4.25000 0.33403
v -4.17000 4.22000 1.05000
v -4.17228 4.23148 1.05000
v -4.17879 4.24121 1.05000
v -4.18852 4.24772 1.05000
v -3.60656 4.22000 0.36345
v -3.73788 4.22000 0.40328
v -3.85890 4.22000 0.46797
v -3.96497 4.22000 0.55503
v -4.05203 4.22000 0.66110
v -4.11672 4.22000 0.78212
v -4.15655 4.22000 0.91344
v -4.15879 4.23148 0.91299
v -4.16517 4.24121 0.91172
v -4.17471 4.24772 0.90982
v -4.11883 4.23148 0.78125
v -4.12483 4.24121 0.77876
v -4.13383 4.24772 0.77503
v -4.05393 4.23148 0.65983
v -4.05933 4.24121 0.65622
v -4.06743 4.24772 0.65081
v -3.96659 4.23148 0.55341
v -3.97119 4.24121 0.54881
v -3.97807 4.24772 0.54193
v -3.86017 4.23148 0.46607
v -3.86378 4.24121 0.46067
v -3.86919 4.24772 0.45257
v -3.73875 4.23148 0.40117
v -3.74124 4.24121 0.39517
v -3.74497 4.24772 0.38617
v -3.60701 4.23148 0.36121
v -3.60828 4.24121 0.35483
v -3.61018 4.24772 0.34529
v -4.20000 4.25000 2.25000
v -4.18852 4.24772 2.25000
v -4.17879 4.24121 2.25000
v -4.17228 4.23148 2.25000
v -4.17000 4.22000 2.25000
v -4.17000 4.22000 1.05000
v -4.17228 4.23148 1.05000
v -4.17879 4.24121 1.05000
v -4.18852 4.24772 1.05000
v -4.20000 4.25000 1.05000
v -1.07000 -2.10000 2.95000
v -1.07346 -2.13512 2.95000
v -1.08370 -2.16888 2.95000
v -1.10034 -2.20000 2.95000
v -1.12272 -2.22728 2.95000
v -1.15000 -2.24967 2.95000
v -1.07346 -2.06488 2.95000
v -1.08370 -2.03112 2.95000
v -1.10034 -2.00000 2.95000
v -1.12272 -1.97272 2.95000
v -1.15000 -1.95034 2.95000
v -1.18112 -1.93370 2.95000
v -1.21488 -1.92346 2.95000
v -1.25000 -1.92000 2.95000
v -2.95000 -1.92000 2.95000
v -2.98512 -1.92346 2.95000
v -3.01888 -1.93370 2.95000
v -3.05000 -1.95034 2.95000
v -3.07728 -1.97272 2.95000
v -3.09966 -2.00000 2.95000
v -3.11630 -2.03112 2.95000
v -3.12654 -2.06488 2.95000
v -3.13000 -2.10000 2.95000
v -3.13000 -2.90000 2.95000
v -3.13231 -2.92341 2.95000
v -3.13913 -2.94592 2.95000
v -3.15022 -2.96667 2.95000
v -3.16515 -2.98485 2.95000
v -3.18333 -2.99978 2.95000
v -3.20408 -3.01087 2.95000
v -3.22659 -3.01769 2.95000
v -3.25000 -3.02000 2.95000
v -3.47000 -3.02000 2.95000
v -3.47000 -3.05000 2.95000
v -3.10000 -3.05000 2.95000
v -3.10000 -2.20000 2.95000
v -1.15000 -2.20000 2.95000
v 1.07000 -2.10000 2.95000
v 1.07346 -2.13512 2.95000
v 1.08370 -2.16888 2.95000
v 1.10034 -2.20000 2.95000
v 1.12272 -2.22728 2.95000
v 1.15000 -2.24967 2.95000
v 1.15000 -2.20000 2.95000
v 3.10000 -2.20000 2.95000
v 3.10000 -3.05000 2.95000
v 3.47000 -3.05000 2.95000
v 3.47000 -3.02000 2.95000
v 3.25000 -3.02000 2.95000
v 3.22659 -3.01769 2.95000
v 3.20408 -3.01087 2.95000
v 3.18333 -2.99978 2.95000
v 3.16515 -2.98485 2.95000
v 3.15022 -2.96667 2.95000
v 3.13913 -2.94592 2.95000
v 3.13231 -2.92341 2.95000
v 3.13000 -2.90000 2.95000
v 3.13000 -2.10000 2.95000
v 3.12654 -2.06488 2.95000
v 3.11630 -2.03112 2.95000
v 3.09966 -2.00000 2.95000
v 3.07728 -1.97272 2.95000
v 3.05000 -1.95034 2.95000
v 3.01888 -1.93370 2.95000
v 2.98512 -1.92346 2.95000
v 2.95000 -1.92000 2.95000
v 1.25000 -1.92000 2.95000
v 1.21488 -1.92346 2.95000
v 1.18112 -1.93370 2.95000
v 1.15000 -1.95034 2.95000
v 1.12272 -1.97272 2.95000
v 1.10034 -2.00000 2.95000
v 1.08370 -2.03112 2.95000
v 1.07346 -2.06488 2.95000
v -4.17000 -1.52000 1.25000
v -4.17000 -1.52000 1.05000
v -4.17000 -1.57000 1.05000
v -4.17000 -1.57000 0.75000
v -4.17000 -2.03000 0.75000
v -4.17000 -2.03000 1.25000
v -4.17000 -2.02558 1.29487
v -4.17000 -2.01249 1.33802
v -4.17000 -1.99124 1.37778
v -4.17000 -1.96263 1.41263
v -4.17000 -1.92778 1.44124
v -4.17000 -1.88802 1.46249
v -4.17000 -1.84487 1.47558
v -4.17000 -1.80000 1.48000
v -4.17000 -1.75000 1.48000
v -4.17000 -1.70513 1.47558
v -4.17000 -1.66198 1.46249
v -4.17000 -1.62222 1.44124
v -4.17000 -1.58737 1.41263
v -4.17000 -1.55876 1.37778
v -4.17000 -1.53751 1.33802
v -4.17000 -1.52442 1.29487
v -3.47000 -1.57000 0.35000
v -3.60656 -1.57000 0.36345
v -3.73788 -1.57000 0.40328
v -3.85890 -1.57000 0.46797
v -3.96497 -1.57000 0.55503
v -4.05203 -1.57000 0.66110
v -4.11672 -1.57000 0.78212
v -4.15655 -1.57000 0.91344
v -4.17000 -1.57000 1.05000
v -4.17000 -1.52000 1.05000
v -4.15655 -1.52000 0.91344
v -4.11672 -1.52000 0.78212
v -4.05203 -1.52000 0.66110
v -3.96497 -1.52000 0.55503
v -3.85890 -1.52000 0.46797
v -3.73788 -1.52000 0.40328
v -3.60656 -1.52000 0.36345
v -3.47000 -1.52000 0.35000
v 3.47000 -1.57000 0.35000
v -3.47000 -1.57000 0.35000
v -3.47000 -1.52000 0.35000
v 3.47000 -1.52000 0.35000
v 4.17000 -1.57000 1.05000
v 4.15655 -1.57000 0.91344
v 4.11672 -1.57000 0.78212
v 4.05203 -1.57000 0.66110
v 3.96497 -1.57000 0.55503
v 3.85890 -1.57000 0.46797
v 3.73788 -1.57000 0.40328
v 3.60656 -1.57000 0.36345
v 3.47000 -1.57000 0.35000
v 3.47000 -1.52000 0.35000
v 3.60656 -1.52000 0.36345
v 3.73788 -1.52000 0.40328
v 3.85890 -1.52000 0.46797
v 3.96497 -1.52000 0.55503
v 4.05203 -1.52000 0.66110
v 4.11672 -1.52000 0.78212
v 4.15655 -1.52000 0.91344
v 4.17000 -1.52000 1.05000
v 4.17000 -1.80000 1.48000
v 4.17000 -1.84487 1.47558
v 4.17000 -1.88802 1.46249
v 4.17000 -1.92778 1.44124
v 4.17000 -1.96263 1.41263
v 4.17000 -1.99124 1.37778
v 4.17000 -2.01249 1.33802
v 4.17000 -2.02558 1.29487
v 4.17000 -2.03000 1.25000
v 4.17000 -2.03000 0.75000
v 4.17000 -1.57000 0.75000
v 4.17000 -1.57000 1.05000
v 4.17000 -1.52000 1.05000
v 4.17000 -1.52000 1.25000
v 4.17000 -1.52442 1.29487
v 4.17000 -1.53751 1.33802
v 4.17000 -1.55876 1.37778
v 4.17000 -1.58737 1.41263
v 4.17000 -1.62222 1.44124
v 4.17000 -1.66198 1.46249
v 4.17000 -1.70513 1.47558
v 4.17000 -1.75000 1.48000
v 3.47000 0.25000 2.90000
v 3.59681 0.25000 2.88751
v 3.71874 0.25000 2.85052
v 3.83112 0.25000 2.79046
v 3.92962 0.25000 2.70962
v 4.01046 0.25000 2.61112
v 4.07052 0.25000 2.49874
v 4.10751 0.25000 2.37681
v 4.12000 0.25000 2.25000
v 4.12000 0.25000 1.05000
v 4.10751 0.25000 0.92319
v 4.07052 0.25000 0.80126
v 4.01046 0.25000 0.68888
v 3.92962 0.25000 0.59038
v 3.83112 0.25000 0.50954
v 3.71874 0.25000 0.44948
v 3.59681 0.25000 0.41249
v 3.47000 0.25000 0.40000
v -3.47000 0.25000 0.40000
v -3.59681 0.25000 0.41249
v -3.71874 0.25000 0.44948
v -3.83112 0.25000 0.50954
v -3.92962 0.25000 0.59038
v -4.01046 0.25000 0.68888
v -4.07052 0.25000 0.80126
v -4.10751 0.25000 0.92319
v -4.12000 0.25000 1.05000
v -4.12000 0.25000 2.25000
v -4.10751 0.25000 2.37681
v -4.07052 0.25000 2.49874
v -4.01046 0.25000 2.61112
v -3.92962 0.25000 2.70962
v -3.83112 0.25000 2.79046
v -3.71874 0.25000 2.85052
v -3.59681 0.25000 2.88751
v -3.47000 0.25000 2.90000
v -3.00000 0.25000 1.35000
v -3.05853 0.25000 1.35576
v -3.11481 0.25000 1.37284
v -3.16667 0.25000 1.40056
v -3.21213 0.25000 1.43787
v -3.24944 0.25000 1.48333
v -3.27716 0.25000 1.53519
v -3.29424 0.25000 1.59147
v -3.30000 0.25000 1.65000
v -3.29424 0.25000 1.70853
v -3.27716 0.25000 1.76481
v -3.24944 0.25000 1.81667
v -3.21213 0.25000 1.86213
v -3.16667 0.25000 1.89944
v -3.11481 0.25000 1.92716
v -3.05853 0.25000 1.94424
v -3.00000 0.25000 1.95000
v 3.00000 0.25000 1.35000
v 3.00000 0.25000 1.95000
v 3.05853 0.25000 1.94424
v 3.11481 0.25000 1.92716
v 3.16667 0.25000 1.89944
v 3.21213 0.25000 1.86213
v 3.24944 0.25000 1.81667
v 3.27716 0.25000 1.76481
v 3.29424 0.25000 1.70853
v 3.30000 0.25000 1.65000
v 3.29424 0.25000 1.59147
v 3.27716 0.25000 1.53519
v 3.24944 0.25000 1.48333
v 3.21213 0.25000 1.43787
v 3.16667 0.25000 1.40056
v 3.11481 0.25000 1.37284
v 3.05853 0.25000 1.35576
v -4.17000 0.20000 1.05000
v -4.16875 0.21113 1.05000
v -4.16505 0.22169 1.05000
v -4.15909 0.23117 1.05000
v -4.15117 0.23909 1.05000
v -4.14169 0.24505 1.05000
v -4.13113 0.24875 1.05000
v -4.12000 0.25000 1.05000
v -4.17000 0.20000 2.25000
v -4.12000 0.25000 2.25000
v -4.13113 0.24875 2.25000
v -4.14169 0.24505 2.25000
v -4.15117 0.23909 2.25000
v -4.15909 0.23117 2.25000
v -4.16505 0.22169 2.25000
v -4.16875 0.21113 2.25000
v -4.12000 0.25000 2.25000
v -4.13113 0.24875 2.25000
v -4.14169 0.24505 2.25000
v -4.15117 0.23909 2.25000
v -4.15909 0.23117 2.25000
v -4.16505 0.22169 2.25000
v -4.16875 0.21113 2.25000
v -4.17000 0.20000 2.25000
v -3.47000 0.20000 2.95000
v -3.60656 0.20000 2.93655
v -3.73788 0.20000 2.89672
v -3.85890 0.20000 2.83203
v -3.96497 0.20000 2.74497
v -4.05203 0.20000 2.63890
v -4.11672 0.20000 2.51788
v -4.15655 0.20000 2.38656
v -3.47000 0.25000 2.90000
v -3.47000 0.24875 2.91113
v -3.47000 0.24505 2.92169
v -3.47000 0.23909 2.93117
v -3.47000 0.23117 2.93909
v -3.47000 0.22169 2.94505
v -3.47000 0.21113 2.94875
v -4.10751 0.25000 2.37681
v -4.07052 0.25000 2.49874
v -4.01046 0.25000 2.61112
v -3.92962 0.25000 2.70962
v -3.83112 0.25000 2.79046
v -3.71874 0.25000 2.85052
v -3.59681 0.25000 2.88751
v -4.15532 0.21113 2.38632
v -4.15169 0.22169 2.38560
v -4.14585 0.23117 2.38444
v -4.13809 0.23909 2.38289
v -4.12879 0.24505 2.38104
v -4.11842 0.24875 2.37898
v -4.11556 0.21113 2.51740
v -4.11214 0.22169 2.51598
v -4.10664 0.23117 2.51370
v -4.09932 0.23909 2.51067
v -4.09056 0.24505 2.50705
v -4.08080 0.24875 2.50300
v -4.05099 0.21113 2.63820
v -4.04791 0.22169 2.63615
v -4.04296 0.23117 2.63284
v -4.03638 0.23909 2.62844
v -4.02849 0.24505 2.62317
v -4.01971 0.24875 2.61730
v -3.96409 0.21113 2.74409
v -3.96147 0.22169 2.74147
v -3.95726 0.23117 2.73726
v -3.95166 0.23909 2.73166
v -3.94496 0.24505 2.72496
v -3.93749 0.24875 2.71749
v -3.85820 0.21113 2.83099
v -3.85615 0.22169 2.82791
v -3.85284 0.23117 2.82296
v -3.84844 0.23909 2.81638
v -3.84317 0.24505 2.80849
v -3.83730 0.24875 2.79971
v -3.73740 0.21113 2.89556
v -3.73598 0.22169 2.89214
v -3.73370 0.23117 2.88664
v -3.73067 0.23909 2.87932
v -3.72705 0.24505 2.87056
v -3.72300 0.24875 2.86080
v -3.60632 0.21113 2.93532
v -3.60560 0.22169 2.93169
v -3.60444 0.23117 2.92585
v -3.60289 0.23909 2.91809
v -3.60104 0.24505 2.90879
v -3.59898 0.24875 2.89842
v -4.17000 0.20000 1.05000
v -4.16875 0.21113 1.05000
v -4.16505 0.22169 1.05000
v -4.15909 0.23117 1.05000
v -4.15117 0.23909 1.05000
v -4.14169 0.24505 1.05000
v -4.13113 0.24875 1.05000
v -4.12000 0.25000 1.05000
v -3.47000 0.25000 0.40000
v -3.59681 0.25000 0.41249
v -3.71874 0.25000 0.44948
v -3.83112 0.25000 0.50954
v -3.92962 0.25000 0.59038
v -4.01046 0.25000 0.68888
v -4.07052 0.25000 0.80126
v -4.10751 0.25000 0.92319
v -3.47000 0.20000 0.35000
v -3.47000 0.21113 0.35125
v -3.47000 0.22169 0.35495
v -3.47000 0.23117 0.36091
v -3.47000 0.23909 0.36883
v -3.47000 0.24505 0.37831
v -3.47000 0.24875 0.38887
v -4.15655 0.20000 0.91344
v -4.11672 0.20000 0.78212
v -4.05203 0.20000 0.66110
v -3.96497 0.20000 0.55503
v -3.85890 0.20000 0.46797
v -3.73788 0.20000 0.40328
v -3.60656 0.20000 0.36345
v -3.60632 0.21113 0.36468
v -3.60560 0.22169 0.36831
v -3.60444 0.23117 0.37415
v -3.60289 0.23909 0.38191
v -3.60104 0.24505 0.39121
v -3.59898 0.24875 0.40158
v -3.73740 0.21113 0.40444
v -3.73598 0.22169 0.40786
v -3.73370 0.23117 0.41336
v -3.73067 0.23909 0.42068
v -3.72705 0.24505 0.42944
v -3.72300 0.24875 0.43920
v -3.85820 0.21113 0.46901
v -3.85615 0.22169 0.47209
v -3.85284 0.23117 0.47704
v -3.84844 0.23909 0.48362
v -3.84317 0.24505 0.49151
v -3.83730 0.24875 0.50029
v -3.96409 0.21113 0.55591
v -3.96147 0.22169 0.55853
v -3.95726 0.23117 0.56274
v -3.95166 0.23909 0.56834
v -3.94496 0.24505 0.57504
v -3.93749 0.24875 0.58251
v -4.05099 0.21113 0.66180
v -4.04791 0.22169 0.66385
v -4.04296 0.23117 0.66716
v -4.03638 0.23909 0.67156
v -4.02849 0.24505 0.67683
v -4.01971 0.24875 0.68270
v -4.11556 0.21113 0.78260
v -4.11214 0.22169 0.78402
v -4.10664 0.23117 0.78630
v -4.09932 0.23909 0.78933
v -4.09056 0.24505 0.79295
v -4.08080 0.24875 0.79700
v -4.15532 0.21113 0.91368
v -4.15169 0.22169 0.91440
v -4.14585 0.23117 0.91556
v -4.13809 0.23909 0.91711
v -4.12879 0.24505 0.91896
v -4.11842 0.24875 0.92102
v -3.47000 0.25000 2.90000
v -3.47000 0.24875 2.91113
v -3.47000 0.24505 2.92169
v -3.47000 0.23909 2.93117
v -3.47000 0.23117 2.93909
v -3.47000 0.22169 2.94505
v -3.47000 0.21113 2.94875
v -3.47000 0.20000 2.95000
v 3.47000 0.20000 2.95000
v 3.47000 0.25000 2.90000
v 3.47000 0.24875 2.91113
v 3.47000 0.24505 2.92169
v 3.47000 0.23909 2.93117
v 3.47000 0.23117 2.93909
v 3.47000 0.22169 2.94505
v 3.47000 0.21113 2.94875
v -3.47000 0.20000 0.35000
v -3.47000 0.21113 0.35125
v -3.47000 0.22169 0.35495
v -3.47000 0.23117 0.36091
v -3.47000 0.23909 0.36883
v -3.47000 0.24505 0.37831
v -3.47000 0.24875 0.38887
v -3.47000 0.25000 0.40000
v 3.47000 0.25000 0.40000
v 3.47000 0.20000 0.35000
v 3.47000 0.21113 0.35125
v 3.47000 0.22169 0.35495
v 3.47000 0.23117 0.36091
v 3.47000 0.23909 0.36883
v 3.47000 0.24505 0.37831
v 3.47000 0.24875 0.38887
v 3.47000 0.25000 2.90000
v 3.47000 0.24875 2.91113
v 3.47000 0.24505 2.92169
v 3.47000 0.23909 2.93117
v 3.47000 0.23117 2.93909
v 3.47000 0.22169 2.94505
v 3.47000 0.21113 2.94875
v 3.47000 0.20000 2.95000
v 4.17000 0.20000 2.25000
v 4.15655 0.20000 2.38656
v 4.11672 0.20000 2.51788
v 4.05203 0.20000 2.63890
v 3.96497 0.20000 2.74497
v 3.85890 0.20000 2.83203
v 3.73788 0.20000 2.89672
v 3.60656 0.20000 2.93655
v 4.12000 0.25000 2.25000
v 4.13113 0.24875 2.25000
v 4.14169 0.24505 2.25000
v 4.15117 0.23909 2.25000
v 4.15909 0.23117 2.25000
v 4.16505 0.22169 2.25000
v 4.16875 0.21113 2.25000
v 3.59681 0.25000 2.88751
v 3.71874 0.25000 2.85052
v 3.83112 0.25000 2.79046
v 3.92962 0.25000 2.70962
v 4.01046 0.25000 2.61112
v 4.07052 0.25000 2.49874
v 4.10751 0.25000 2.37681
v 3.60632 0.21113 2.93532
v 3.60560 0.22169 2.93169
v 3.60444 0.23117 2.92585
v 3.60289 0.23909 2.91809
v 3.60104 0.24505 2.90879
v 3.59898 0.24875 2.89842
v 3.73740 0.21113 2.89556
v 3.73598 0.22169 2.89214
v 3.73370 0.23117 2.88664
v 3.73067 0.23909 2.87932
v 3.72705 0.24505 2.87056
v 3.72300 0.24875 2.86080
v 3.85820 0.21113 2.83099
v 3.85615 0.22169 2.82791
v 3.85284 0.23117 2.82296
v 3.84844 0.23909 2.81638
v 3.84317 0.24505 2.80849
v 3.83730 0.24875 2.79971
v 3.96409 0.21113 2.74409
v 3.96147 0.22169 2.74147
v 3.95726 0.23117 2.73726
v 3.95166 0.23909 2.73166
v 3.94496 0.24505 2.72496
v 3.93749 0.24875 2.71749
v 4.05099 0.21113 2.63820
v 4.04791 0.22169 2.63615
v 4.04296 0.23117 2.63284
v 4.03638 0.23909 2.62844
v 4.02849 0.24505 2.62317
v 4.01971 0.24875 2.61730
v 4.11556 0.21113 2.51740
v 4.11214 0.22169 2.51598
v 4.10664 0.23117 2.51370
v 4.09932 0.23909 2.51067
v 4.09056 0.24505 2.50705
v 4.08080 0.24875 2.50300
v 4.15532 0.21113 2.38632
v 4.15169 0.22169 2.38560
v 4.14585 0.23117 2.38444
v 4.13809 0.23909 2.38289
v 4.12879 0.24505 2.38104
v 4.11842 0.24875 2.37898
v 3.47000 0.20000 0.35000
v 3.47000 0.21113 0.35125
v 3.47000 0.22169 0.35495
v 3.47000 0.23117 0.36091
v 3.47000 0.23909 0.36883
v 3.47000 0.24505 0.37831
v 3.47000 0.24875 0.38887
v 3.47000 0.25000 0.40000
v 4.12000 0.25000 1.05000
v 4.10751 0.25000 0.92319
v 4.07052 0.25000 0.80126
v 4.01046 0.25000 0.68888
v 3.92962 0.25000 0.59038
v 3.83112 0.25000 0.50954
v 3.71874 0.25000 0.44948
v 3.59681 0.25000 0.41249
v 4.17000 0.20000 1.05000
v 4.16875 0.21113 1.05000
v 4.16505 0.22169 1.05000
v 4.15909 0.23117 1.05000
v 4.15117 0.23909 1.05000
v 4.14169 0.24505 1.05000
v 4.13113 0.24875 1.05000
v 3.60656 0.20000 0.36345
v 3.73788 0.20000 0.40328
v 3.85890 0.20000 0.46797
v 3.96497 0.20000 0.55503
v 4.05203 0.20000 0.66110
v 4.11672 0.20000 0.78212
v 4.15655 0.20000 0.91344
v 4.15532 0.21113 0.91368
v 4.15169 0.22169 0.91440
v 4.14585 0.23117 0.91556
v 4.13809 0.23909 0.91711
v 4.12879 0.24505 0.91896
v 4.11842 0.24875 0.92102
v 4.11556 0.21113 0.78260
v 4.11214 0.22169 0.78402
v 4.10664 0.23117 0.78630
v 4.09932 0.23909 0.78933
v 4.09056 0.24505 0.79295
v 4.08080 0.24875 0.79700
v 4.05099 0.21113 0.66180
v 4.04791 0.22169 0.66385
v 4.04296 0.23117 0.66716
v 4.03638 0.23909 0.67156
v 4.02849 0.24505 0.67683
v 4.01971 0.24875 0.68270
v 3.96409 0.21113 0.55591
v 3.96147 0.22169 0.55853
v 3.95726 0.23117 0.56274
v 3.95166 0.23909 0.56834
v 3.94496 0.24505 0.57504
v 3.93749 0.24875 0.58251
v 3.85820 0.21113 0.46901
v 3.85615 0.22169 0.47209
v 3.85284 0.23117 0.47704
v 3.84844 0.23909 0.48362
v 3.84317 0.24505 0.49151
v 3.83730 0.24875 0.50029
v 3.73740 0.21113 0.40444
v 3.73598 0.22169 0.40786
v 3.73370 0.23117 0.41336
v 3.73067 0.23909 0.42068
v 3.72705 0.24505 0.42944
v 3.72300 0.24875 0.43920
v 3.60632 0.21113 0.36468
v 3.60560 0.22169 0.36831
v 3.60444 0.23117 0.37415
v 3.60289 0.23909 0.38191
v 3.60104 0.24505 0.39121
v 3.59898 0.24875 0.40158
v 4.12000 0.25000 2.25000
v 4.13113 0.24875 2.25000
v 4.14169 0.24505 2.25000
v 4.15117 0.23909 2.25000
v 4.15909 0.23117 2.25000
v 4.16505 0.22169 2.25000
v 4.16875 0.21113 2.25000
v 4.17000 0.20000 2.25000
v 4.17000 0.20000 1.05000
v 4.16875 0.21113 1.05000
v 4.16505 0.22169 1.05000
v 4.15909 0.23117 1.05000
v 4.15117 0.23909 1.05000
v 4.14169 0.24505 1.05000
v 4.13113 0.24875 1.05000
v 4.12000 0.25000 1.05000
v 3.00000 0.25000 1.35000
v -3.00000 0.25000 1.35000
v 3.00000 3.70000 1.35000
v -3.00000 3.70000 1.35000
v 2.20000 3.50219 1.35000
v 2.20000 1.00219 1.35000
v 2.80000 3.50219 1.35000
v 2.80000 1.00219 1.35000
v 0.12500 3.50219 1.35000
v 0.12500 1.00219 1.35000
v 0.37500 3.50219 1.35000
v 0.37500 1.00219 1.35000
v 0.62500 3.50219 1.35000
v 0.62500 1.00219 1.35000
v 0.87500 3.50219 1.35000
v 0.87500 1.00219 1.35000
v -1.37500 3.50219 1.35000
v -1.37500 1.00219 1.35000
v -1.12500 3.50219 1.35000
v -1.12500 1.00219 1.35000
v -0.87500 3.50219 1.35000
v -0.87500 1.00219 1.35000
v -0.62500 3.50219 1.35000
v -0.62500 1.00219 1.35000
v 1.12500 3.50219 1.35000
v 1.12500 1.00219 1.35000
v 1.37500 3.50219 1.35000
v 1.37500 1.00219 1.35000
v -0.37500 3.50219 1.35000
v -0.37500 1.00219 1.35000
v -0.12500 3.50219 1.35000
v -0.12500 1.00219 1.35000
v -2.80000 3.50219 1.35000
v -2.80000 1.00219 1.35000
v -2.20000 3.50219 1.35000
v -2.20000 1.00219 1.35000
v 3.00000 3.70000 1.35000
v 3.00000 0.25000 1.35000
v 3.05853 3.70000 1.35576
v 3.11481 3.70000 1.37284
v 3.16667 3.70000 1.40056
v 3.21213 3.70000 1.43787
v 3.24944 3.70000 1.48333
v 3.27716 3.70000 1.53519
v 3.29424 3.70000 1.59147
v 3.30000 3.70000 1.65000
v 3.29424 3.70000 1.70853
v 3.27716 3.70000 1.76481
v 3.24944 3.70000 1.81667
v 3.21213 3.70000 1.86213
v 3.16667 3.70000 1.89944
v 3.11481 3.70000 1.92716
v 3.05853 3.70000 1.94424
v 3.00000 3.70000 1.95000
v 3.00000 0.25000 1.95000
v 3.05853 0.25000 1.94424
v 3.11481 0.25000 1.92716
v 3.16667 0.25000 1.89944
v 3.21213 0.25000 1.86213
v 3.24944 0.25000 1.81667
v 3.27716 0.25000 1.76481
v 3.29424 0.25000 1.70853
v 3.30000 0.25000 1.65000
v 3.29424 0.25000 1.59147
v 3.27716 0.25000 1.53519
v 3.24944 0.25000 1.48333
v 3.21213 0.25000 1.43787
v 3.16667 0.25000 1.40056
v 3.11481 0.25000 1.37284
v 3.05853 0.25000 1.35576
v -3.00000 3.70000 1.95000
v -3.00000 0.25000 1.95000
v -3.05853 3.70000 1.94424
v -3.11481 3.70000 1.92716
v -3.16667 3.70000 1.89944
v -3.21213 3.70000 1.86213
v -3.24944 3.70000 1.81667
v -3.27716 3.70000 1.76481
v -3.29424 3.70000 1.70853
v -3.30000 3.70000 1.65000
v -3.29424 3.70000 1.59147
v -3.27716 3.70000 1.53519
v -3.24944 3.70000 1.48333
v -3.21213 3.70000 1.43787
v -3.16667 3.70000 1.40056
v -3.11481 3.70000 1.37284
v -3.05853 3.70000 1.35576
v -3.00000 3.70000 1.35000
v -3.00000 0.25000 1.35000
v -3.05853 0.25000 1.35576
v -3.11481 0.25000 1.37284
v -3.16667 0.25000 1.40056
v -3.21213 0.25000 1.43787
v -3.24944 0.25000 1.48333
v -3.27716 0.25000 1.53519
v -3.29424 0.25000 1.59147
v -3.30000 0.25000 1.65000
v -3.29424 0.25000 1.70853
v -3.27716 0.25000 1.76481
v -3.24944 0.25000 1.81667
v -3.21213 0.25000 1.86213
v -3.16667 0.25000 1.89944
v -3.11481 0.25000 1.92716
v -3.05853 0.25000 1.94424
v 3.00000 3.95000 1.70000
v 3.01113 3.95000 1.69875
v 3.02169 3.95000 1.69505
v 3.03117 3.95000 1.68909
v 3.03909 3.95000 1.68117
v 3.04505 3.95000 1.67169
v 3.04875 3.95000 1.66113
v 3.05000 3.95000 1.65000
v 3.04875 3.95000 1.63887
v 3.04505 3.95000 1.62831
v 3.03909 3.95000 1.61883
v 3.03117 3.95000 1.61091
v 3.02169 3.95000 1.60495
v 3.01113 3.95000 1.60125
v 3.00000 3.95000 1.60000
v -3.00000 3.95000 1.70000
v -3.00000 3.95000 1.60000
v -3.01113 3.95000 1.60125
v -3.02169 3.95000 1.60495
v -3.03117 3.95000 1.61091
v -3.03909 3.95000 1.61883
v -3.04505 3.95000 1.62831
v -3.04875 3.95000 1.63887
v -3.05000 3.95000 1.65000
v -3.04875 3.95000 1.66113
v -3.04505 3.95000 1.67169
v -3.03909 3.95000 1.68117
v -3.03117 3.95000 1.68909
v -3.02169 3.95000 1.69505
v -3.01113 3.95000 1.69875
v 3.00000 3.95000 1.60000
v 3.00000 3.94520 1.55123
v 3.00000 3.93097 1.50433
v 3.00000 3.90787 1.46111
v 3.00000 3.87678 1.42322
v 3.00000 3.83889 1.39213
v 3.00000 3.79567 1.36903
v 3.00000 3.74877 1.35480
v 3.00000 3.70000 1.35000
v 3.00000 3.95000 1.70000
v 3.01113 3.95000 1.69875
v 3.02169 3.95000 1.69505
v 3.03117 3.95000 1.68909
v 3.03909 3.95000 1.68117
v 3.04505 3.95000 1.67169
v 3.04875 3.95000 1.66113
v 3.05000 3.95000 1.65000
v 3.04875 3.95000 1.63887
v 3.04505 3.95000 1.62831
v 3.03909 3.95000 1.61883
v 3.03117 3.95000 1.61091
v 3.02169 3.95000 1.60495
v 3.01113 3.95000 1.60125
v 3.00000 3.70000 1.95000
v 3.00000 3.74877 1.94520
v 3.00000 3.79567 1.93097
v 3.00000 3.83889 1.90787
v 3.00000 3.87678 1.87678
v 3.00000 3.90787 1.83889
v 3.00000 3.93097 1.79567
v 3.00000 3.94520 1.74877
v 3.05853 3.70000 1.35576
v 3.11481 3.70000 1.37284
v 3.16667 3.70000 1.40056
v 3.21213 3.70000 1.43787
v 3.24944 3.70000 1.48333
v 3.27716 3.70000 1.53519
v 3.29424 3.70000 1.59147
v 3.30000 3.70000 1.65000
v 3.29424 3.70000 1.70853
v 3.27716 3.70000 1.76481
v 3.24944 3.70000 1.81667
v 3.21213 3.70000 1.86213
v 3.16667 3.70000 1.89944
v 3.11481 3.70000 1.92716
v 3.05853 3.70000 1.94424
v 3.02556 3.94520 1.55459
v 3.03770 3.93097 1.50929
v 3.04939 3.94520 1.56446
v 3.04889 3.90787 1.46754
v 3.07284 3.93097 1.52385
v 3.06984 3.94520 1.58016
v 3.05869 3.87678 1.43095
v 3.09445 3.90787 1.48641
v 3.10300 3.93097 1.54700
v 3.08554 3.94520 1.60061
v 3.06674 3.83889 1.40092
v 3.11339 3.87678 1.45361
v 3.13357 3.90787 1.51643
v 3.12615 3.93097 1.57716
v 3.09541 3.94520 1.62444
v 3.07272 3.79567 1.37860
v 3.12893 3.83889 1.42668
v 3.16036 3.87678 1.48964
v 3.16359 3.90787 1.55555
v 3.14071 3.93097 1.61230
v 3.09877 3.94520 1.65000
v 3.07640 3.74877 1.36486
v 3.14048 3.79567 1.40667
v 3.18234 3.83889 1.46766
v 3.19639 3.87678 1.53661
v 3.18246 3.90787 1.60111
v 3.14567 3.93097 1.65000
v 3.09541 3.94520 1.67556
v 3.14760 3.74877 1.39435
v 3.19868 3.79567 1.45132
v 3.22332 3.83889 1.52107
v 3.21905 3.87678 1.59131
v 3.18889 3.90787 1.65000
v 3.14071 3.93097 1.68770
v 3.08554 3.94520 1.69939
v 3.20874 3.74877 1.44126
v 3.24333 3.79567 1.50952
v 3.24908 3.83889 1.58326
v 3.22678 3.87678 1.65000
v 3.18246 3.90787 1.69889
v 3.12615 3.93097 1.72284
v 3.06984 3.94520 1.71984
v 3.25565 3.74877 1.50240
v 3.27140 3.79567 1.57728
v 3.25787 3.83889 1.65000
v 3.21905 3.87678 1.70869
v 3.16359 3.90787 1.74445
v 3.10300 3.93097 1.75300
v 3.04939 3.94520 1.73554
v 3.28514 3.74877 1.57360
v 3.28097 3.79567 1.65000
v 3.24908 3.83889 1.71674
v 3.19639 3.87678 1.76339
v 3.13357 3.90787 1.78357
v 3.07284 3.93097 1.77615
v 3.02556 3.94520 1.74541
v 3.29520 3.74877 1.65000
v 3.27140 3.79567 1.72272
v 3.22332 3.83889 1.77893
v 3.16036 3.87678 1.81036
v 3.09445 3.90787 1.81359
v 3.03770 3.93097 1.79071
v 3.28514 3.74877 1.72640
v 3.24333 3.79567 1.79048
v 3.18234 3.83889 1.83234
v 3.11339 3.87678 1.84639
v 3.04889 3.90787 1.83246
v 3.25565 3.74877 1.79760
v 3.19868 3.79567 1.84868
v 3.12893 3.83889 1.87332
v 3.05869 3.87678 1.86905
v 3.20874 3.74877 1.85874
v 3.14048 3.79567 1.89333
v 3.06674 3.83889 1.89908
v 3.14760 3.74877 1.90565
v 3.07272 3.79567 1.92140
v 3.07640 3.74877 1.93514
v 3.00000 3.70000 1.95000
v 3.00000 3.74877 1.94520
v 3.00000 3.79567 1.93097
v 3.00000 3.83889 1.90787
v 3.00000 3.87678 1.87678
v 3.00000 3.90787 1.83889
v 3.00000 3.93097 1.79567
v 3.00000 3.94520 1.74877
v 3.00000 3.95000 1.70000
v -3.00000 3.95000 1.70000
v -3.00000 3.70000 1.95000
v -3.00000 3.74877 1.94520
v -3.00000 3.79567 1.93097
v -3.00000 3.83889 1.90787
v -3.00000 3.87678 1.87678
v -3.00000 3.90787 1.83889
v -3.00000 3.93097 1.79567
v -3.00000 3.94520 1.74877
v 3.00000 3.95000 1.60000
v 3.00000 3.94520 1.55123
v 3.00000 3.93097 1.50433
v 3.00000 3.90787 1.46111
v 3.00000 3.87678 1.42322
v 3.00000 3.83889 1.39213
v 3.00000 3.79567 1.36903
v 3.00000 3.74877 1.35480
v 3.00000 3.70000 1.35000
v -3.00000 3.70000 1.35000
v -3.00000 3.95000 1.60000
v -3.00000 3.94520 1.55123
v -3.00000 3.93097 1.50433
v -3.00000 3.90787 1.46111
v -3.00000 3.87678 1.42322
v -3.00000 3.83889 1.39213
v -3.00000 3.79567 1.36903
v -3.00000 3.74877 1.35480
v -3.00000 3.70000 1.95000
v -3.00000 3.74877 1.94520
v -3.00000 3.79567 1.93097
v -3.00000 3.83889 1.90787
v -3.00000 3.87678 1.87678
v -3.00000 3.90787 1.83889
v -3.00000 3.93097 1.79567
v -3.00000 3.94520 1.74877
v -3.00000 3.95000 1.70000
v -3.00000 3.95000 1.60000
v -3.01113 3.95000 1.60125
v -3.02169 3.95000 1.60495
v -3.03117 3.95000 1.61091
v -3.03909 3.95000 1.61883
v -3.04505 3.95000 1.62831
v -3.04875 3.95000 1.63887
v -3.05000 3.95000 1.65000
v -3.04875 3.95000 1.66113
v -3.04505 3.95000 1.67169
v -3.03909 3.95000 1.68117
v -3.03117 3.95000 1.68909
v -3.02169 3.95000 1.69505
v -3.01113 3.95000 1.69875
v -3.00000 3.94520 1.55123
v -3.00000 3.93097 1.50433
v -3.00000 3.90787 1.46111
v -3.00000 3.87678 1.42322
v -3.00000 3.83889 1.39213
v -3.00000 3.79567 1.36903
v -3.00000 3.74877 1.35480
v -3.00000 3.70000 1.35000
v -3.05853 3.70000 1.94424
v -3.11481 3.70000 1.92716
v -3.16667 3.70000 1.89944
v -3.21213 3.70000 1.86213
v -3.24944 3.70000 1.81667
v -3.27716 3.70000 1.76481
v -3.29424 3.70000 1.70853
v -3.30000 3.70000 1.65000
v -3.29424 3.70000 1.59147
v -3.27716 3.70000 1.53519
v -3.24944 3.70000 1.48333
v -3.21213 3.70000 1.43787
v -3.16667 3.70000 1.40056
v -3.11481 3.70000 1.37284
v -3.05853 3.70000 1.35576
v -3.02556 3.94520 1.74541
v -3.03770 3.93097 1.79071
v -3.04939 3.94520 1.73554
v -3.04889 3.90787 1.83246
v -3.07284 3.93097 1.77615
v -3.06984 3.94520 1.71984
v -3.05869 3.87678 1.86905
v -3.09445 3.90787 1.81359
v -3.10300 3.93097 1.75300
v -3.08554 3.94520 1.69939
v -3.06674 3.83889 1.89908
v -3.11339 3.87678 1.84639
v -3.13357 3.90787 1.78357
v -3.12615 3.93097 1.72284
v -3.09541 3.94520 1.67556
v -3.07272 3.79567 1.92140
v -3.12893 3.83889 1.87332
v -3.16036 3.87678 1.81036
v -3.16359 3.90787 1.74445
v -3.14071 3.93097 1.68770
v -3.09877 3.94520 1.65000
v -3.07640 3.74877 1.93514
v -3.14048 3.79567 1.89333
v -3.18234 3.83889 1.83234
v -3.19639 3.87678 1.76339
v -3.18246 3.90787 1.69889
v -3.14567 3.93097 1.65000
v -3.09541 3.94520 1.62444
v -3.14760 3.74877 1.90565
v -3.19868 3.79567 1.84868
v -3.22332 3.83889 1.77893
v -3.21905 3.87678 1.70869
v -3.18889 3.90787 1.65000
v -3.14071 3.93097 1.61230
v -3.08554 3.94520 1.60061
v -3.20874 3.74877 1.85874
v -3.24333 3.79567 1.79048
v -3.24908 3.83889 1.71674
v -3.22678 3.87678 1.65000
v -3.18246 3.90787 1.60111
v -3.12615 3.93097 1.57716
v -3.06984 3.94520 1.58016
v -3.25565 3.74877 1.79760
v -3.27140 3.79567 1.72272
v -3.25787 3.83889 1.65000
v -3.21905 3.87678 1.59131
v -3.16359 3.90787 1.55555
v -3.10300 3.93097 1.54700
v -3.04939 3.94520 1.56446
v -3.28514 3.74877 1.72640
v -3.28097 3.79567 1.65000
v -3.24908 3.83889 1.58326
v -3.19639 3.87678 1.53661
v -3.13357 3.90787 1.51643
v -3.07284 3.93097 1.52385
v -3.02556 3.94520 1.55459
v -3.29520 3.74877 1.65000
v -3.27140 3.79567 1.57728
v -3.22332 3.83889 1.52107
v -3.16036 3.87678 1.48964
v -3.09445 3.90787 1.48641
v -3.03770 3.93097 1.50929
v -3.28514 3.74877 1.57360
v -3.24333 3.79567 1.50952
v -3.18234 3.83889 1.46766
v -3.11339 3.87678 1.45361
v -3.04889 3.90787 1.46754
v -3.25565 3.74877 1.50240
v -3.19868 3.79567 1.45132
v -3.12893 3.83889 1.42668
v -3.05869 3.87678 1.43095
v -3.20874 3.74877 1.44126
v -3.14048 3.79567 1.40667
v -3.06674 3.83889 1.40092
v -3.14760 3.74877 1.39435
v -3.07272 3.79567 1.37860
v -3.07640 3.74877 1.36486
v 1.15000 -3.05000 2.95000
v 1.15000 -3.02000 2.95000
v -1.15000 -3.05000 2.95000
v -1.15000 -3.02000 2.95000
v -3.10000 -2.20000 1.93000
v -3.10000 -2.20000 2.95000
v -3.10000 -3.05000 1.93000
v -3.10000 -3.05000 2.95000
v -1.15000 -2.20000 1.93000
v -3.10000 -2.20000 1.93000
v -1.15000 -3.05000 1.93000
v -3.10000 -3.05000 1.93000
v -1.15000 -2.20000 2.95000
v -1.15000 -2.20000 1.93000
v -1.15000 -2.24967 2.95000
v -1.15000 -3.02000 2.95000
v -1.15000 -3.05000 2.95000
v -1.15000 -3.05000 1.93000
v 1.15000 -3.02000 2.95000
v 1.15000 -2.24967 2.95000
v 1.15000 -2.20000 2.95000
v 1.15000 -2.20000 1.93000
v 1.15000 -3.05000 1.93000
v 1.15000 -3.05000 2.95000
v 3.10000 -2.20000 1.93000
v 1.15000 -2.20000 1.93000
v 3.10000 -3.05000 1.93000
v 1.15000 -3.05000 1.93000
v 3.10000 -2.20000 2.95000
v 3.10000 -2.20000 1.93000
v 3.10000 -3.05000 2.95000
v 3.10000 -3.05000 1.93000
v 4.17000 -3.02000 2.25000
v 4.15655 -3.02000 2.38656
v 4.11672 -3.02000 2.51788
v 4.05203 -3.02000 2.63890
v 3.96497 -3.02000 2.74497
v 3.85890 -3.02000 2.83203
v 3.73788 -3.02000 2.89672
v 3.60656 -3.02000 2.93655
v 3.47000 -3.02000 2.95000
v 3.47000 -3.05000 2.95000
v 3.60656 -3.05000 2.93655
v 3.73788 -3.05000 2.89672
v 3.85890 -3.05000 2.83203
v 3.96497 -3.05000 2.74497
v 4.05203 -3.05000 2.63890
v 4.11672 -3.05000 2.51788
v 4.15655 -3.05000 2.38656
v 4.17000 -3.05000 2.25000
v 4.17000 -3.02000 0.75000
v 4.17000 -3.05000 0.75000
v 4.17000 -3.05000 2.25000
v 4.17000 -3.02000 2.25000
v -4.17000 -3.05000 2.25000
v -4.17000 -3.02000 2.25000
v -4.17000 -3.05000 0.75000
v -4.17000 -3.02000 0.75000
v -3.47000 -3.02000 2.95000
v -3.60656 -3.02000 2.93655
v -3.73788 -3.02000 2.89672
v -3.85890 -3.02000 2.83203
v -3.96497 -3.02000 2.74497
v -4.05203 -3.02000 2.63890
v -4.11672 -3.02000 2.51788
v -4.15655 -3.02000 2.38656
v -4.17000 -3.02000 2.25000
v -4.17000 -3.05000 2.25000
v -4.15655 -3.05000 2.38656
v -4.11672 -3.05000 2.51788
v -4.05203 -3.05000 2.63890
v -3.96497 -3.05000 2.74497
v -3.85890 -3.05000 2.83203
v -3.73788 -3.05000 2.89672
v -3.60656 -3.05000 2.93655
v -3.47000 -3.05000 2.95000
v -4.17000 -3.05000 0.75000
v -4.17000 -3.05000 2.25000
v -4.15655 -3.05000 2.38656
v -4.11672 -3.05000 2.51788
v -4.05203 -3.05000 2.63890
v -3.96497 -3.05000 2.74497
v -3.85890 -3.05000 2.83203
v -3.73788 -3.05000 2.89672
v -3.60656 -3.05000 2.93655
v -3.47000 -3.05000 2.95000
v -3.10000 -3.05000 2.95000
v -3.10000 -3.05000 1.93000
v -1.15000 -3.05000 1.93000
v -1.15000 -3.05000 2.95000
v 1.15000 -3.05000 2.95000
v 1.15000 -3.05000 1.93000
v 3.10000 -3.05000 1.93000
v 3.10000 -3.05000 2.95000
v 3.47000 -3.05000 2.95000
v 3.60656 -3.05000 2.93655
v 3.73788 -3.05000 2.89672
v 3.85890 -3.05000 2.83203
v 3.96497 -3.05000 2.74497
v 4.05203 -3.05000 2.63890
v 4.11672 -3.05000 2.51788
v 4.15655 -3.05000 2.38656
v 4.17000 -3.05000 2.25000
v 4.17000 -3.05000 0.75000
v 3.47000 -3.05000 0.05000
v 3.60656 -3.05000 0.06345
v 3.73788 -3.05000 0.10328
v 3.85890 -3.05000 0.16797
v 3.96497 -3.05000 0.25503
v 4.05203 -3.05000 0.36110
v 4.11672 -3.05000 0.48212
v 4.15655 -3.05000 0.61344
v 3.47000 -3.05000 0.20000
v 3.42500 -3.05000 0.20000
v 3.02500 -3.05000 0.20000
v 2.65000 -3.05000 0.20000
v 2.25000 -3.05000 0.20000
v 1.85000 -3.05000 0.20000
v 1.65000 -3.05000 0.20000
v 1.35000 -3.05000 0.20000
v 1.15000 -3.05000 0.20000
v 0.85000 -3.05000 0.20000
v 0.65000 -3.05000 0.20000
v 0.35000 -3.05000 0.20000
v 0.15000 -3.05000 0.20000
v -0.15000 -3.05000 0.20000
v -0.35000 -3.05000 0.20000
v -0.65000 -3.05000 0.20000
v -0.85000 -3.05000 0.20000
v -1.15000 -3.05000 0.20000
v -1.35000 -3.05000 0.20000
v -1.65000 -3.05000 0.20000
v -1.85000 -3.05000 0.20000
v -2.25000 -3.05000 0.20000
v -2.65000 -3.05000 0.20000
v -3.02500 -3.05000 0.20000
v -3.42500 -3.05000 0.20000
v -3.47000 -3.05000 0.20000
v -3.47000 -3.05000 0.05000
v -4.15655 -3.05000 0.61344
v -4.11672 -3.05000 0.48212
v -4.05203 -3.05000 0.36110
v -3.96497 -3.05000 0.25503
v -3.85890 -3.05000 0.16797
v -3.73788 -3.05000 0.10328
v -3.60656 -3.05000 0.06345
v 4.17000 -1.57000 1.05000
v 4.15655 -1.57000 0.91344
v 4.11672 -1.57000 0.78212
v 4.05203 -1.57000 0.66110
v 3.96497 -1.57000 0.55503
v 3.85890 -1.57000 0.46797
v 3.73788 -1.57000 0.40328
v 3.60656 -1.57000 0.36345
v 3.47000 -1.57000 0.35000
v 4.17000 -1.57000 0.75000
v 3.47000 -1.57000 0.05000
v 3.60656 -1.57000 0.06345
v 3.73788 -1.57000 0.10328
v 3.85890 -1.57000 0.16797
v 3.96497 -1.57000 0.25503
v 4.05203 -1.57000 0.36110
v 4.11672 -1.57000 0.48212
v 4.15655 -1.57000 0.61344
v -3.47000 -1.57000 0.05000
v -4.17000 -1.57000 0.75000
v -4.15655 -1.57000 0.61344
v -4.11672 -1.57000 0.48212
v -4.05203 -1.57000 0.36110
v -3.96497 -1.57000 0.25503
v -3.85890 -1.57000 0.16797
v -3.73788 -1.57000 0.10328
v -3.60656 -1.57000 0.06345
v -4.17000 -1.57000 1.05000
v -3.47000 -1.57000 0.35000
v -3.60656 -1.57000 0.36345
v -3.73788 -1.57000 0.40328
v -3.85890 -1.57000 0.46797
v -3.96497 -1.57000 0.55503
v -4.05203 -1.57000 0.66110
v -4.11672 -1.57000 0.78212
v -4.15655 -1.57000 0.91344
v -4.17000 -1.57000 0.75000
v -4.17000 -2.03000 0.75000
v -4.15655 -1.57000 0.61344
v -4.11672 -1.57000 0.48212
v -4.05203 -1.57000 0.36110
v -3.96497 -1.57000 0.25503
v -3.85890 -1.57000 0.16797
v -3.73788 -1.57000 0.10328
v -3.60656 -1.57000 0.06345
v -3.47000 -1.57000 0.05000
v -3.47000 -2.55000 0.05000
v -3.47000 -3.05000 0.05000
v -4.17000 -3.05000 0.75000
v -4.15655 -3.05000 0.61344
v -4.11672 -3.05000 0.48212
v -4.05203 -3.05000 0.36110
v -3.96497 -3.05000 0.25503
v -3.85890 -3.05000 0.16797
v -3.73788 -3.05000 0.10328
v -3.60656 -3.05000 0.06345
v -4.17000 -3.02000 0.75000
v -3.47000 -2.55000 0.05000
v 3.47000 -2.55000 0.05000
v -3.47000 -1.57000 0.05000
v 3.47000 -1.57000 0.05000
v -2.64000 -2.00000 0.05000
v -2.64480 -2.04877 0.05000
v -2.65903 -2.09567 0.05000
v -2.68213 -2.13889 0.05000
v -2.71322 -2.17678 0.05000
v -2.75111 -2.20787 0.05000
v -2.79433 -2.23097 0.05000
v -2.84123 -2.24520 0.05000
v -2.89000 -2.25000 0.05000
v -2.93877 -2.24520 0.05000
v -2.98567 -2.23097 0.05000
v -3.02889 -2.20787 0.05000
v -3.06678 -2.17678 0.05000
v -3.09787 -2.13889 0.05000
v -3.12097 -2.09567 0.05000
v -3.13520 -2.04877 0.05000
v -3.14000 -2.00000 0.05000
v -3.13520 -1.95123 0.05000
v -3.12097 -1.90433 0.05000
v -3.09787 -1.86111 0.05000
v -3.06678 -1.82322 0.05000
v -3.02889 -1.79213 0.05000
v -2.98567 -1.76903 0.05000
v -2.93877 -1.75480 0.05000
v -2.89000 -1.75000 0.05000
v -2.84123 -1.75480 0.05000
v -2.79433 -1.76903 0.05000
v -2.75111 -1.79213 0.05000
v -2.71322 -1.82322 0.05000
v -2.68213 -1.86111 0.05000
v -2.65903 -1.90433 0.05000
v -2.64480 -1.95123 0.05000
v 3.14000 -2.00000 0.05000
v 3.13520 -2.04877 0.05000
v 3.12097 -2.09567 0.05000
v 3.09787 -2.13889 0.05000
v 3.06678 -2.17678 0.05000
v 3.02889 -2.20787 0.05000
v 2.98567 -2.23097 0.05000
v 2.93877 -2.24520 0.05000
v 2.89000 -2.25000 0.05000
v 2.84123 -2.24520 0.05000
v 2.79433 -2.23097 0.05000
v 2.75111 -2.20787 0.05000
v 2.71322 -2.17678 0.05000
v 2.68213 -2.13889 0.05000
v 2.65903 -2.09567 0.05000
v 2.64480 -2.04877 0.05000
v 2.64000 -2.00000 0.05000
v 2.64480 -1.95123 0.05000
v 2.65903 -1.90433 0.05000
v 2.68213 -1.86111 0.05000
v 2.71322 -1.82322 0.05000
v 2.75111 -1.79213 0.05000
v 2.79433 -1.76903 0.05000
v 2.84123 -1.75480 0.05000
v 2.89000 -1.75000 0.05000
v 2.93877 -1.75480 0.05000
v 2.98567 -1.76903 0.05000
v 3.02889 -1.79213 0.05000
v 3.06678 -1.82322 0.05000
v 3.09787 -1.86111 0.05000
v 3.12097 -1.90433 0.05000
v 3.13520 -1.95123 0.05000
v 3.47000 -1.57000 0.05000
v 3.47000 -2.55000 0.05000
v 3.60656 -1.57000 0.06345
v 3.73788 -1.57000 0.10328
v 3.85890 -1.57000 0.16797
v 3.96497 -1.57000 0.25503
v 4.05203 -1.57000 0.36110
v 4.11672 -1.57000 0.48212
v 4.15655 -1.57000 0.61344
v 4.17000 -1.57000 0.75000
v 4.17000 -2.03000 0.75000
v 4.17000 -3.02000 0.75000
v 4.17000 -3.05000 0.75000
v 3.47000 -3.05000 0.05000
v 3.60656 -3.05000 0.06345
v 3.73788 -3.05000 0.10328
v 3.85890 -3.05000 0.16797
v 3.96497 -3.05000 0.25503
v 4.05203 -3.05000 0.36110
v 4.11672 -3.05000 0.48212
v 4.15655 -3.05000 0.61344
v 2.64000 -2.00000 -0.45000
v 2.64000 -2.00000 0.05000
v 2.64480 -2.04877 -0.45000
v 2.65903 -2.09567 -0.45000
v 2.68213 -2.13889 -0.45000
v 2.71322 -2.17678 -0.45000
v 2.75111 -2.20787 -0.45000
v 2.79433 -2.23097 -0.45000
v 2.84123 -2.24520 -0.45000
v 2.89000 -2.25000 -0.45000
v 2.93877 -2.24520 -0.45000
v 2.98567 -2.23097 -0.45000
v 3.02889 -2.20787 -0.45000
v 3.06678 -2.17678 -0.45000
v 3.09787 -2.13889 -0.45000
v 3.12097 -2.09567 -0.45000
v 3.13520 -2.04877 -0.45000
v 3.14000 -2.00000 -0.45000
v 3.14000 -2.00000 0.05000
v 3.13520 -2.04877 0.05000
v 3.12097 -2.09567 0.05000
v 3.09787 -2.13889 0.05000
v 3.06678 -2.17678 0.05000
v 3.02889 -2.20787 0.05000
v 2.98567 -2.23097 0.05000
v 2.93877 -2.24520 0.05000
v 2.89000 -2.25000 0.05000
v 2.84123 -2.24520 0.05000
v 2.79433 -2.23097 0.05000
v 2.75111 -2.20787 0.05000
v 2.71322 -2.17678 0.05000
v 2.68213 -2.13889 0.05000
v 2.65903 -2.09567 0.05000
v 2.64480 -2.04877 0.05000
v 2.79000 -2.00000 -0.60000
v 2.79192 -1.98049 -0.60000
v 2.79761 -1.96173 -0.60000
v 2.80685 -1.94444 -0.60000
v 2.81929 -1.92929 -0.60000
v 2.83444 -1.91685 -0.60000
v 2.85173 -1.90761 -0.60000
v 2.87049 -1.90192 -0.60000
v 2.89000 -1.90000 -0.60000
v 2.90951 -1.90192 -0.60000
v 2.92827 -1.90761 -0.60000
v 2.94556 -1.91685 -0.60000
v 2.96071 -1.92929 -0.60000
v 2.97315 -1.94444 -0.60000
v 2.98239 -1.96173 -0.60000
v 2.98808 -1.98049 -0.60000
v 2.99000 -2.00000 -0.60000
v 2.98808 -2.01951 -0.60000
v 2.98239 -2.03827 -0.60000
v 2.97315 -2.05556 -0.60000
v 2.96071 -2.07071 -0.60000
v 2.94556 -2.08315 -0.60000
v 2.92827 -2.09239 -0.60000
v 2.90951 -2.09808 -0.60000
v 2.89000 -2.10000 -0.60000
v 2.87049 -2.09808 -0.60000
v 2.85173 -2.09239 -0.60000
v 2.83444 -2.08315 -0.60000
v 2.81929 -2.07071 -0.60000
v 2.80685 -2.05556 -0.60000
v 2.79761 -2.03827 -0.60000
v 2.79192 -2.01951 -0.60000
v -3.14000 -2.00000 -0.45000
v -3.14000 -2.00000 0.05000
v -3.13520 -2.04877 -0.45000
v -3.12097 -2.09567 -0.45000
v -3.09787 -2.13889 -0.45000
v -3.06678 -2.17678 -0.45000
v -3.02889 -2.20787 -0.45000
v -2.98567 -2.23097 -0.45000
v -2.93877 -2.24520 -0.45000
v -2.89000 -2.25000 -0.45000
v -2.84123 -2.24520 -0.45000
v -2.79433 -2.23097 -0.45000
v -2.75111 -2.20787 -0.45000
v -2.71322 -2.17678 -0.45000
v -2.68213 -2.13889 -0.45000
v -2.65903 -2.09567 -0.45000
v -2.64480 -2.04877 -0.45000
v -2.64000 -2.00000 -0.45000
v -2.64000 -2.00000 0.05000
v -2.64480 -2.04877 0.05000
v -2.65903 -2.09567 0.05000
v -2.68213 -2.13889 0.05000
v -2.71322 -2.17678 0.05000
v -2.75111 -2.20787 0.05000
v -2.79433 -2.23097 0.05000
v -2.84123 -2.24520 0.05000
v -2.89000 -2.25000 0.05000
v -2.93877 -2.24520 0.05000
v -2.98567 -2.23097 0.05000
v -3.02889 -2.20787 0.05000
v -3.06678 -2.17678 0.05000
v -3.09787 -2.13889 0.05000
v -3.12097 -2.09567 0.05000
v -3.13520 -2.04877 0.05000
v -2.99000 -2.00000 -0.60000
v -2.98808 -1.98049 -0.60000
v -2.98239 -1.96173 -0.60000
v -2.97315 -1.94444 -0.60000
v -2.96071 -1.92929 -0.60000
v -2.94556 -1.91685 -0.60000
v -2.92827 -1.90761 -0.60000
v -2.90951 -1.90192 -0.60000
v -2.89000 -1.90000 -0.60000
v -2.87049 -1.90192 -0.60000
v -2.85173 -1.90761 -0.60000
v -2.83444 -1.91685 -0.60000
v -2.81929 -1.92929 -0.60000
v -2.80685 -1.94444 -0.60000
v -2.79761 -1.96173 -0.60000
v -2.79192 -1.98049 -0.60000
v -2.79000 -2.00000 -0.60000
v -2.79192 -2.01951 -0.60000
v -2.79761 -2.03827 -0.60000
v -2.80685 -2.05556 -0.60000
v -2.81929 -2.07071 -0.60000
v -2.83444 -2.08315 -0.60000
v -2.85173 -2.09239 -0.60000
v -2.87049 -2.09808 -0.60000
v -2.89000 -2.10000 -0.60000
v -2.90951 -2.09808 -0.60000
v -2.92827 -2.09239 -0.60000
v -2.94556 -2.08315 -0.60000
v -2.96071 -2.07071 -0.60000
v -2.97315 -2.05556 -0.60000
v -2.98239 -2.03827 -0.60000
v -2.98808 -2.01951 -0.60000
v -2.64000 -2.00000 -0.45000
v -2.64288 -2.00000 -0.47926
v -2.65142 -2.00000 -0.50740
v -2.66528 -2.00000 -0.53334
v -2.68393 -2.00000 -0.55607
v -2.70666 -2.00000 -0.57472
v -2.73260 -2.00000 -0.58858
v -2.76074 -2.00000 -0.59712
v -2.79000 -2.00000 -0.60000
v -3.14000 -2.00000 -0.45000
v -3.13520 -2.04877 -0.45000
v -3.12097 -2.09567 -0.45000
v -3.09787 -2.13889 -0.45000
v -3.06678 -2.17678 -0.45000
v -3.02889 -2.20787 -0.45000
v -2.98567 -2.23097 -0.45000
v -2.93877 -2.24520 -0.45000
v -2.89000 -2.25000 -0.45000
v -2.84123 -2.24520 -0.45000
v -2.79433 -2.23097 -0.45000
v -2.75111 -2.20787 -0.45000
v -2.71322 -2.17678 -0.45000
v -2.68213 -2.13889 -0.45000
v -2.65903 -2.09567 -0.45000
v -2.64480 -2.04877 -0.45000
v -3.13712 -2.00000 -0.47926
v -3.12858 -2.00000 -0.50740
v -3.11472 -2.00000 -0.53334
v -3.09607 -2.00000 -0.55607
v -3.07334 -2.00000 -0.57472
v -3.04740 -2.00000 -0.58858
v -3.01926 -2.00000 -0.59712
v -2.99000 -2.00000 -0.60000
v -2.79192 -2.01951 -0.60000
v -2.79761 -2.03827 -0.60000
v -2.80685 -2.05556 -0.60000
v -2.81929 -2.07071 -0.60000
v -2.83444 -2.08315 -0.60000
v -2.85173 -2.09239 -0.60000
v -2.87049 -2.09808 -0.60000
v -2.89000 -2.10000 -0.60000
v -2.90951 -2.09808 -0.60000
v -2.92827 -2.09239 -0.60000
v -2.94556 -2.08315 -0.60000
v -2.96071 -2.07071 -0.60000
v -2.97315 -2.05556 -0.60000
v -2.98239 -2.03827 -0.60000
v -2.98808 -2.01951 -0.60000
v -2.65130 -2.06396 -0.47926
v -2.65955 -2.06175 -0.50740
v -2.67599 -2.12356 -0.47926
v -2.67294 -2.05816 -0.53334
v -2.68338 -2.11929 -0.50740
v -2.69096 -2.05333 -0.55607
v -2.71526 -2.17474 -0.47926
v -2.69539 -2.11236 -0.53334
v -2.71291 -2.04745 -0.57472
v -2.72130 -2.16870 -0.50740
v -2.71154 -2.10303 -0.55607
v -2.76644 -2.21401 -0.47926
v -2.73796 -2.04074 -0.58858
v -2.73110 -2.15890 -0.53334
v -2.73123 -2.09167 -0.57472
v -2.77071 -2.20662 -0.50740
v -2.76514 -2.03346 -0.59712
v -2.74429 -2.14571 -0.55607
v -2.82604 -2.23870 -0.47926
v -2.75369 -2.07870 -0.58858
v -2.77764 -2.19461 -0.53334
v -2.76036 -2.12964 -0.57472
v -2.82825 -2.23045 -0.50740
v -2.77805 -2.06463 -0.59712
v -2.78697 -2.17846 -0.55607
v -2.89000 -2.24712 -0.47926
v -2.77870 -2.11130 -0.58858
v -2.83184 -2.21706 -0.53334
v -2.79833 -2.15877 -0.57472
v -2.89000 -2.23858 -0.50740
v -2.79860 -2.09140 -0.59712
v -2.83667 -2.19904 -0.55607
v -2.95396 -2.23870 -0.47926
v -2.81130 -2.13631 -0.58858
v -2.89000 -2.22472 -0.53334
v -2.84255 -2.17709 -0.57472
v -2.95175 -2.23045 -0.50740
v -2.82537 -2.11195 -0.59712
v -2.89000 -2.20607 -0.55607
v -3.01356 -2.21401 -0.47926
v -2.84926 -2.15204 -0.58858
v -2.94816 -2.21706 -0.53334
v -2.89000 -2.18334 -0.57472
v -3.00929 -2.20662 -0.50740
v -2.85654 -2.12486 -0.59712
v -2.94333 -2.19904 -0.55607
v -3.06474 -2.17474 -0.47926
v -2.89000 -2.15740 -0.58858
v -3.00236 -2.19461 -0.53334
v -2.93745 -2.17709 -0.57472
v -3.05870 -2.16870 -0.50740
v -2.89000 -2.12926 -0.59712
v -2.99303 -2.17846 -0.55607
v -3.10401 -2.12356 -0.47926
v -2.93074 -2.15204 -0.58858
v -3.04890 -2.15890 -0.53334
v -2.98167 -2.15877 -0.57472
v -3.09662 -2.11929 -0.50740
v -2.92346 -2.12486 -0.59712
v -3.03571 -2.14571 -0.55607
v -3.12870 -2.06396 -0.47926
v -2.96870 -2.13631 -0.58858
v -3.08461 -2.11236 -0.53334
v -3.01964 -2.12964 -0.57472
v -3.12045 -2.06175 -0.50740
v -2.95463 -2.11195 -0.59712
v -3.06846 -2.10303 -0.55607
v -3.00130 -2.11130 -0.58858
v -3.10706 -2.05816 -0.53334
v -3.04877 -2.09167 -0.57472
v -2.98140 -2.09140 -0.59712
v -3.08904 -2.05333 -0.55607
v -3.02631 -2.07870 -0.58858
v -3.06709 -2.04745 -0.57472
v -3.00195 -2.06463 -0.59712
v -3.04204 -2.04074 -0.58858
v -3.01486 -2.03346 -0.59712
v 3.14000 -2.00000 -0.45000
v 3.13712 -2.00000 -0.47926
v 3.12858 -2.00000 -0.50740
v 3.11472 -2.00000 -0.53334
v 3.09607 -2.00000 -0.55607
v 3.07334 -2.00000 -0.57472
v 3.04740 -2.00000 -0.58858
v 3.01926 -2.00000 -0.59712
v 2.99000 -2.00000 -0.60000
v 2.64000 -2.00000 -0.45000
v 2.64480 -2.04877 -0.45000
v 2.65903 -2.09567 -0.45000
v 2.68213 -2.13889 -0.45000
v 2.71322 -2.17678 -0.45000
v 2.75111 -2.20787 -0.45000
v 2.79433 -2.23097 -0.45000
v 2.84123 -2.24520 -0.45000
v 2.89000 -2.25000 -0.45000
v 2.93877 -2.24520 -0.45000
v 2.98567 -2.23097 -0.45000
v 3.02889 -2.20787 -0.45000
v 3.06678 -2.17678 -0.45000
v 3.09787 -2.13889 -0.45000
v 3.12097 -2.09567 -0.45000
v 3.13520 -2.04877 -0.45000
v 2.64288 -2.00000 -0.47926
v 2.65142 -2.00000 -0.50740
v 2.66528 -2.00000 -0.53334
v 2.68393 -2.00000 -0.55607
v 2.70666 -2.00000 -0.57472
v 2.73260 -2.00000 -0.58858
v 2.76074 -2.00000 -0.59712
v 2.79000 -2.00000 -0.60000
v 2.98808 -2.01951 -0.60000
v 2.98239 -2.03827 -0.60000
v 2.97315 -2.05556 -0.60000
v 2.96071 -2.07071 -0.60000
v 2.94556 -2.08315 -0.60000
v 2.92827 -2.09239 -0.60000
v 2.90951 -2.09808 -0.60000
v 2.89000 -2.10000 -0.60000
v 2.87049 -2.09808 -0.60000
v 2.85173 -2.09239 -0.60000
v 2.83444 -2.08315 -0.60000
v 2.81929 -2.07071 -0.60000
v 2.80685 -2.05556 -0.60000
v 2.79761 -2.03827 -0.60000
v 2.79192 -2.01951 -0.60000
v 3.12870 -2.06396 -0.47926
v 3.12045 -2.06175 -0.50740
v 3.10401 -2.12356 -0.47926
v 3.10706 -2.05816 -0.53334
v 3.09662 -2.11929 -0.50740
v 3.08904 -2.05333 -0.55607
v 3.06474 -2.17474 -0.47926
v 3.08461 -2.11236 -0.53334
v 3.06709 -2.04745 -0.57472
v 3.05870 -2.16870 -0.50740
v 3.06846 -2.10303 -0.55607
v 3.01356 -2.21401 -0.47926
v 3.04204 -2.04074 -0.58858
v 3.04890 -2.15890 -0.53334
v 3.04877 -2.09167 -0.57472
v 3.00929 -2.20662 -0.50740
v 3.01486 -2.03346 -0.59712
v 3.03571 -2.14571 -0.55607
v 2.95396 -2.23870 -0.47926
v 3.02631 -2.07870 -0.58858
v 3.00236 -2.19461 -0.53334
v 3.01964 -2.12964 -0.57472
v 2.95175 -2.23045 -0.50740
v 3.00195 -2.06463 -0.59712
v 2.99303 -2.17846 -0.55607
v 2.89000 -2.24712 -0.47926
v 3.00130 -2.11130 -0.58858
v 2.94816 -2.21706 -0.53334
v 2.98167 -2.15877 -0.57472
v 2.89000 -2.23858 -0.50740
v 2.98140 -2.09140 -0.59712
v 2.94333 -2.19904 -0.55607
v 2.82604 -2.23870 -0.47926
v 2.96870 -2.13631 -0.58858
v 2.89000 -2.22472 -0.53334
v 2.93745 -2.17709 -0.57472
v 2.82825 -2.23045 -0.50740
v 2.95463 -2.11195 -0.59712
v 2.89000 -2.20607 -0.55607
v 2.76644 -2.21401 -0.47926
v 2.93074 -2.15204 -0.58858
v 2.83184 -2.21706 -0.53334
v 2.89000 -2.18334 -0.57472
v 2.77071 -2.20662 -0.50740
v 2.92346 -2.12486 -0.59712
v 2.83667 -2.19904 -0.55607
v 2.71526 -2.17474 -0.47926
v 2.89000 -2.15740 -0.58858
v 2.77764 -2.19461 -0.53334
v 2.84255 -2.17709 -0.57472
v 2.72130 -2.16870 -0.50740
v 2.89000 -2.12926 -0.59712
v 2.78697 -2.17846 -0.55607
v 2.67599 -2.12356 -0.47926
v 2.84926 -2.15204 -0.58858
v 2.73110 -2.15890 -0.53334
v 2.79833 -2.15877 -0.57472
v 2.68338 -2.11929 -0.50740
v 2.85654 -2.12486 -0.59712
v 2.74429 -2.14571 -0.55607
v 2.65130 -2.06396 -0.47926
v 2.81130 -2.13631 -0.58858
v 2.69539 -2.11236 -0.53334
v 2.76036 -2.12964 -0.57472
v 2.65955 -2.06175 -0.50740
v 2.82537 -2.11195 -0.59712
v 2.71154 -2.10303 -0.55607
v 2.77870 -2.11130 -0.58858
v 2.67294 -2.05816 -0.53334
v 2.73123 -2.09167 -0.57472
v 2.79860 -2.09140 -0.59712
v 2.69096 -2.05333 -0.55607
v 2.75369 -2.07870 -0.58858
v 2.71291 -2.04745 -0.57472
v 2.77805 -2.06463 -0.59712
v 2.73796 -2.04074 -0.58858
v 2.76514 -2.03346 -0.59712
v -3.47000 -3.05000 0.05000
v -3.47000 -3.05000 0.20000
v -3.47000 -2.55000 0.20000
v -3.47000 -2.55000 0.05000
v 3.47000 -3.05000 0.20000
v 3.47000 -3.05000 0.05000
v 3.47000 -2.55000 0.05000
v 3.47000 -2.55000 0.20000
v -3.47000 -2.55000 0.20000
v -3.47000 -2.55000 0.05000
v 3.47000 -2.55000 0.20000
v 3.47000 -2.55000 0.05000
v 3.02500 -3.05000 0.20000
v 3.42500 -3.05000 0.20000
v 3.02500 -3.65000 0.20000
v 3.42500 -3.65000 0.20000
v 3.02500 -3.65000 0.20000
v 3.02500 -3.05000 0.20000
v 3.02500 -3.65000 -0.00000
v 3.02500 -2.80000 -0.00000
v 3.02500 -2.60000 0.20000
v 3.02500 -2.60384 0.16098
v 3.02500 -2.61522 0.12346
v 3.02500 -2.63371 0.08889
v 3.02500 -2.65858 0.05858
v 3.02500 -2.68889 0.03371
v 3.02500 -2.72346 0.01522
v 3.02500 -2.76098 0.00384
v 3.42500 -3.65000 -0.00000
v 3.42500 -3.65000 0.20000
v 3.42500 -3.05000 0.20000
v 3.42500 -2.60000 0.20000
v 3.42500 -2.80000 -0.00000
v 3.42500 -2.76098 0.00384
v 3.42500 -2.72346 0.01522
v 3.42500 -2.68889 0.03371
v 3.42500 -2.65858 0.05858
v 3.42500 -2.63371 0.08889
v 3.42500 -2.61522 0.12346
v 3.42500 -2.60384 0.16098
v 3.42500 -3.65000 -0.00000
v 3.42500 -3.65000 0.20000
v 3.02500 -3.65000 -0.00000
v 3.02500 -3.65000 0.20000
v 3.42500 -3.65000 -0.00000
v 3.02500 -3.65000 -0.00000
v 3.42500 -2.80000 -0.00000
v 3.02500 -2.80000 -0.00000
v 2.65000 -3.65000 0.20000
v 2.25000 -3.65000 0.20000
v 2.25000 -3.05000 0.20000
v 2.65000 -3.05000 0.20000
v 2.65000 -3.65000 -0.00000
v 2.65000 -3.65000 0.20000
v 2.65000 -3.05000 0.20000
v 2.65000 -2.60000 0.20000
v 2.65000 -2.80000 -0.00000
v 2.65000 -2.76098 0.00384
v 2.65000 -2.72346 0.01522
v 2.65000 -2.68889 0.03371
v 2.65000 -2.65858 0.05858
v 2.65000 -2.63371 0.08889
v 2.65000 -2.61522 0.12346
v 2.65000 -2.60384 0.16098
v 2.65000 -3.65000 -0.00000
v 2.65000 -3.65000 0.20000
v 2.25000 -3.65000 -0.00000
v 2.25000 -3.65000 0.20000
v 2.25000 -3.65000 0.20000
v 2.25000 -3.05000 0.20000
v 2.25000 -3.65000 -0.00000
v 2.25000 -2.80000 -0.00000
v 2.25000 -2.60000 0.20000
v 2.25000 -2.60384 0.16098
v 2.25000 -2.61522 0.12346
v 2.25000 -2.63371 0.08889
v 2.25000 -2.65858 0.05858
v 2.25000 -2.68889 0.03371
v 2.25000 -2.72346 0.01522
v 2.25000 -2.76098 0.00384
v 2.25000 -3.65000 -0.00000
v 2.25000 -2.80000 -0.00000
v 2.65000 -2.80000 -0.00000
v 2.65000 -3.65000 -0.00000
v 0.15000 -3.05000 0.20000
v 0.35000 -3.05000 0.20000
v 0.15000 -3.65000 0.20000
v 0.35000 -3.65000 0.20000
v 0.35000 -3.65000 -0.00000
v 0.35000 -3.65000 0.20000
v 0.35000 -3.05000 0.20000
v 0.35000 -2.60000 0.20000
v 0.35000 -2.80000 -0.00000
v 0.35000 -2.76098 0.00384
v 0.35000 -2.72346 0.01522
v 0.35000 -2.68889 0.03371
v 0.35000 -2.65858 0.05858
v 0.35000 -2.63371 0.08889
v 0.35000 -2.61522 0.12346
v 0.35000 -2.60384 0.16098
v 0.35000 -3.65000 -0.00000
v 0.35000 -3.65000 0.20000
v 0.15000 -3.65000 -0.00000
v 0.15000 -3.65000 0.20000
v 0.15000 -3.65000 0.20000
v 0.15000 -3.05000 0.20000
v 0.15000 -3.65000 -0.00000
v 0.15000 -2.80000 -0.00000
v 0.15000 -2.60000 0.20000
v 0.15000 -2.60384 0.16098
v 0.15000 -2.61522 0.12346
v 0.15000 -2.63371 0.08889
v 0.15000 -2.65858 0.05858
v 0.15000 -2.68889 0.03371
v 0.15000 -2.72346 0.01522
v 0.15000 -2.76098 0.00384
v 0.35000 -3.65000 -0.00000
v 0.15000 -3.65000 -0.00000
v 0.35000 -2.80000 -0.00000
v 0.15000 -2.80000 -0.00000
v 0.65000 -3.05000 0.20000
v 0.85000 -3.05000 0.20000
v 0.65000 -3.65000 0.20000
v 0.85000 -3.65000 0.20000
v 0.85000 -3.65000 -0.00000
v 0.85000 -3.65000 0.20000
v 0.85000 -3.05000 0.20000
v 0.85000 -2.60000 0.20000
v 0.85000 -2.80000 -0.00000
v 0.85000 -2.76098 0.00384
v 0.85000 -2.72346 0.01522
v 0.85000 -2.68889 0.03371
v 0.85000 -2.65858 0.05858
v 0.85000 -2.63371 0.08889
v 0.85000 -2.61522 0.12346
v 0.85000 -2.60384 0.16098
v 0.85000 -3.65000 -0.00000
v 0.85000 -3.65000 0.20000
v 0.65000 -3.65000 -0.00000
v 0.65000 -3.65000 0.20000
v 0.65000 -3.65000 0.20000
v 0.65000 -3.05000 0.20000
v 0.65000 -3.65000 -0.00000
v 0.65000 -2.80000 -0.00000
v 0.65000 -2.60000 0.20000
v 0.65000 -2.60384 0.16098
v 0.65000 -2.61522 0.12346
v 0.65000 -2.63371 0.08889
v 0.65000 -2.65858 0.05858
v 0.65000 -2.68889 0.03371
v 0.65000 -2.72346 0.01522
v 0.65000 -2.76098 0.00384
v 0.85000 -3.65000 -0.00000
v 0.65000 -3.65000 -0.00000
v 0.85000 -2.80000 -0.00000
v 0.65000 -2.80000 -0.00000
v 1.15000 -3.05000 0.20000
v 1.35000 -3.05000 0.20000
v 1.15000 -3.65000 0.20000
v 1.35000 -3.65000 0.20000
v 1.35000 -3.65000 -0.00000
v 1.35000 -3.65000 0.20000
v 1.35000 -3.05000 0.20000
v 1.35000 -2.60000 0.20000
v 1.35000 -2.80000 -0.00000
v 1.35000 -2.76098 0.00384
v 1.35000 -2.72346 0.01522
v 1.35000 -2.68889 0.03371
v 1.35000 -2.65858 0.05858
v 1.35000 -2.63371 0.08889
v 1.35000 -2.61522 0.12346
v 1.35000 -2.60384 0.16098
v 1.35000 -3.65000 -0.00000
v 1.35000 -3.65000 0.20000
v 1.15000 -3.65000 -0.00000
v 1.15000 -3.65000 0.20000
v 1.15000 -3.65000 0.20000
v 1.15000 -3.05000 0.20000
v 1.15000 -3.65000 -0.00000
v 1.15000 -2.80000 -0.00000
v 1.15000 -2.60000 0.20000
v 1.15000 -2.60384 0.16098
v 1.15000 -2.61522 0.12346
v 1.15000 -2.63371 0.08889
v 1.15000 -2.65858 0.05858
v 1.15000 -2.68889 0.03371
v 1.15000 -2.72346 0.01522
v 1.15000 -2.76098 0.00384
v 1.35000 -3.65000 -0.00000
v 1.15000 -3.65000 -0.00000
v 1.35000 -2.80000 -0.00000
v 1.15000 -2.80000 -0.00000
v 1.65000 -3.05000 0.20000
v 1.85000 -3.05000 0.20000
v 1.65000 -3.65000 0.20000
v 1.85000 -3.65000 0.20000
v 1.85000 -3.65000 -0.00000
v 1.85000 -3.65000 0.20000
v 1.85000 -3.05000 0.20000
v 1.85000 -2.60000 0.20000
v 1.85000 -2.80000 -0.00000
v 1.85000 -2.76098 0.00384
v 1.85000 -2.72346 0.01522
v 1.85000 -2.68889 0.03371
v 1.85000 -2.65858 0.05858
v 1.85000 -2.63371 0.08889
v 1.85000 -2.61522 0.12346
v 1.85000 -2.60384 0.16098
v 1.85000 -3.65000 -0.00000
v 1.85000 -3.65000 0.20000
v 1.65000 -3.65000 -0.00000
v 1.65000 -3.65000 0.20000
v 1.65000 -3.65000 0.20000
v 1.65000 -3.05000 0.20000
v 1.65000 -3.65000 -0.00000
v 1.65000 -2.80000 -0.00000
v 1.65000 -2.60000 0.20000
v 1.65000 -2.60384 0.16098
v 1.65000 -2.61522 0.12346
v 1.65000 -2.63371 0.08889
v 1.65000 -2.65858 0.05858
v 1.65000 -2.68889 0.03371
v 1.65000 -2.72346 0.01522
v 1.65000 -2.76098 0.00384
v 1.85000 -3.65000 -0.00000
v 1.65000 -3.65000 -0.00000
v 1.85000 -2.80000 -0.00000
v 1.65000 -2.80000 -0.00000
v -1.65000 -3.65000 0.20000
v -1.85000 -3.65000 0.20000
v -1.85000 -3.05000 0.20000
v -1.65000 -3.05000 0.20000
v -1.65000 -3.65000 -0.00000
v -1.65000 -3.65000 0.20000
v -1.65000 -3.05000 0.20000
v -1.65000 -2.60000 0.20000
v -1.65000 -2.80000 -0.00000
v -1.65000 -2.76098 0.00384
v -1.65000 -2.72346 0.01522
v -1.65000 -2.68889 0.03371
v -1.65000 -2.65858 0.05858
v -1.65000 -2.63371 0.08889
v -1.65000 -2.61522 0.12346
v -1.65000 -2.60384 0.16098
v -1.65000 -3.65000 -0.00000
v -1.65000 -3.65000 0.20000
v -1.85000 -3.65000 -0.00000
v -1.85000 -3.65000 0.20000
v -1.85000 -3.65000 0.20000
v -1.85000 -3.05000 0.20000
v -1.85000 -3.65000 -0.00000
v -1.85000 -2.80000 -0.00000
v -1.85000 -2.60000 0.20000
v -1.85000 -2.60384 0.16098
v -1.85000 -2.61522 0.12346
v -1.85000 -2.63371 0.08889
v -1.85000 -2.65858 0.05858
v -1.85000 -2.68889 0.03371
v -1.85000 -2.72346 0.01522
v -1.85000 -2.76098 0.00384
v -1.85000 -3.65000 -0.00000
v -1.85000 -2.80000 -0.00000
v -1.65000 -2.80000 -0.00000
v -1.65000 -3.65000 -0.00000
v -1.15000 -3.65000 0.20000
v -1.35000 -3.65000 0.20000
v -1.35000 -3.05000 0.20000
v -1.15000 -3.05000 0.20000
v -1.15000 -3.65000 -0.00000
v -1.15000 -3.65000 0.20000
v -1.15000 -3.05000 0.20000
v -1.15000 -2.60000 0.20000
v -1.15000 -2.80000 -0.00000
v -1.15000 -2.76098 0.00384
v -1.15000 -2.72346 0.01522
v -1.15000 -2.68889 0.03371
v -1.15000 -2.65858 0.05858
v -1.15000 -2.63371 0.08889
v -1.15000 -2.61522 0.12346
v -1.15000 -2.60384 0.16098
v -1.15000 -3.65000 -0.00000
v -1.15000 -3.65000 0.20000
v -1.35000 -3.65000 -0.00000
v -1.35000 -3.65000 0.20000
v -1.35000 -3.65000 0.20000
v -1.35000 -3.05000 0.20000
v -1.35000 -3.65000 -0.00000
v -1.35000 -2.80000 -0.00000
v -1.35000 -2.60000 0.20000
v -1.35000 -2.60384 0.16098
v -1.35000 -2.61522 0.12346
v -1.35000 -2.63371 0.08889
v -1.35000 -2.65858 0.05858
v -1.35000 -2.68889 0.03371
v -1.35000 -2.72346 0.01522
v -1.35000 -2.76098 0.00384
v -1.35000 -3.65000 -0.00000
v -1.35000 -2.80000 -0.00000
v -1.15000 -2.80000 -0.00000
v -1.15000 -3.65000 -0.00000
v -0.65000 -3.65000 0.20000
v -0.85000 -3.65000 0.20000
v -0.85000 -3.05000 0.20000
v -0.65000 -3.05000 0.20000
v -0.65000 -3.65000 -0.00000
v -0.65000 -3.65000 0.20000
v -0.65000 -3.05000 0.20000
v -0.65000 -2.60000 0.20000
v -0.65000 -2.80000 -0.00000
v -0.65000 -2.76098 0.00384
v -0.65000 -2.72346 0.01522
v -0.65000 -2.68889 0.03371
v -0.65000 -2.65858 0.05858
v -0.65000 -2.63371 0.08889
v -0.65000 -2.61522 0.12346
v -0.65000 -2.60384 0.16098
v -0.65000 -3.65000 -0.00000
v -0.65000 -3.65000 0.20000
v -0.85000 -3.65000 -0.00000
v -0.85000 -3.65000 0.20000
v -0.85000 -3.65000 0.20000
v -0.85000 -3.05000 0.20000
v -0.85000 -3.65000 -0.00000
v -0.85000 -2.80000 -0.00000
v -0.85000 -2.60000 0.20000
v -0.85000 -2.60384 0.16098
v -0.85000 -2.61522 0.12346
v -0.85000 -2.63371 0.08889
v -0.85000 -2.65858 0.05858
v -0.85000 -2.68889 0.03371
v -0.85000 -2.72346 0.01522
v -0.85000 -2.76098 0.00384
v -0.85000 -3.65000 -0.00000
v -0.85000 -2.80000 -0.00000
v -0.65000 -2.80000 -0.00000
v -0.65000 -3.65000 -0.00000
v -0.15000 -3.65000 0.20000
v -0.35000 -3.65000 0.20000
v -0.35000 -3.05000 0.20000
v -0.15000 -3.05000 0.20000
v -0.15000 -3.65000 -0.00000
v -0.15000 -3.65000 0.20000
v -0.15000 -3.05000 0.20000
v -0.15000 -2.60000 0.20000
v -0.15000 -2.80000 -0.00000
v -0.15000 -2.76098 0.00384
v -0.15000 -2.72346 0.01522
v -0.15000 -2.68889 0.03371
v -0.15000 -2.65858 0.05858
v -0.15000 -2.63371 0.08889
v -0.15000 -2.61522 0.12346
v -0.15000 -2.60384 0.16098
v -0.15000 -3.65000 -0.00000
v -0.15000 -3.65000 0.20000
v -0.35000 -3.65000 -0.00000
v -0.35000 -3.65000 0.20000
v -0.35000 -3.65000 0.20000
v -0.35000 -3.05000 0.20000
v -0.35000 -3.65000 -0.00000
v -0.35000 -2.80000 -0.00000
v -0.35000 -2.60000 0.20000
v -0.35000 -2.60384 0.16098
v -0.35000 -2.61522 0.12346
v -0.35000 -2.63371 0.08889
v -0.35000 -2.65858 0.05858
v -0.35000 -2.68889 0.03371
v -0.35000 -2.72346 0.01522
v -0.35000 -2.76098 0.00384
v -0.35000 -3.65000 -0.00000
v -0.35000 -2.80000 -0.00000
v -0.15000 -2.80000 -0.00000
v -0.15000 -3.65000 -0.00000
v -2.65000 -3.05000 0.20000
v -2.25000 -3.05000 0.20000
v -2.65000 -3.65000 0.20000
v -2.25000 -3.65000 0.20000
v -2.25000 -3.65000 -0.00000
v -2.25000 -3.65000 0.20000
v -2.25000 -3.05000 0.20000
v -2.25000 -2.60000 0.20000
v -2.25000 -2.80000 -0.00000
v -2.25000 -2.76098 0.00384
v -2.25000 -2.72346 0.01522
v -2.25000 -2.68889 0.03371
v -2.25000 -2.65858 0.05858
v -2.25000 -2.63371 0.08889
v -2.25000 -2.61522 0.12346
v -2.25000 -2.60384 0.16098
v -2.25000 -3.65000 -0.00000
v -2.25000 -3.65000 0.20000
v -2.65000 -3.65000 -0.00000
v -2.65000 -3.65000 0.20000
v -2.65000 -3.65000 0.20000
v -2.65000 -3.05000 0.20000
v -2.65000 -3.65000 -0.00000
v -2.65000 -2.80000 -0.00000
v -2.65000 -2.60000 0.20000
v -2.65000 -2.60384 0.16098
v -2.65000 -2.61522 0.12346
v -2.65000 -2.63371 0.08889
v -2.65000 -2.65858 0.05858
v -2.65000 -2.68889 0.03371
v -2.65000 -2.72346 0.01522
v -2.65000 -2.76098 0.00384
v -2.25000 -3.65000 -0.00000
v -2.65000 -3.65000 -0.00000
v -2.25000 -2.80000 -0.00000
v -2.65000 -2.80000 -0.00000
v -3.02500 -3.65000 0.20000
v -3.42500 -3.65000 0.20000
v -3.42500 -3.05000 0.20000
v -3.02500 -3.05000 0.20000
v -3.42500 -3.65000 0.20000
v -3.42500 -3.05000 0.20000
v -3.42500 -3.65000 -0.00000
v -3.42500 -2.80000 -0.00000
v -3.42500 -2.60000 0.20000
v -3.42500 -2.60384 0.16098
v -3.42500 -2.61522 0.12346
v -3.42500 -2.63371 0.08889
v -3.42500 -2.65858 0.05858
v -3.42500 -2.68889 0.03371
v -3.42500 -2.72346 0.01522
v -3.42500 -2.76098 0.00384
v -3.02500 -3.65000 -0.00000
v -3.02500 -3.65000 0.20000
v -3.02500 -3.05000 0.20000
v -3.02500 -2.60000 0.20000
v -3.02500 -2.80000 -0.00000
v -3.02500 -2.76098 0.00384
v -3.02500 -2.72346 0.01522
v -3.02500 -2.68889 0.03371
v -3.02500 -2.65858 0.05858
v -3.02500 -2.63371 0.08889
v -3.02500 -2.61522 0.12346
v -3.02500 -2.60384 0.16098
v -3.02500 -3.65000 -0.00000
v -3.02500 -3.65000 0.20000
v -3.42500 -3.65000 -0.00000
v -3.42500 -3.65000 0.20000
v -3.42500 -3.65000 -0.00000
v -3.42500 -2.80000 -0.00000
v -3.02500 -2.80000 -0.00000
v -3.02500 -3.65000 -0.00000
v -3.42500 -2.60000 0.20000
v -3.42500 -2.60384 0.16098
v -3.42500 -2.61522 0.12346
v -3.42500 -2.63371 0.08889
v -3.42500 -2.65858 0.05858
v -3.42500 -2.68889 0.03371
v -3.42500 -2.72346 0.01522
v -3.42500 -2.76098 0.00384
v -3.42500 -2.80000 -0.00000
v -3.02500 -2.60000 0.20000
v -3.02500 -2.80000 -0.00000
v -3.02500 -2.76098 0.00384
v -3.02500 -2.72346 0.01522
v -3.02500 -2.68889 0.03371
v -3.02500 -2.65858 0.05858
v -3.02500 -2.63371 0.08889
v -3.02500 -2.61522 0.12346
v -3.02500 -2.60384 0.16098
v -2.65000 -2.60000 0.20000
v -2.65000 -2.60384 0.16098
v -2.65000 -2.61522 0.12346
v -2.65000 -2.63371 0.08889
v -2.65000 -2.65858 0.05858
v -2.65000 -2.68889 0.03371
v -2.65000 -2.72346 0.01522
v -2.65000 -2.76098 0.00384
v -2.65000 -2.80000 -0.00000
v -2.25000 -2.60000 0.20000
v -2.25000 -2.80000 -0.00000
v -2.25000 -2.76098 0.00384
v -2.25000 -2.72346 0.01522
v -2.25000 -2.68889 0.03371
v -2.25000 -2.65858 0.05858
v -2.25000 -2.63371 0.08889
v -2.25000 -2.61522 0.12346
v -2.25000 -2.60384 0.16098
v -1.85000 -2.60000 0.20000
v -1.85000 -2.60384 0.16098
v -1.85000 -2.61522 0.12346
v -1.85000 -2.63371 0.08889
v -1.85000 -2.65858 0.05858
v -1.85000 -2.68889 0.03371
v -1.85000 -2.72346 0.01522
v -1.85000 -2.76098 0.00384
v -1.85000 -2.80000 -0.00000
v -1.65000 -2.60000 0.20000
v -1.65000 -2.80000 -0.00000
v -1.65000 -2.76098 0.00384
v -1.65000 -2.72346 0.01522
v -1.65000 -2.68889 0.03371
v -1.65000 -2.65858 0.05858
v -1.65000 -2.63371 0.08889
v -1.65000 -2.61522 0.12346
v -1.65000 -2.60384 0.16098
v -1.35000 -2.60000 0.20000
v -1.35000 -2.60384 0.16098
v -1.35000 -2.61522 0.12346
v -1.35000 -2.63371 0.08889
v -1.35000 -2.65858 0.05858
v -1.35000 -2.68889 0.03371
v -1.35000 -2.72346 0.01522
v -1.35000 -2.76098 0.00384
v -1.35000 -2.80000 -0.00000
v -1.15000 -2.60000 0.20000
v -1.15000 -2.80000 -0.00000
v -1.15000 -2.76098 0.00384
v -1.15000 -2.72346 0.01522
v -1.15000 -2.68889 0.03371
v -1.15000 -2.65858 0.05858
v -1.15000 -2.63371 0.08889
v -1.15000 -2.61522 0.12346
v -1.15000 -2.60384 0.16098
v -0.85000 -2.60000 0.20000
v -0.85000 -2.60384 0.16098
v -0.85000 -2.61522 0.12346
v -0.85000 -2.63371 0.08889
v -0.85000 -2.65858 0.05858
v -0.85000 -2.68889 0.03371
v -0.85000 -2.72346 0.01522
v -0.85000 -2.76098 0.00384
v -0.85000 -2.80000 -0.00000
v -0.65000 -2.60000 0.20000
v -0.65000 -2.80000 -0.00000
v -0.65000 -2.76098 0.00384
v -0.65000 -2.72346 0.01522
v -0.65000 -2.68889 0.03371
v -0.65000 -2.65858 0.05858
v -0.65000 -2.63371 0.08889
v -0.65000 -2.61522 0.12346
v -0.65000 -2.60384 0.16098
v -0.35000 -2.60000 0.20000
v -0.35000 -2.60384 0.16098
v -0.35000 -2.61522 0.12346
v -0.35000 -2.63371 0.08889
v -0.35000 -2.65858 0.05858
v -0.35000 -2.68889 0.03371
v -0.35000 -2.72346 0.01522
v -0.35000 -2.76098 0.00384
v -0.35000 -2.80000 -0.00000
v -0.15000 -2.60000 0.20000
v -0.15000 -2.80000 -0.00000
v -0.15000 -2.76098 0.00384
v -0.15000 -2.72346 0.01522
v -0.15000 -2.68889 0.03371
v -0.15000 -2.65858 0.05858
v -0.15000 -2.63371 0.08889
v -0.15000 -2.61522 0.12346
v -0.15000 -2.60384 0.16098
v 0.15000 -2.60000 0.20000
v 0.15000 -2.60384 0.16098
v 0.15000 -2.61522 0.12346
v 0.15000 -2.63371 0.08889
v 0.15000 -2.65858 0.05858
v 0.15000 -2.68889 0.03371
v 0.15000 -2.72346 0.01522
v 0.15000 -2.76098 0.00384
v 0.15000 -2.80000 -0.00000
v 0.35000 -2.60000 0.20000
v 0.35000 -2.80000 -0.00000
v 0.35000 -2.76098 0.00384
v 0.35000 -2.72346 0.01522
v 0.35000 -2.68889 0.03371
v 0.35000 -2.65858 0.05858
v 0.35000 -2.63371 0.08889
v 0.35000 -2.61522 0.12346
v 0.35000 -2.60384 0.16098
v 0.65000 -2.60000 0.20000
v 0.65000 -2.60384 0.16098
v 0.65000 -2.61522 0.12346
v 0.65000 -2.63371 0.08889
v 0.65000 -2.65858 0.05858
v 0.65000 -2.68889 0.03371
v 0.65000 -2.72346 0.01522
v 0.65000 -2.76098 0.00384
v 0.65000 -2.80000 -0.00000
v 0.85000 -2.60000 0.20000
v 0.85000 -2.80000 -0.00000
v 0.85000 -2.76098 0.00384
v 0.85000 -2.72346 0.01522
v 0.85000 -2.68889 0.03371
v 0.85000 -2.65858 0.05858
v 0.85000 -2.63371 0.08889
v 0.85000 -2.61522 0.12346
v 0.85000 -2.60384 0.16098
v 1.15000 -2.60000 0.20000
v 1.15000 -2.60384 0.16098
v 1.15000 -2.61522 0.12346
v 1.15000 -2.63371 0.08889
v 1.15000 -2.65858 0.05858
v 1.15000 -2.68889 0.03371
v 1.15000 -2.72346 0.01522
v 1.15000 -2.76098 0.00384
v 1.15000 -2.80000 -0.00000
v 1.35000 -2.60000 0.20000
v 1.35000 -2.80000 -0.00000
v 1.35000 -2.76098 0.00384
v 1.35000 -2.72346 0.01522
v 1.35000 -2.68889 0.03371
v 1.35000 -2.65858 0.05858
v 1.35000 -2.63371 0.08889
v 1.35000 -2.61522 0.12346
v 1.35000 -2.60384 0.16098
v 1.65000 -2.60000 0.20000
v 1.65000 -2.60384 0.16098
v 1.65000 -2.61522 0.12346
v 1.65000 -2.63371 0.08889
v 1.65000 -2.65858 0.05858
v 1.65000 -2.68889 0.03371
v 1.65000 -2.72346 0.01522
v 1.65000 -2.76098 0.00384
v 1.65000 -2.80000 -0.00000
v 1.85000 -2.60000 0.20000
v 1.85000 -2.80000 -0.00000
v 1.85000 -2.76098 0.00384
v 1.85000 -2.72346 0.01522
v 1.85000 -2.68889 0.03371
v 1.85000 -2.65858 0.05858
v 1.85000 -2.63371 0.08889
v 1.85000 -2.61522 0.12346
v 1.85000 -2.60384 0.16098
v 2.25000 -2.60000 0.20000
v 2.25000 -2.60384 0.16098
v 2.25000 -2.61522 0.12346
v 2.25000 -2.63371 0.08889
v 2.25000 -2.65858 0.05858
v 2.25000 -2.68889 0.03371
v 2.25000 -2.72346 0.01522
v 2.25000 -2.76098 0.00384
v 2.25000 -2.80000 -0.00000
v 2.65000 -2.60000 0.20000
v 2.65000 -2.80000 -0.00000
v 2.65000 -2.76098 0.00384
v 2.65000 -2.72346 0.01522
v 2.65000 -2.68889 0.03371
v 2.65000 -2.65858 0.05858
v 2.65000 -2.63371 0.08889
v 2.65000 -2.61522 0.12346
v 2.65000 -2.60384 0.16098
v 3.02500 -2.60000 0.20000
v 3.02500 -2.60384 0.16098
v 3.02500 -2.61522 0.12346
v 3.02500 -2.63371 0.08889
v 3.02500 -2.65858 0.05858
v 3.02500 -2.68889 0.03371
v 3.02500 -2.72346 0.01522
v 3.02500 -2.76098 0.00384
v 3.02500 -2.80000 -0.00000
v 3.42500 -2.60000 0.20000
v 3.42500 -2.80000 -0.00000
v 3.42500 -2.76098 0.00384
v 3.42500 -2.72346 0.01522
v 3.42500 -2.68889 0.03371
v 3.42500 -2.65858 0.05858
v 3.42500 -2.63371 0.08889
v 3.42500 -2.61522 0.12346
v 3.42500 -2.60384 0.16098
v -2.20000 1.00219 1.96000
v -2.20000 1.00219 1.95000
v -2.20000 3.50219 1.96000
v -2.20000 3.50219 1.95000
v -2.20000 3.50219 1.96000
v -2.20000 3.50219 1.95000
v -2.80000 3.50219 1.96000
v -2.80000 3.50219 1.95000
v -2.80000 3.50219 1.96000
v -2.80000 3.50219 1.95000
v -2.80000 1.00219 1.96000
v -2.80000 1.00219 1.95000
v -2.80000 1.00219 1.96000
v -2.80000 1.00219 1.95000
v -2.20000 1.00219 1.96000
v -2.20000 1.00219 1.95000
v -2.20000 1.00219 1.96000
v -2.20000 3.50219 1.96000
v -2.80000 3.50219 1.96000
v -2.80000 1.00219 1.96000
v -0.12500 1.00219 1.96000
v -0.12500 1.00219 1.95000
v -0.12500 3.50219 1.96000
v -0.12500 3.50219 1.95000
v -0.12500 3.50219 1.96000
v -0.12500 3.50219 1.95000
v -0.37500 3.50219 1.96000
v -0.37500 3.50219 1.95000
v -0.37500 3.50219 1.96000
v -0.37500 3.50219 1.95000
v -0.37500 1.00219 1.96000
v -0.37500 1.00219 1.95000
v -0.37500 1.00219 1.96000
v -0.37500 1.00219 1.95000
v -0.12500 1.00219 1.96000
v -0.12500 1.00219 1.95000
v -0.37500 1.00219 1.96000
v -0.12500 1.00219 1.96000
v -0.37500 3.50219 1.96000
v -0.12500 3.50219 1.96000
v 1.37500 1.00219 1.96000
v 1.37500 1.00219 1.95000
v 1.37500 3.50219 1.96000
v 1.37500 3.50219 1.95000
v 1.37500 3.50219 1.96000
v 1.37500 3.50219 1.95000
v 1.12500 3.50219 1.96000
v 1.12500 3.50219 1.95000
v 1.12500 3.50219 1.96000
v 1.12500 3.50219 1.95000
v 1.12500 1.00219 1.96000
v 1.12500 1.00219 1.95000
v 1.12500 1.00219 1.96000
v 1.12500 1.00219 1.95000
v 1.37500 1.00219 1.96000
v 1.37500 1.00219 1.95000
v 1.37500 1.00219 1.96000
v 1.37500 3.50219 1.96000
v 1.12500 3.50219 1.96000
v 1.12500 1.00219 1.96000
v -0.62500 1.00219 1.96000
v -0.62500 1.00219 1.95000
v -0.62500 3.50219 1.96000
v -0.62500 3.50219 1.95000
v -0.62500 3.50219 1.96000
v -0.62500 3.50219 1.95000
v -0.87500 3.50219 1.96000
v -0.87500 3.50219 1.95000
v -0.87500 3.50219 1.96000
v -0.87500 3.50219 1.95000
v -0.87500 1.00219 1.96000
v -0.87500 1.00219 1.95000
v -0.87500 1.00219 1.96000
v -0.87500 1.00219 1.95000
v -0.62500 1.00219 1.96000
v -0.62500 1.00219 1.95000
v -0.87500 1.00219 1.96000
v -0.62500 1.00219 1.96000
v -0.87500 3.50219 1.96000
v -0.62500 3.50219 1.96000
v -1.12500 1.00219 1.96000
v -1.12500 1.00219 1.95000
v -1.12500 3.50219 1.96000
v -1.12500 3.50219 1.95000
v -1.12500 3.50219 1.96000
v -1.12500 3.50219 1.95000
v -1.37500 3.50219 1.96000
v -1.37500 3.50219 1.95000
v -1.37500 3.50219 1.96000
v -1.37500 3.50219 1.95000
v -1.37500 1.00219 1.96000
v -1.37500 1.00219 1.95000
v -1.37500 1.00219 1.96000
v -1.37500 1.00219 1.95000
v -1.12500 1.00219 1.96000
v -1.12500 1.00219 1.95000
v -1.37500 1.00219 1.96000
v -1.12500 1.00219 1.96000
v -1.37500 3.50219 1.96000
v -1.12500 3.50219 1.96000
v 0.87500 1.00219 1.96000
v 0.87500 1.00219 1.95000
v 0.87500 3.50219 1.96000
v 0.87500 3.50219 1.95000
v 0.87500 3.50219 1.96000
v 0.87500 3.50219 1.95000
v 0.62500 3.50219 1.96000
v 0.62500 3.50219 1.95000
v 0.62500 3.50219 1.96000
v 0.62500 3.50219 1.95000
v 0.62500 1.00219 1.96000
v 0.62500 1.00219 1.95000
v 0.62500 1.00219 1.96000
v 0.62500 1.00219 1.95000
v 0.87500 1.00219 1.96000
v 0.87500 1.00219 1.95000
v 0.87500 1.00219 1.96000
v 0.87500 3.50219 1.96000
v 0.62500 3.50219 1.96000
v 0.62500 1.00219 1.96000
v 0.37500 1.00219 1.96000
v 0.37500 1.00219 1.95000
v 0.37500 3.50219 1.96000
v 0.37500 3.50219 1.95000
v 0.37500 3.50219 1.96000
v 0.37500 3.50219 1.95000
v 0.12500 3.50219 1.96000
v 0.12500 3.50219 1.95000
v 0.12500 3.50219 1.96000
v 0.12500 3.50219 1.95000
v 0.12500 1.00219 1.96000
v 0.12500 1.00219 1.95000
v 0.12500 1.00219 1.96000
v 0.12500 1.00219 1.95000
v 0.37500 1.00219 1.96000
v 0.37500 1.00219 1.95000
v 0.37500 1.00219 1.96000
v 0.37500 3.50219 1.96000
v 0.12500 3.50219 1.96000
v 0.12500 1.00219 1.96000
v 2.80000 1.00219 1.96000
v 2.80000 1.00219 1.95000
v 2.80000 3.50219 1.96000
v 2.80000 3.50219 1.95000
v 2.80000 3.50219 1.96000
v 2.80000 3.50219 1.95000
v 2.20000 3.50219 1.96000
v 2.20000 3.50219 1.95000
v 2.20000 3.50219 1.96000
v 2.20000 3.50219 1.95000
v 2.20000 1.00219 1.96000
v 2.20000 1.00219 1.95000
v 2.20000 1.00219 1.96000
v 2.20000 1.00219 1.95000
v 2.80000 1.00219 1.96000
v 2.80000 1.00219 1.95000
v 2.20000 1.00219 1.96000
v 2.80000 1.00219 1.96000
v 2.20000 3.50219 1.96000
v 2.80000 3.50219 1.96000
v -2.20000 1.00219 1.35000
v -2.20000 3.50219 1.35000
v -2.20000 1.00219 1.34000
v -2.20000 3.50219 1.34000
v -2.80000 1.00219 1.35000
v -2.20000 1.00219 1.35000
v -2.80000 1.00219 1.34000
v -2.20000 1.00219 1.34000
v -2.80000 3.50219 1.35000
v -2.80000 1.00219 1.35000
v -2.80000 3.50219 1.34000
v -2.80000 1.00219 1.34000
v -2.20000 3.50219 1.35000
v -2.80000 3.50219 1.35000
v -2.20000 3.50219 1.34000
v -2.80000 3.50219 1.34000
v -2.20000 3.50219 1.34000
v -2.80000 3.50219 1.34000
v -2.80000 1.00219 1.34000
v -2.20000 1.00219 1.34000
v -0.12500 1.00219 1.35000
v -0.12500 3.50219 1.35000
v -0.12500 1.00219 1.34000
v -0.12500 3.50219 1.34000
v -0.37500 1.00219 1.35000
v -0.12500 1.00219 1.35000
v -0.37500 1.00219 1.34000
v -0.12500 1.00219 1.34000
v -0.37500 3.50219 1.35000
v -0.37500 1.00219 1.35000
v -0.37500 3.50219 1.34000
v -0.37500 1.00219 1.34000
v -0.12500 3.50219 1.35000
v -0.37500 3.50219 1.35000
v -0.12500 3.50219 1.34000
v -0.37500 3.50219 1.34000
v -0.12500 3.50219 1.34000
v -0.37500 3.50219 1.34000
v -0.37500 1.00219 1.34000
v -0.12500 1.00219 1.34000
v 1.37500 1.00219 1.35000
v 1.37500 3.50219 1.35000
v 1.37500 1.00219 1.34000
v 1.37500 3.50219 1.34000
v 1.12500 1.00219 1.35000
v 1.37500 1.00219 1.35000
v 1.12500 1.00219 1.34000
v 1.37500 1.00219 1.34000
v 1.12500 3.50219 1.35000
v 1.12500 1.00219 1.35000
v 1.12500 3.50219 1.34000
v 1.12500 1.00219 1.34000
v 1.37500 3.50219 1.35000
v 1.12500 3.50219 1.35000
v 1.37500 3.50219 1.34000
v 1.12500 3.50219 1.34000
v 1.37500 3.50219 1.34000
v 1.12500 3.50219 1.34000
v 1.12500 1.00219 1.34000
v 1.37500 1.00219 1.34000
v -0.62500 1.00219 1.35000
v -0.62500 3.50219 1.35000
v -0.62500 1.00219 1.34000
v -0.62500 3.50219 1.34000
v -0.87500 1.00219 1.35000
v -0.62500 1.00219 1.35000
v -0.87500 1.00219 1.34000
v -0.62500 1.00219 1.34000
v -0.87500 3.50219 1.35000
v -0.87500 1.00219 1.35000
v -0.87500 3.50219 1.34000
v -0.87500 1.00219 1.34000
v -0.62500 3.50219 1.35000
v -0.87500 3.50219 1.35000
v -0.62500 3.50219 1.34000
v -0.87500 3.50219 1.34000
v -0.62500 3.50219 1.34000
v -0.87500 3.50219 1.34000
v -0.87500 1.00219 1.34000
v -0.62500 1.00219 1.34000
v -1.12500 1.00219 1.35000
v -1.12500 3.50219 1.35000
v -1.12500 1.00219 1.34000
v -1.12500 3.50219 1.34000
v -1.37500 1.00219 1.35000
v -1.12500 1.00219 1.35000
v -1.37500 1.00219 1.34000
v -1.12500 1.00219 1.34000
v -1.37500 3.50219 1.35000
v -1.37500 1.00219 1.35000
v -1.37500 3.50219 1.34000
v -1.37500 1.00219 1.34000
v -1.12500 3.50219 1.35000
v -1.37500 3.50219 1.35000
v -1.12500 3.50219 1.34000
v -1.37500 3.50219 1.34000
v -1.12500 3.50219 1.34000
v -1.37500 3.50219 1.34000
v -1.37500 1.00219 1.34000
v -1.12500 1.00219 1.34000
v 0.87500 1.00219 1.35000
v 0.87500 3.50219 1.35000
v 0.87500 1.00219 1.34000
v 0.87500 3.50219 1.34000
v 0.62500 1.00219 1.35000
v 0.87500 1.00219 1.35000
v 0.62500 1.00219 1.34000
v 0.87500 1.00219 1.34000
v 0.62500 3.50219 1.35000
v 0.62500 1.00219 1.35000
v 0.62500 3.50219 1.34000
v 0.62500 1.00219 1.34000
v 0.87500 3.50219 1.35000
v 0.62500 3.50219 1.35000
v 0.87500 3.50219 1.34000
v 0.62500 3.50219 1.34000
v 0.87500 3.50219 1.34000
v 0.62500 3.50219 1.34000
v 0.62500 1.00219 1.34000
v 0.87500 1.00219 1.34000
v 0.37500 1.00219 1.35000
v 0.37500 3.50219 1.35000
v 0.37500 1.00219 1.34000
v 0.37500 3.50219 1.34000
v 0.12500 1.00219 1.35000
v 0.37500 1.00219 1.35000
v 0.12500 1.00219 1.34000
v 0.37500 1.00219 1.34000
v 0.12500 3.50219 1.35000
v 0.12500 1.00219 1.35000
v 0.12500 3.50219 1.34000
v 0.12500 1.00219 1.34000
v 0.37500 3.50219 1.35000
v 0.12500 3.50219 1.35000
v 0.37500 3.50219 1.34000
v 0.12500 3.50219 1.34000
v 0.37500 3.50219 1.34000
v 0.12500 3.50219 1.34000
v 0.12500 1.00219 1.34000
v 0.37500 1.00219 1.34000
v 2.80000 1.00219 1.35000
v 2.80000 3.50219 1.35000
v 2.80000 1.00219 1.34000
v 2.80000 3.50219 1.34000
v 2.20000 1.00219 1.35000
v 2.80000 1.00219 1.35000
v 2.20000 1.00219 1.34000
v 2.80000 1.00219 1.34000
v 2.20000 3.50219 1.35000
v 2.20000 1.00219 1.35000
v 2.20000 3.50219 1.34000
v 2.20000 1.00219 1.34000
v 2.80000 3.50219 1.35000
v 2.20000 3.50219 1.35000
v 2.80000 3.50219 1.34000
v 2.20000 3.50219 1.34000
v 2.80000 3.50219 1.34000
v 2.20000 3.50219 1.34000
v 2.20000 1.00219 1.34000
v 2.80000 1.00219 1.34000
v 0.85809 1.11900 0.05000
v 1.05321 1.61900 0.05000
v 0.85809 1.11900 0.06000
v 1.05321 1.61900 0.06000
v 1.05321 1.61900 0.05000
v 0.98004 1.61900 0.05000
v 1.05321 1.61900 0.06000
v 0.98004 1.61900 0.06000
v 0.98004 1.61900 0.05000
v 0.92945 1.47876 0.05000
v 0.98004 1.61900 0.06000
v 0.92945 1.47876 0.06000
v 0.92945 1.47876 0.05000
v 0.72290 1.47876 0.05000
v 0.92945 1.47876 0.06000
v 0.72290 1.47876 0.06000
v 0.72290 1.47876 0.05000
v 0.67517 1.61900 0.05000
v 0.72290 1.47876 0.06000
v 0.67517 1.61900 0.06000
v 0.67517 1.61900 0.05000
v 0.60200 1.61900 0.05000
v 0.67517 1.61900 0.06000
v 0.60200 1.61900 0.06000
v 0.60200 1.61900 0.05000
v 0.79102 1.11900 0.05000
v 0.60200 1.61900 0.06000
v 0.79102 1.11900 0.06000
v 0.79102 1.11900 0.05000
v 0.85809 1.11900 0.05000
v 0.79102 1.11900 0.06000
v 0.85809 1.11900 0.06000
v 1.05321 1.61900 0.06000
v 0.98004 1.61900 0.06000
v 0.92945 1.47876 0.06000
v 0.72290 1.47876 0.06000
v 0.67517 1.61900 0.06000
v 0.60200 1.61900 0.06000
v 0.79102 1.11900 0.06000
v 0.85809 1.11900 0.06000
v 0.90697 1.42388 0.06000
v 0.83170 1.21504 0.06000
v 0.82398 1.17998 0.06000
v 0.82237 1.17998 0.06000
v 0.81436 1.21504 0.06000
v 0.73976 1.42388 0.06000
v 0.73976 1.42388 0.05000
v 0.90697 1.42388 0.05000
v 0.73976 1.42388 0.06000
v 0.90697 1.42388 0.06000
v 0.81436 1.21504 0.05000
v 0.73976 1.42388 0.05000
v 0.81436 1.21504 0.06000
v 0.73976 1.42388 0.06000
v 0.82237 1.17998 0.05000
v 0.81436 1.21504 0.05000
v 0.82237 1.17998 0.06000
v 0.81436 1.21504 0.06000
v 0.82398 1.17998 0.05000
v 0.82237 1.17998 0.05000
v 0.82398 1.17998 0.06000
v 0.82237 1.17998 0.06000
v 0.83170 1.21504 0.05000
v 0.82398 1.17998 0.05000
v 0.83170 1.21504 0.06000
v 0.82398 1.17998 0.06000
v 0.90697 1.42388 0.05000
v 0.83170 1.21504 0.05000
v 0.90697 1.42388 0.06000
v 0.83170 1.21504 0.06000
v 0.29893 1.61900 0.05000
v 0.16297 1.61900 0.05000
v 0.29893 1.61900 0.06000
v 0.16297 1.61900 0.06000
v 0.16297 1.61900 0.05000
v 0.16297 1.11900 0.05000
v 0.16297 1.61900 0.06000
v 0.16297 1.11900 0.06000
v 0.16297 1.11900 0.05000
v 0.30407 1.11900 0.05000
v 0.16297 1.11900 0.06000
v 0.30407 1.11900 0.06000
v 0.30407 1.11900 0.05000
v 0.36401 1.12416 0.05000
v 0.41609 1.13897 0.05000
v 0.45944 1.16120 0.05000
v 0.49769 1.19140 0.05000
v 0.52614 1.22478 0.05000
v 0.54368 1.25567 0.05000
v 0.55495 1.28562 0.05000
v 0.56197 1.31685 0.05000
v 0.56457 1.33971 0.05000
v 0.56541 1.36271 0.05000
v 0.30407 1.11900 0.06000
v 0.36401 1.12416 0.06000
v 0.41609 1.13897 0.06000
v 0.45944 1.16120 0.06000
v 0.49769 1.19140 0.06000
v 0.52614 1.22478 0.06000
v 0.54368 1.25567 0.06000
v 0.55495 1.28562 0.06000
v 0.56197 1.31685 0.06000
v 0.56457 1.33971 0.06000
v 0.56541 1.36271 0.06000
v 0.56541 1.36271 0.05000
v 0.56063 1.41861 0.05000
v 0.54865 1.46246 0.05000
v 0.53042 1.50038 0.05000
v 0.50535 1.53419 0.05000
v 0.47464 1.56297 0.05000
v 0.43958 1.58625 0.05000
v 0.40101 1.60312 0.05000
v 0.36027 1.61370 0.05000
v 0.32972 1.61779 0.05000
v 0.29893 1.61900 0.05000
v 0.56541 1.36271 0.06000
v 0.56063 1.41861 0.06000
v 0.54865 1.46246 0.06000
v 0.53042 1.50038 0.06000
v 0.50535 1.53419 0.06000
v 0.47464 1.56297 0.06000
v 0.43958 1.58625 0.06000
v 0.40101 1.60312 0.06000
v 0.36027 1.61370 0.06000
v 0.32972 1.61779 0.06000
v 0.29893 1.61900 0.06000
v 0.29893 1.61900 0.06000
v 0.16297 1.61900 0.06000
v 0.56541 1.36271 0.06000
v 0.56063 1.41861 0.06000
v 0.54865 1.46246 0.06000
v 0.53042 1.50038 0.06000
v 0.50535 1.53419 0.06000
v 0.47464 1.56297 0.06000
v 0.43958 1.58625 0.06000
v 0.40101 1.60312 0.06000
v 0.36027 1.61370 0.06000
v 0.32972 1.61779 0.06000
v 0.30407 1.11900 0.06000
v 0.36401 1.12416 0.06000
v 0.41609 1.13897 0.06000
v 0.45944 1.16120 0.06000
v 0.49769 1.19140 0.06000
v 0.52614 1.22478 0.06000
v 0.54368 1.25567 0.06000
v 0.55495 1.28562 0.06000
v 0.56197 1.31685 0.06000
v 0.56457 1.33971 0.06000
v 0.16297 1.11900 0.06000
v 0.49834 1.36414 0.06000
v 0.49380 1.31286 0.06000
v 0.48322 1.27685 0.06000
v 0.47650 1.26231 0.06000
v 0.46873 1.24913 0.06000
v 0.45235 1.22885 0.06000
v 0.42841 1.20871 0.06000
v 0.39767 1.19159 0.06000
v 0.36428 1.18048 0.06000
v 0.33423 1.17542 0.06000
v 0.30379 1.17388 0.06000
v 0.30102 1.56412 0.06000
v 0.35390 1.55919 0.06000
v 0.39102 1.54819 0.06000
v 0.41959 1.53318 0.06000
v 0.44300 1.51461 0.06000
v 0.46260 1.49205 0.06000
v 0.47783 1.46634 0.06000
v 0.48851 1.43842 0.06000
v 0.49503 1.40924 0.06000
v 0.49751 1.38675 0.06000
v 0.23004 1.56412 0.06000
v 0.23004 1.17388 0.06000
v 0.30379 1.17388 0.05000
v 0.23004 1.17388 0.05000
v 0.30379 1.17388 0.06000
v 0.23004 1.17388 0.06000
v 0.49834 1.36414 0.05000
v 0.49380 1.31286 0.05000
v 0.48322 1.27685 0.05000
v 0.47650 1.26231 0.05000
v 0.46873 1.24913 0.05000
v 0.45235 1.22885 0.05000
v 0.42841 1.20871 0.05000
v 0.39767 1.19159 0.05000
v 0.36428 1.18048 0.05000
v 0.33423 1.17542 0.05000
v 0.30379 1.17388 0.05000
v 0.49834 1.36414 0.06000
v 0.49380 1.31286 0.06000
v 0.48322 1.27685 0.06000
v 0.47650 1.26231 0.06000
v 0.46873 1.24913 0.06000
v 0.45235 1.22885 0.06000
v 0.42841 1.20871 0.06000
v 0.39767 1.19159 0.06000
v 0.36428 1.18048 0.06000
v 0.33423 1.17542 0.06000
v 0.30379 1.17388 0.06000
v 0.30102 1.56412 0.05000
v 0.35390 1.55919 0.05000
v 0.39102 1.54819 0.05000
v 0.41959 1.53318 0.05000
v 0.44300 1.51461 0.05000
v 0.46260 1.49205 0.05000
v 0.47783 1.46634 0.05000
v 0.48851 1.43842 0.05000
v 0.49503 1.40924 0.05000
v 0.49751 1.38675 0.05000
v 0.49834 1.36414 0.05000
v 0.30102 1.56412 0.06000
v 0.35390 1.55919 0.06000
v 0.39102 1.54819 0.06000
v 0.41959 1.53318 0.06000
v 0.44300 1.51461 0.06000
v 0.46260 1.49205 0.06000
v 0.47783 1.46634 0.06000
v 0.48851 1.43842 0.06000
v 0.49503 1.40924 0.06000
v 0.49751 1.38675 0.06000
v 0.49834 1.36414 0.06000
v 0.23004 1.56412 0.05000
v 0.30102 1.56412 0.05000
v 0.23004 1.56412 0.06000
v 0.30102 1.56412 0.06000
v 0.23004 1.17388 0.05000
v 0.23004 1.56412 0.05000
v 0.23004 1.17388 0.06000
v 0.23004 1.56412 0.06000
v 0.06541 1.56412 0.05000
v 0.06541 1.61900 0.05000
v 0.06541 1.56412 0.06000
v 0.06541 1.61900 0.06000
v 0.06541 1.61900 0.05000
v -0.20288 1.61900 0.05000
v 0.06541 1.61900 0.06000
v -0.20288 1.61900 0.06000
v -0.20288 1.61900 0.05000
v -0.20288 1.11900 0.05000
v -0.20288 1.61900 0.06000
v -0.20288 1.11900 0.06000
v -0.20288 1.11900 0.05000
v 0.05321 1.11900 0.05000
v -0.20288 1.11900 0.06000
v 0.05321 1.11900 0.06000
v 0.05321 1.11900 0.05000
v 0.05321 1.17388 0.05000
v 0.05321 1.11900 0.06000
v 0.05321 1.17388 0.06000
v 0.05321 1.17388 0.05000
v -0.13581 1.17388 0.05000
v 0.05321 1.17388 0.06000
v -0.13581 1.17388 0.06000
v -0.13581 1.17388 0.05000
v -0.13581 1.33851 0.05000
v -0.13581 1.17388 0.06000
v -0.13581 1.33851 0.06000
v -0.13581 1.33851 0.05000
v 0.04102 1.33851 0.05000
v -0.13581 1.33851 0.06000
v 0.04102 1.33851 0.06000
v 0.04102 1.33851 0.05000
v 0.04102 1.39339 0.05000
v 0.04102 1.33851 0.06000
v 0.04102 1.39339 0.06000
v 0.04102 1.39339 0.05000
v -0.13581 1.39339 0.05000
v 0.04102 1.39339 0.06000
v -0.13581 1.39339 0.06000
v -0.13581 1.39339 0.05000
v -0.13581 1.56412 0.05000
v -0.13581 1.39339 0.06000
v -0.13581 1.56412 0.06000
v -0.13581 1.56412 0.05000
v 0.06541 1.56412 0.05000
v -0.13581 1.56412 0.06000
v 0.06541 1.56412 0.06000
v 0.06541 1.61900 0.06000
v -0.20288 1.61900 0.06000
v -0.20288 1.11900 0.06000
v 0.05321 1.11900 0.06000
v 0.05321 1.17388 0.06000
v -0.13581 1.17388 0.06000
v -0.13581 1.33851 0.06000
v 0.04102 1.33851 0.06000
v 0.04102 1.39339 0.06000
v -0.13581 1.39339 0.06000
v -0.13581 1.56412 0.06000
v 0.06541 1.56412 0.06000
v -0.30044 1.53821 0.05000
v -0.30044 1.59309 0.05000
v -0.30044 1.53821 0.06000
v -0.30044 1.59309 0.06000
v -0.30044 1.59309 0.05000
v -0.33542 1.60926 0.05000
v -0.37264 1.61931 0.05000
v -0.40519 1.62376 0.05000
v -0.43802 1.62510 0.05000
v -0.30044 1.59309 0.06000
v -0.33542 1.60926 0.06000
v -0.37264 1.61931 0.06000
v -0.40519 1.62376 0.06000
v -0.43802 1.62510 0.06000
v -0.43802 1.62510 0.05000
v -0.48959 1.62075 0.05000
v -0.53441 1.60810 0.05000
v -0.56803 1.59099 0.05000
v -0.59513 1.57051 0.05000
v -0.61864 1.54599 0.05000
v -0.63810 1.51815 0.05000
v -0.65312 1.48768 0.05000
v -0.66355 1.45535 0.05000
v -0.66978 1.42194 0.05000
v -0.67177 1.40023 0.05000
v -0.67239 1.37843 0.05000
v -0.43802 1.62510 0.06000
v -0.48959 1.62075 0.06000
v -0.53441 1.60810 0.06000
v -0.56803 1.59099 0.06000
v -0.59513 1.57051 0.06000
v -0.61864 1.54599 0.06000
v -0.63810 1.51815 0.06000
v -0.65312 1.48768 0.06000
v -0.66355 1.45535 0.06000
v -0.66978 1.42194 0.06000
v -0.67177 1.40023 0.06000
v -0.67239 1.37843 0.06000
v -0.67239 1.37843 0.05000
v -0.66708 1.31677 0.05000
v -0.65371 1.26845 0.05000
v -0.63304 1.22689 0.05000
v -0.60788 1.19353 0.05000
v -0.58062 1.16760 0.05000
v -0.54976 1.14610 0.05000
v -0.51583 1.12986 0.05000
v -0.47975 1.11923 0.05000
v -0.44910 1.11439 0.05000
v -0.41811 1.11290 0.05000
v -0.67239 1.37843 0.06000
v -0.66708 1.31677 0.06000
v -0.65371 1.26845 0.06000
v -0.63304 1.22689 0.06000
v -0.60788 1.19353 0.06000
v -0.58062 1.16760 0.06000
v -0.54976 1.14610 0.06000
v -0.51583 1.12986 0.06000
v -0.47975 1.11923 0.06000
v -0.44910 1.11439 0.06000
v -0.41811 1.11290 0.06000
v -0.41811 1.11290 0.05000
v -0.36486 1.11609 0.05000
v -0.33208 1.12221 0.05000
v -0.30044 1.13272 0.05000
v -0.41811 1.11290 0.06000
v -0.36486 1.11609 0.06000
v -0.33208 1.12221 0.06000
v -0.30044 1.13272 0.06000
v -0.30044 1.13272 0.05000
v -0.30044 1.19979 0.05000
v -0.30044 1.13272 0.06000
v -0.30044 1.19979 0.06000
v -0.30044 1.19979 0.05000
v -0.33726 1.18194 0.05000
v -0.37675 1.17122 0.05000
v -0.41754 1.16778 0.05000
v -0.30044 1.19979 0.06000
v -0.33726 1.18194 0.06000
v -0.37675 1.17122 0.06000
v -0.41754 1.16778 0.06000
v -0.41754 1.16778 0.05000
v -0.45556 1.17101 0.05000
v -0.48546 1.17885 0.05000
v -0.51151 1.19073 0.05000
v -0.53513 1.20691 0.05000
v -0.55584 1.22669 0.05000
v -0.57311 1.24951 0.05000
v -0.58664 1.27475 0.05000
v -0.59617 1.30176 0.05000
v -0.60214 1.32977 0.05000
v -0.60452 1.35199 0.05000
v -0.60532 1.37434 0.05000
v -0.41754 1.16778 0.06000
v -0.45556 1.17101 0.06000
v -0.48546 1.17885 0.06000
v -0.51151 1.19073 0.06000
v -0.53513 1.20691 0.06000
v -0.55584 1.22669 0.06000
v -0.57311 1.24951 0.06000
v -0.58664 1.27475 0.06000
v -0.59617 1.30176 0.06000
v -0.60214 1.32977 0.06000
v -0.60452 1.35199 0.06000
v -0.60532 1.37434 0.06000
v -0.60532 1.37434 0.05000
v -0.60118 1.42364 0.05000
v -0.59053 1.46227 0.05000
v -0.57565 1.49217 0.05000
v -0.55753 1.51616 0.05000
v -0.53545 1.53656 0.05000
v -0.50999 1.55253 0.05000
v -0.48193 1.56331 0.05000
v -0.45559 1.56857 0.05000
v -0.42878 1.57022 0.05000
v -0.60532 1.37434 0.06000
v -0.60118 1.42364 0.06000
v -0.59053 1.46227 0.06000
v -0.57565 1.49217 0.06000
v -0.55753 1.51616 0.06000
v -0.53545 1.53656 0.06000
v -0.50999 1.55253 0.06000
v -0.48193 1.56331 0.06000
v -0.45559 1.56857 0.06000
v -0.42878 1.57022 0.06000
v -0.42878 1.57022 0.05000
v -0.38431 1.56706 0.05000
v -0.34097 1.55670 0.05000
v -0.32022 1.54851 0.05000
v -0.30044 1.53821 0.05000
v -0.42878 1.57022 0.06000
v -0.38431 1.56706 0.06000
v -0.34097 1.55670 0.06000
v -0.32022 1.54851 0.06000
v -0.30044 1.53821 0.06000
v -0.30044 1.53821 0.06000
v -0.30044 1.59309 0.06000
v -0.42878 1.57022 0.06000
v -0.38431 1.56706 0.06000
v -0.34097 1.55670 0.06000
v -0.32022 1.54851 0.06000
v -0.60532 1.37434 0.06000
v -0.60118 1.42364 0.06000
v -0.59053 1.46227 0.06000
v -0.57565 1.49217 0.06000
v -0.55753 1.51616 0.06000
v -0.53545 1.53656 0.06000
v -0.50999 1.55253 0.06000
v -0.48193 1.56331 0.06000
v -0.45559 1.56857 0.06000
v -0.41754 1.16778 0.06000
v -0.45556 1.17101 0.06000
v -0.48546 1.17885 0.06000
v -0.51151 1.19073 0.06000
v -0.53513 1.20691 0.06000
v -0.55584 1.22669 0.06000
v -0.57311 1.24951 0.06000
v -0.58664 1.27475 0.06000
v -0.59617 1.30176 0.06000
v -0.60214 1.32977 0.06000
v -0.60452 1.35199 0.06000
v -0.30044 1.19979 0.06000
v -0.33726 1.18194 0.06000
v -0.37675 1.17122 0.06000
v -0.30044 1.13272 0.06000
v -0.41811 1.11290 0.06000
v -0.36486 1.11609 0.06000
v -0.33208 1.12221 0.06000
v -0.67239 1.37843 0.06000
v -0.66708 1.31677 0.06000
v -0.65371 1.26845 0.06000
v -0.63304 1.22689 0.06000
v -0.60788 1.19353 0.06000
v -0.58062 1.16760 0.06000
v -0.54976 1.14610 0.06000
v -0.51583 1.12986 0.06000
v -0.47975 1.11923 0.06000
v -0.44910 1.11439 0.06000
v -0.43802 1.62510 0.06000
v -0.48959 1.62075 0.06000
v -0.53441 1.60810 0.06000
v -0.56803 1.59099 0.06000
v -0.59513 1.57051 0.06000
v -0.61864 1.54599 0.06000
v -0.63810 1.51815 0.06000
v -0.65312 1.48768 0.06000
v -0.66355 1.45535 0.06000
v -0.66978 1.42194 0.06000
v -0.67177 1.40023 0.06000
v -0.33542 1.60926 0.06000
v -0.37264 1.61931 0.06000
v -0.40519 1.62376 0.06000
v -0.71508 1.56412 0.05000
v -0.71508 1.61900 0.05000
v -0.71508 1.56412 0.06000
v -0.71508 1.61900 0.06000
v -0.71508 1.61900 0.05000
v -0.97118 1.61900 0.05000
v -0.71508 1.61900 0.06000
v -0.97118 1.61900 0.06000
v -0.97118 1.61900 0.05000
v -0.97118 1.11900 0.05000
v -0.97118 1.61900 0.06000
v -0.97118 1.11900 0.06000
v -0.97118 1.11900 0.05000
v -0.90410 1.11900 0.05000
v -0.97118 1.11900 0.06000
v -0.90410 1.11900 0.06000
v -0.90410 1.11900 0.05000
v -0.90410 1.56412 0.05000
v -0.90410 1.11900 0.06000
v -0.90410 1.56412 0.06000
v -0.90410 1.56412 0.05000
v -0.71508 1.56412 0.05000
v -0.90410 1.56412 0.06000
v -0.71508 1.56412 0.06000
v -0.71508 1.61900 0.06000
v -0.97118 1.61900 0.06000
v -0.97118 1.11900 0.06000
v -0.90410 1.11900 0.06000
v -0.90410 1.56412 0.06000
v -0.71508 1.56412 0.06000
v 0.81436 1.21504 0.05000
v 0.73976 1.42388 0.05000
v 0.90697 1.42388 0.05000
v 0.83170 1.21504 0.05000
v 0.82398 1.17998 0.05000
v 0.82237 1.17998 0.05000
v 0.49834 1.36414 0.05000
v 0.49380 1.31286 0.05000
v 0.48322 1.27685 0.05000
v 0.47650 1.26231 0.05000
v 0.46873 1.24913 0.05000
v 0.45235 1.22885 0.05000
v 0.42841 1.20871 0.05000
v 0.39767 1.19159 0.05000
v 0.36428 1.18048 0.05000
v 0.33423 1.17542 0.05000
v 0.30379 1.17388 0.05000
v 0.23004 1.17388 0.05000
v 0.23004 1.56412 0.05000
v 0.30102 1.56412 0.05000
v 0.35390 1.55919 0.05000
v 0.39102 1.54819 0.05000
v 0.41959 1.53318 0.05000
v 0.44300 1.51461 0.05000
v 0.46260 1.49205 0.05000
v 0.47783 1.46634 0.05000
v 0.48851 1.43842 0.05000
v 0.49503 1.40924 0.05000
v 0.49751 1.38675 0.05000
v -0.30206 2.79296 3.25100
v -0.30206 2.79296 3.25000
v -0.30206 2.75818 3.25100
v -0.30206 2.75818 3.25000
v -0.30206 2.75818 3.25100
v -0.30206 2.75818 3.25000
v -0.18057 2.75818 3.25100
v -0.18057 2.75818 3.25000
v -0.18057 2.75818 3.25100
v -0.18057 2.75818 3.25000
v -0.18057 2.48790 3.25100
v -0.18057 2.48790 3.25000
v -0.18057 2.48790 3.25100
v -0.18057 2.48790 3.25000
v -0.14119 2.48790 3.25100
v -0.14119 2.48790 3.25000
v -0.14119 2.48790 3.25100
v -0.14119 2.48790 3.25000
v -0.14119 2.79296 3.25100
v -0.14119 2.79296 3.25000
v -0.14119 2.79296 3.25100
v -0.14119 2.79296 3.25000
v -0.30206 2.79296 3.25100
v -0.30206 2.79296 3.25000
v -0.14119 2.79296 3.25100
v -0.30206 2.79296 3.25100
v -0.14119 2.48790 3.25100
v -0.18057 2.48790 3.25100
v -0.18057 2.75818 3.25100
v -0.30206 2.75818 3.25100
v -0.30206 2.79296 3.25000
v -0.30206 2.75818 3.25000
v -0.14119 2.79296 3.25000
v -0.14119 2.48790 3.25000
v -0.18057 2.48790 3.25000
v -0.18057 2.75818 3.25000
v -0.45849 2.79811 3.25100
v -0.45849 2.79811 3.25000
v -0.49044 2.79613 3.25100
v -0.51859 2.79020 3.25100
v -0.54295 2.78033 3.25100
v -0.54295 2.78033 3.25000
v -0.49044 2.79613 3.25000
v -0.51859 2.79020 3.25000
v -0.54295 2.78033 3.25100
v -0.54295 2.78033 3.25000
v -0.54295 2.74258 3.25100
v -0.54295 2.74258 3.25000
v -0.54295 2.74258 3.25100
v -0.54295 2.74258 3.25000
v -0.51932 2.75391 3.25100
v -0.49306 2.76073 3.25100
v -0.46419 2.76301 3.25100
v -0.46419 2.76301 3.25000
v -0.51932 2.75391 3.25000
v -0.49306 2.76073 3.25000
v -0.46419 2.76301 3.25100
v -0.46419 2.76301 3.25000
v -0.43938 2.76066 3.25100
v -0.42435 2.75649 3.25100
v -0.40368 2.74610 3.25100
v -0.38582 2.73089 3.25100
v -0.38582 2.73089 3.25000
v -0.43938 2.76066 3.25000
v -0.42435 2.75649 3.25000
v -0.40368 2.74610 3.25000
v -0.38582 2.73089 3.25100
v -0.38582 2.73089 3.25000
v -0.37183 2.71182 3.25100
v -0.36297 2.69185 3.25100
v -0.35765 2.66919 3.25100
v -0.35587 2.64386 3.25100
v -0.35587 2.64386 3.25000
v -0.37183 2.71182 3.25000
v -0.36297 2.69185 3.25000
v -0.35765 2.66919 3.25000
v -0.35587 2.64386 3.25100
v -0.35587 2.64386 3.25000
v -0.35876 2.61143 3.25100
v -0.36532 2.58826 3.25100
v -0.37495 2.56898 3.25100
v -0.38792 2.55215 3.25100
v -0.38792 2.55215 3.25000
v -0.35876 2.61143 3.25000
v -0.36532 2.58826 3.25000
v -0.37495 2.56898 3.25000
v -0.38792 2.55215 3.25100
v -0.38792 2.55215 3.25000
v -0.40466 2.53768 3.25100
v -0.42523 2.52657 3.25100
v -0.44698 2.52037 3.25100
v -0.47105 2.51831 3.25100
v -0.47105 2.51831 3.25000
v -0.40466 2.53768 3.25000
v -0.42523 2.52657 3.25000
v -0.44698 2.52037 3.25000
v -0.47105 2.51831 3.25100
v -0.47105 2.51831 3.25000
v -0.49645 2.52030 3.25100
v -0.52041 2.52630 3.25100
v -0.54295 2.53640 3.25100
v -0.54295 2.53640 3.25000
v -0.49645 2.52030 3.25000
v -0.52041 2.52630 3.25000
v -0.54295 2.53640 3.25100
v -0.54295 2.53640 3.25000
v -0.54295 2.49523 3.25100
v -0.54295 2.49523 3.25000
v -0.54295 2.49523 3.25100
v -0.54295 2.49523 3.25000
v -0.51768 2.48726 3.25100
v -0.49554 2.48388 3.25100
v -0.47066 2.48275 3.25100
v -0.47066 2.48275 3.25000
v -0.51768 2.48726 3.25000
v -0.49554 2.48388 3.25000
v -0.47066 2.48275 3.25100
v -0.47066 2.48275 3.25000
v -0.43570 2.48602 3.25100
v -0.40721 2.49457 3.25100
v -0.38398 2.50680 3.25100
v -0.37086 2.51642 3.25100
v -0.35860 2.52767 3.25100
v -0.35860 2.52767 3.25000
v -0.43570 2.48602 3.25000
v -0.40721 2.49457 3.25000
v -0.38398 2.50680 3.25000
v -0.37086 2.51642 3.25000
v -0.35860 2.52767 3.25100
v -0.35860 2.52767 3.25000
v -0.34143 2.54868 3.25100
v -0.32848 2.57243 3.25100
v -0.31975 2.59894 3.25100
v -0.31584 2.62171 3.25100
v -0.31454 2.64620 3.25100
v -0.31454 2.64620 3.25000
v -0.34143 2.54868 3.25000
v -0.32848 2.57243 3.25000
v -0.31975 2.59894 3.25000
v -0.31584 2.62171 3.25000
v -0.31454 2.64620 3.25100
v -0.31454 2.64620 3.25000
v -0.31806 2.68492 3.25100
v -0.32607 2.71275 3.25100
v -0.33762 2.73568 3.25100
v -0.34512 2.74644 3.25100
v -0.35369 2.75646 3.25100
v -0.35369 2.75646 3.25000
v -0.31806 2.68492 3.25000
v -0.32607 2.71275 3.25000
v -0.33762 2.73568 3.25000
v -0.34512 2.74644 3.25000
v -0.35369 2.75646 3.25100
v -0.35369 2.75646 3.25000
v -0.37209 2.77269 3.25100
v -0.39302 2.78493 3.25100
v -0.41649 2.79318 3.25100
v -0.43671 2.79688 3.25100
v -0.45849 2.79811 3.25100
v -0.45849 2.79811 3.25000
v -0.37209 2.77269 3.25000
v -0.39302 2.78493 3.25000
v -0.41649 2.79318 3.25000
v -0.43671 2.79688 3.25000
v -0.45849 2.79811 3.25100
v -0.49044 2.79613 3.25100
v -0.51859 2.79020 3.25100
v -0.54295 2.78033 3.25100
v -0.54295 2.74258 3.25100
v -0.51932 2.75391 3.25100
v -0.49306 2.76073 3.25100
v -0.46419 2.76301 3.25100
v -0.43938 2.76066 3.25100
v -0.42435 2.75649 3.25100
v -0.40368 2.74610 3.25100
v -0.38582 2.73089 3.25100
v -0.37183 2.71182 3.25100
v -0.36297 2.69185 3.25100
v -0.35765 2.66919 3.25100
v -0.35587 2.64386 3.25100
v -0.35876 2.61143 3.25100
v -0.36532 2.58826 3.25100
v -0.37495 2.56898 3.25100
v -0.38792 2.55215 3.25100
v -0.40466 2.53768 3.25100
v -0.42523 2.52657 3.25100
v -0.44698 2.52037 3.25100
v -0.47105 2.51831 3.25100
v -0.49645 2.52030 3.25100
v -0.52041 2.52630 3.25100
v -0.54295 2.53640 3.25100
v -0.54295 2.49523 3.25100
v -0.51768 2.48726 3.25100
v -0.49554 2.48388 3.25100
v -0.47066 2.48275 3.25100
v -0.43570 2.48602 3.25100
v -0.40721 2.49457 3.25100
v -0.38398 2.50680 3.25100
v -0.37086 2.51642 3.25100
v -0.35860 2.52767 3.25100
v -0.34143 2.54868 3.25100
v -0.32848 2.57243 3.25100
v -0.31975 2.59894 3.25100
v -0.31584 2.62171 3.25100
v -0.31454 2.64620 3.25100
v -0.31806 2.68492 3.25100
v -0.32607 2.71275 3.25100
v -0.33762 2.73568 3.25100
v -0.34512 2.74644 3.25100
v -0.35369 2.75646 3.25100
v -0.37209 2.77269 3.25100
v -0.39302 2.78493 3.25100
v -0.41649 2.79318 3.25100
v -0.43671 2.79688 3.25100
v -0.54295 2.78033 3.25000
v -0.54295 2.74258 3.25000
v -0.51932 2.75391 3.25000
v -0.49306 2.76073 3.25000
v -0.46419 2.76301 3.25000
v -0.43938 2.76066 3.25000
v -0.42435 2.75649 3.25000
v -0.40368 2.74610 3.25000
v -0.38582 2.73089 3.25000
v -0.37183 2.71182 3.25000
v -0.36297 2.69185 3.25000
v -0.35765 2.66919 3.25000
v -0.35587 2.64386 3.25000
v -0.35876 2.61143 3.25000
v -0.36532 2.58826 3.25000
v -0.37495 2.56898 3.25000
v -0.38792 2.55215 3.25000
v -0.40466 2.53768 3.25000
v -0.42523 2.52657 3.25000
v -0.44698 2.52037 3.25000
v -0.47105 2.51831 3.25000
v -0.49645 2.52030 3.25000
v -0.52041 2.52630 3.25000
v -0.54295 2.53640 3.25000
v -0.54295 2.49523 3.25000
v -0.51768 2.48726 3.25000
v -0.49554 2.48388 3.25000
v -0.47066 2.48275 3.25000
v -0.43570 2.48602 3.25000
v -0.40721 2.49457 3.25000
v -0.38398 2.50680 3.25000
v -0.37086 2.51642 3.25000
v -0.35860 2.52767 3.25000
v -0.34143 2.54868 3.25000
v -0.32848 2.57243 3.25000
v -0.31975 2.59894 3.25000
v -0.31584 2.62171 3.25000
v -0.31454 2.64620 3.25000
v -0.31806 2.68492 3.25000
v -0.32607 2.71275 3.25000
v -0.33762 2.73568 3.25000
v -0.34512 2.74644 3.25000
v -0.35369 2.75646 3.25000
v -0.37209 2.77269 3.25000
v -0.39302 2.78493 3.25000
v -0.41649 2.79318 3.25000
v -0.43671 2.79688 3.25000
v -0.45849 2.79811 3.25000
v -0.49044 2.79613 3.25000
v -0.51859 2.79020 3.25000
v -0.76808 2.79296 3.25100
v -0.76808 2.79296 3.25000
v -0.76808 2.75818 3.25100
v -0.76808 2.75818 3.25000
v -0.76808 2.75818 3.25100
v -0.76808 2.75818 3.25000
v -0.64339 2.75818 3.25100
v -0.64339 2.75818 3.25000
v -0.64339 2.75818 3.25100
v -0.64339 2.75818 3.25000
v -0.64339 2.65556 3.25100
v -0.64339 2.65556 3.25000
v -0.64339 2.65556 3.25100
v -0.64339 2.65556 3.25000
v -0.75249 2.65556 3.25100
v -0.75249 2.65556 3.25000
v -0.75249 2.65556 3.25100
v -0.75249 2.65556 3.25000
v -0.75249 2.62062 3.25100
v -0.75249 2.62062 3.25000
v -0.75249 2.62062 3.25100
v -0.75249 2.62062 3.25000
v -0.64339 2.62062 3.25100
v -0.64339 2.62062 3.25000
v -0.64339 2.62062 3.25100
v -0.64339 2.62062 3.25000
v -0.64339 2.52299 3.25100
v -0.64339 2.52299 3.25000
v -0.64339 2.52299 3.25100
v -0.64339 2.52299 3.25000
v -0.76114 2.52299 3.25100
v -0.76114 2.52299 3.25000
v -0.76114 2.52299 3.25100
v -0.76114 2.52299 3.25000
v -0.76114 2.48790 3.25100
v -0.76114 2.48790 3.25000
v -0.76114 2.48790 3.25100
v -0.76114 2.48790 3.25000
v -0.60401 2.48790 3.25100
v -0.60401 2.48790 3.25000
v -0.60401 2.48790 3.25100
v -0.60401 2.48790 3.25000
v -0.60401 2.79296 3.25100
v -0.60401 2.79296 3.25000
v -0.60401 2.79296 3.25100
v -0.60401 2.79296 3.25000
v -0.76808 2.79296 3.25100
v -0.76808 2.79296 3.25000
v -0.60401 2.79296 3.25100
v -0.76808 2.79296 3.25100
v -0.60401 2.48790 3.25100
v -0.76114 2.48790 3.25100
v -0.76114 2.52299 3.25100
v -0.64339 2.52299 3.25100
v -0.64339 2.62062 3.25100
v -0.75249 2.62062 3.25100
v -0.75249 2.65556 3.25100
v -0.64339 2.65556 3.25100
v -0.64339 2.75818 3.25100
v -0.76808 2.75818 3.25100
v -0.76808 2.79296 3.25000
v -0.76808 2.75818 3.25000
v -0.60401 2.79296 3.25000
v -0.60401 2.48790 3.25000
v -0.76114 2.48790 3.25000
v -0.76114 2.52299 3.25000
v -0.64339 2.52299 3.25000
v -0.64339 2.62062 3.25000
v -0.75249 2.62062 3.25000
v -0.75249 2.65556 3.25000
v -0.64339 2.65556 3.25000
v -0.64339 2.75818 3.25000
v -0.82571 2.79296 3.25100
v -0.90962 2.79296 3.25100
v -0.95070 2.78912 3.25100
v -0.98050 2.78038 3.25100
v -1.00531 2.76778 3.25100
v -1.01705 2.75958 3.25100
v -1.02807 2.75023 3.25100
v -1.04599 2.73016 3.25100
v -1.05951 2.70740 3.25100
v -1.06864 2.68196 3.25100
v -1.07272 2.66008 3.25100
v -1.07408 2.63653 3.25100
v -1.07136 2.60518 3.25100
v -1.06427 2.57975 3.25100
v -1.05315 2.55754 3.25100
v -1.04183 2.54219 3.25100
v -1.02807 2.52829 3.25100
v -1.00435 2.51102 3.25100
v -0.97787 2.49855 3.25100
v -0.94862 2.49085 3.25100
v -0.93111 2.48863 3.25100
v -0.91274 2.48790 3.25100
v -0.82571 2.48790 3.25100
v -0.86509 2.52299 3.25100
v -0.86509 2.75818 3.25100
v -0.91118 2.52299 3.25100
v -0.99922 2.55168 3.25100
v -0.97961 2.53826 3.25100
v -0.95932 2.52977 3.25100
v -0.93649 2.52468 3.25100
v -1.03268 2.63762 3.25100
v -1.03024 2.60885 3.25100
v -1.02387 2.58646 3.25100
v -1.01353 2.56739 3.25100
v -1.00008 2.72636 3.25100
v -1.01342 2.71039 3.25100
v -1.02326 2.69168 3.25100
v -1.02738 2.67955 3.25100
v -1.03032 2.66649 3.25100
v -0.90939 2.75818 3.25100
v -0.94197 2.75532 3.25100
v -0.96499 2.74880 3.25100
v -0.98388 2.73924 3.25100
v -0.90962 2.79296 3.25000
v -0.95070 2.78912 3.25000
v -0.98050 2.78038 3.25000
v -1.00531 2.76778 3.25000
v -1.01705 2.75958 3.25000
v -1.02807 2.75023 3.25000
v -1.04599 2.73016 3.25000
v -1.05951 2.70740 3.25000
v -1.06864 2.68196 3.25000
v -1.07272 2.66008 3.25000
v -1.07408 2.63653 3.25000
v -1.07136 2.60518 3.25000
v -1.06427 2.57975 3.25000
v -1.05315 2.55754 3.25000
v -1.04183 2.54219 3.25000
v -1.02807 2.52829 3.25000
v -1.00435 2.51102 3.25000
v -0.97787 2.49855 3.25000
v -0.94862 2.49085 3.25000
v -0.93111 2.48863 3.25000
v -0.91274 2.48790 3.25000
v -0.82571 2.48790 3.25000
v -0.82571 2.79296 3.25000
v -0.99922 2.55168 3.25000
v -0.97961 2.53826 3.25000
v -0.95932 2.52977 3.25000
v -0.93649 2.52468 3.25000
v -0.91118 2.52299 3.25000
v -1.03268 2.63762 3.25000
v -1.03024 2.60885 3.25000
v -1.02387 2.58646 3.25000
v -1.01353 2.56739 3.25000
v -1.00008 2.72636 3.25000
v -1.01342 2.71039 3.25000
v -1.02326 2.69168 3.25000
v -1.02738 2.67955 3.25000
v -1.03032 2.66649 3.25000
v -0.90939 2.75818 3.25000
v -0.94197 2.75532 3.25000
v -0.96499 2.74880 3.25000
v -0.98388 2.73924 3.25000
v -0.86509 2.75818 3.25000
v -0.86509 2.52299 3.25000
v -0.82571 2.79296 3.25100
v -0.82571 2.79296 3.25000
v -0.90962 2.79296 3.25100
v -0.90962 2.79296 3.25000
v -0.90962 2.79296 3.25100
v -0.90962 2.79296 3.25000
v -0.95070 2.78912 3.25100
v -0.98050 2.78038 3.25100
v -1.00531 2.76778 3.25100
v -1.01705 2.75958 3.25100
v -1.02807 2.75023 3.25100
v -1.02807 2.75023 3.25000
v -0.95070 2.78912 3.25000
v -0.98050 2.78038 3.25000
v -1.00531 2.76778 3.25000
v -1.01705 2.75958 3.25000
v -1.02807 2.75023 3.25100
v -1.02807 2.75023 3.25000
v -1.04599 2.73016 3.25100
v -1.05951 2.70740 3.25100
v -1.06864 2.68196 3.25100
v -1.07272 2.66008 3.25100
v -1.07408 2.63653 3.25100
v -1.07408 2.63653 3.25000
v -1.04599 2.73016 3.25000
v -1.05951 2.70740 3.25000
v -1.06864 2.68196 3.25000
v -1.07272 2.66008 3.25000
v -1.07408 2.63653 3.25100
v -1.07408 2.63653 3.25000
v -1.07136 2.60518 3.25100
v -1.06427 2.57975 3.25100
v -1.05315 2.55754 3.25100
v -1.04183 2.54219 3.25100
v -1.02807 2.52829 3.25100
v -1.02807 2.52829 3.25000
v -1.07136 2.60518 3.25000
v -1.06427 2.57975 3.25000
v -1.05315 2.55754 3.25000
v -1.04183 2.54219 3.25000
v -1.02807 2.52829 3.25100
v -1.02807 2.52829 3.25000
v -1.00435 2.51102 3.25100
v -0.97787 2.49855 3.25100
v -0.94862 2.49085 3.25100
v -0.93111 2.48863 3.25100
v -0.91274 2.48790 3.25100
v -0.91274 2.48790 3.25000
v -1.00435 2.51102 3.25000
v -0.97787 2.49855 3.25000
v -0.94862 2.49085 3.25000
v -0.93111 2.48863 3.25000
v -0.91274 2.48790 3.25100
v -0.91274 2.48790 3.25000
v -0.82571 2.48790 3.25100
v -0.82571 2.48790 3.25000
v -0.82571 2.48790 3.25100
v -0.82571 2.48790 3.25000
v -0.82571 2.79296 3.25100
v -0.82571 2.79296 3.25000
v -0.91118 2.52299 3.25000
v -0.86509 2.52299 3.25000
v -0.91118 2.52299 3.25100
v -0.86509 2.52299 3.25100
v -0.86509 2.52299 3.25000
v -0.86509 2.75818 3.25000
v -0.86509 2.52299 3.25100
v -0.86509 2.75818 3.25100
v -0.86509 2.75818 3.25000
v -0.90939 2.75818 3.25000
v -0.86509 2.75818 3.25100
v -0.90939 2.75818 3.25100
v -0.90939 2.75818 3.25000
v -0.94197 2.75532 3.25000
v -0.96499 2.74880 3.25000
v -0.98388 2.73924 3.25000
v -1.00008 2.72636 3.25000
v -0.90939 2.75818 3.25100
v -0.94197 2.75532 3.25100
v -0.96499 2.74880 3.25100
v -0.98388 2.73924 3.25100
v -1.00008 2.72636 3.25100
v -1.00008 2.72636 3.25000
v -1.01342 2.71039 3.25000
v -1.02326 2.69168 3.25000
v -1.02738 2.67955 3.25000
v -1.03032 2.66649 3.25000
v -1.03268 2.63762 3.25000
v -1.00008 2.72636 3.25100
v -1.01342 2.71039 3.25100
v -1.02326 2.69168 3.25100
v -1.02738 2.67955 3.25100
v -1.03032 2.66649 3.25100
v -1.03268 2.63762 3.25100
v -1.03268 2.63762 3.25000
v -1.03024 2.60885 3.25000
v -1.02387 2.58646 3.25000
v -1.01353 2.56739 3.25000
v -0.99922 2.55168 3.25000
v -1.03268 2.63762 3.25100
v -1.03024 2.60885 3.25100
v -1.02387 2.58646 3.25100
v -1.01353 2.56739 3.25100
v -0.99922 2.55168 3.25100
v -0.99922 2.55168 3.25000
v -0.97961 2.53826 3.25000
v -0.95932 2.52977 3.25000
v -0.93649 2.52468 3.25000
v -0.91118 2.52299 3.25000
v -0.99922 2.55168 3.25100
v -0.97961 2.53826 3.25100
v -0.95932 2.52977 3.25100
v -0.93649 2.52468 3.25100
v -0.91118 2.52299 3.25100
v -1.32199 2.79296 3.25100
v -1.36550 2.79296 3.25100
v -1.29087 2.70952 3.25100
v -1.16384 2.70952 3.25100
v -1.13452 2.79296 3.25100
v -1.09101 2.79296 3.25100
v -1.20720 2.48790 3.25100
v -1.24931 2.48790 3.25100
v -1.27871 2.67505 3.25100
v -1.23262 2.54825 3.25100
v -1.22786 2.52689 3.25100
v -1.22693 2.52689 3.25100
v -1.22194 2.54825 3.25100
v -1.17632 2.67505 3.25100
v -1.36550 2.79296 3.25000
v -1.24931 2.48790 3.25000
v -1.32199 2.79296 3.25000
v -1.29087 2.70952 3.25000
v -1.16384 2.70952 3.25000
v -1.13452 2.79296 3.25000
v -1.09101 2.79296 3.25000
v -1.20720 2.48790 3.25000
v -1.22194 2.54825 3.25000
v -1.17632 2.67505 3.25000
v -1.27871 2.67505 3.25000
v -1.23262 2.54825 3.25000
v -1.22786 2.52689 3.25000
v -1.22693 2.52689 3.25000
v -1.36550 2.79296 3.25100
v -1.36550 2.79296 3.25000
v -1.24931 2.48790 3.25100
v -1.24931 2.48790 3.25000
v -1.24931 2.48790 3.25100
v -1.24931 2.48790 3.25000
v -1.20720 2.48790 3.25100
v -1.20720 2.48790 3.25000
v -1.20720 2.48790 3.25100
v -1.20720 2.48790 3.25000
v -1.09101 2.79296 3.25100
v -1.09101 2.79296 3.25000
v -1.09101 2.79296 3.25100
v -1.09101 2.79296 3.25000
v -1.13452 2.79296 3.25100
v -1.13452 2.79296 3.25000
v -1.13452 2.79296 3.25100
v -1.13452 2.79296 3.25000
v -1.16384 2.70952 3.25100
v -1.16384 2.70952 3.25000
v -1.16384 2.70952 3.25100
v -1.16384 2.70952 3.25000
v -1.29087 2.70952 3.25100
v -1.29087 2.70952 3.25000
v -1.29087 2.70952 3.25100
v -1.29087 2.70952 3.25000
v -1.32199 2.79296 3.25100
v -1.32199 2.79296 3.25000
v -1.32199 2.79296 3.25100
v -1.32199 2.79296 3.25000
v -1.36550 2.79296 3.25100
v -1.36550 2.79296 3.25000
v -1.17632 2.67505 3.25000
v -1.27871 2.67505 3.25000
v -1.17632 2.67505 3.25100
v -1.27871 2.67505 3.25100
v -1.27871 2.67505 3.25000
v -1.23262 2.54825 3.25000
v -1.27871 2.67505 3.25100
v -1.23262 2.54825 3.25100
v -1.23262 2.54825 3.25000
v -1.22786 2.52689 3.25000
v -1.23262 2.54825 3.25100
v -1.22786 2.52689 3.25100
v -1.22786 2.52689 3.25000
v -1.22693 2.52689 3.25000
v -1.22786 2.52689 3.25100
v -1.22693 2.52689 3.25100
v -1.22693 2.52689 3.25000
v -1.22194 2.54825 3.25000
v -1.22693 2.52689 3.25100
v -1.22194 2.54825 3.25100
v -1.22194 2.54825 3.25000
v -1.17632 2.67505 3.25000
v -1.22194 2.54825 3.25100
v -1.17632 2.67505 3.25100
v -0.30526 3.27692 3.25100
v -0.30526 3.27692 3.25000
v -0.30526 3.24214 3.25100
v -0.30526 3.24214 3.25000
v -0.30526 3.24214 3.25100
v -0.30526 3.24214 3.25000
v -0.18057 3.24214 3.25100
v -0.18057 3.24214 3.25000
v -0.18057 3.24214 3.25100
v -0.18057 3.24214 3.25000
v -0.18057 3.13951 3.25100
v -0.18057 3.13951 3.25000
v -0.18057 3.13951 3.25100
v -0.18057 3.13951 3.25000
v -0.28966 3.13951 3.25100
v -0.28966 3.13951 3.25000
v -0.28966 3.13951 3.25100
v -0.28966 3.13951 3.25000
v -0.28966 3.10458 3.25100
v -0.28966 3.10458 3.25000
v -0.28966 3.10458 3.25100
v -0.28966 3.10458 3.25000
v -0.18057 3.10458 3.25100
v -0.18057 3.10458 3.25000
v -0.18057 3.10458 3.25100
v -0.18057 3.10458 3.25000
v -0.18057 3.00694 3.25100
v -0.18057 3.00694 3.25000
v -0.18057 3.00694 3.25100
v -0.18057 3.00694 3.25000
v -0.29832 3.00694 3.25100
v -0.29832 3.00694 3.25000
v -0.29832 3.00694 3.25100
v -0.29832 3.00694 3.25000
v -0.29832 2.97185 3.25100
v -0.29832 2.97185 3.25000
v -0.29832 2.97185 3.25100
v -0.29832 2.97185 3.25000
v -0.14119 2.97185 3.25100
v -0.14119 2.97185 3.25000
v -0.14119 2.97185 3.25100
v -0.14119 2.97185 3.25000
v -0.14119 3.27692 3.25100
v -0.14119 3.27692 3.25000
v -0.14119 3.27692 3.25100
v -0.14119 3.27692 3.25000
v -0.30526 3.27692 3.25100
v -0.30526 3.27692 3.25000
v -0.14119 3.27692 3.25100
v -0.30526 3.27692 3.25100
v -0.14119 2.97185 3.25100
v -0.29832 2.97185 3.25100
v -0.29832 3.00694 3.25100
v -0.18057 3.00694 3.25100
v -0.18057 3.10458 3.25100
v -0.28966 3.10458 3.25100
v -0.28966 3.13951 3.25100
v -0.18057 3.13951 3.25100
v -0.18057 3.24214 3.25100
v -0.30526 3.24214 3.25100
v -0.30526 3.27692 3.25000
v -0.30526 3.24214 3.25000
v -0.14119 3.27692 3.25000
v -0.14119 2.97185 3.25000
v -0.29832 2.97185 3.25000
v -0.29832 3.00694 3.25000
v -0.18057 3.00694 3.25000
v -0.18057 3.10458 3.25000
v -0.28966 3.10458 3.25000
v -0.28966 3.13951 3.25000
v -0.18057 3.13951 3.25000
v -0.18057 3.24214 3.25000
v -0.43814 3.05404 3.25100
v -0.41088 3.05628 3.25100
v -0.38586 3.06303 3.25100
v -0.37421 3.06811 3.25100
v -0.36312 3.07432 3.25100
v -0.36312 3.11144 3.25100
v -0.38311 3.09804 3.25100
v -0.40371 3.08951 3.25100
v -0.41884 3.08619 3.25100
v -0.43455 3.08508 3.25100
v -0.45385 3.08841 3.25100
v -0.46765 3.09841 3.25100
v -0.47593 3.11508 3.25100
v -0.47869 3.13842 3.25100
v -0.41412 3.14747 3.25100
v -0.38810 3.15353 3.25100
v -0.37396 3.15984 3.25100
v -0.35611 3.17438 3.25100
v -0.34540 3.19397 3.25100
v -0.34183 3.21858 3.25100
v -0.34300 3.23245 3.25100
v -0.34651 3.24479 3.25100
v -0.35236 3.25561 3.25100
v -0.36055 3.26491 3.25100
v -0.37071 3.27239 3.25100
v -0.38249 3.27775 3.25100
v -0.39589 3.28098 3.25100
v -0.41093 3.28206 3.25100
v -0.43236 3.27945 3.25100
v -0.45091 3.27162 3.25100
v -0.46555 3.25967 3.25100
v -0.47768 3.24323 3.25100
v -0.47869 3.24323 3.25100
v -0.47869 3.27692 3.25100
v -0.51690 3.27692 3.25100
v -0.51690 3.13670 3.25100
v -0.51471 3.11141 3.25100
v -0.51082 3.09711 3.25100
v -0.50480 3.08457 3.25100
v -0.48905 3.06760 3.25100
v -0.46683 3.05743 3.25100
v -0.45329 3.05489 3.25100
v -0.39073 3.18786 3.25100
v -0.38313 3.19972 3.25100
v -0.38059 3.21547 3.25100
v -0.42769 3.17445 3.25100
v -0.40493 3.17968 3.25100
v -0.47869 3.16758 3.25100
v -0.47869 3.18848 3.25100
v -0.46232 3.23293 3.25100
v -0.47460 3.21305 3.25100
v -0.47767 3.20135 3.25100
v -0.42083 3.25071 3.25100
v -0.44380 3.24627 3.25100
v -0.39166 3.24089 3.25100
v -0.40446 3.24826 3.25100
v -0.38335 3.22964 3.25100
v -0.36312 3.07432 3.25000
v -0.36312 3.11144 3.25000
v -0.38311 3.09804 3.25000
v -0.40371 3.08951 3.25000
v -0.41884 3.08619 3.25000
v -0.43455 3.08508 3.25000
v -0.45385 3.08841 3.25000
v -0.46765 3.09841 3.25000
v -0.47593 3.11508 3.25000
v -0.47869 3.13842 3.25000
v -0.41412 3.14747 3.25000
v -0.38810 3.15353 3.25000
v -0.37396 3.15984 3.25000
v -0.35611 3.17438 3.25000
v -0.34540 3.19397 3.25000
v -0.34183 3.21858 3.25000
v -0.34300 3.23245 3.25000
v -0.34651 3.24479 3.25000
v -0.35236 3.25561 3.25000
v -0.36055 3.26491 3.25000
v -0.37071 3.27239 3.25000
v -0.38249 3.27775 3.25000
v -0.39589 3.28098 3.25000
v -0.41093 3.28206 3.25000
v -0.43236 3.27945 3.25000
v -0.45091 3.27162 3.25000
v -0.46555 3.25967 3.25000
v -0.47768 3.24323 3.25000
v -0.47869 3.24323 3.25000
v -0.47869 3.27692 3.25000
v -0.51690 3.27692 3.25000
v -0.51690 3.13670 3.25000
v -0.51471 3.11141 3.25000
v -0.51082 3.09711 3.25000
v -0.50480 3.08457 3.25000
v -0.48905 3.06760 3.25000
v -0.46683 3.05743 3.25000
v -0.45329 3.05489 3.25000
v -0.43814 3.05404 3.25000
v -0.41088 3.05628 3.25000
v -0.38586 3.06303 3.25000
v -0.37421 3.06811 3.25000
v -0.47869 3.16758 3.25000
v -0.42769 3.17445 3.25000
v -0.47869 3.18848 3.25000
v -0.46232 3.23293 3.25000
v -0.47460 3.21305 3.25000
v -0.47767 3.20135 3.25000
v -0.42083 3.25071 3.25000
v -0.44380 3.24627 3.25000
v -0.39166 3.24089 3.25000
v -0.40446 3.24826 3.25000
v -0.38059 3.21547 3.25000
v -0.38335 3.22964 3.25000
v -0.39073 3.18786 3.25000
v -0.38313 3.19972 3.25000
v -0.40493 3.17968 3.25000
v -0.43814 3.05404 3.25100
v -0.43814 3.05404 3.25000
v -0.41088 3.05628 3.25100
v -0.38586 3.06303 3.25100
v -0.37421 3.06811 3.25100
v -0.36312 3.07432 3.25100
v -0.36312 3.07432 3.25000
v -0.41088 3.05628 3.25000
v -0.38586 3.06303 3.25000
v -0.37421 3.06811 3.25000
v -0.36312 3.07432 3.25100
v -0.36312 3.07432 3.25000
v -0.36312 3.11144 3.25100
v -0.36312 3.11144 3.25000
v -0.36312 3.11144 3.25100
v -0.36312 3.11144 3.25000
v -0.38311 3.09804 3.25100
v -0.40371 3.08951 3.25100
v -0.41884 3.08619 3.25100
v -0.43455 3.08508 3.25100
v -0.43455 3.08508 3.25000
v -0.38311 3.09804 3.25000
v -0.40371 3.08951 3.25000
v -0.41884 3.08619 3.25000
v -0.43455 3.08508 3.25100
v -0.43455 3.08508 3.25000
v -0.45385 3.08841 3.25100
v -0.46765 3.09841 3.25100
v -0.47593 3.11508 3.25100
v -0.47869 3.13842 3.25100
v -0.47869 3.13842 3.25000
v -0.45385 3.08841 3.25000
v -0.46765 3.09841 3.25000
v -0.47593 3.11508 3.25000
v -0.47869 3.13842 3.25100
v -0.47869 3.13842 3.25000
v -0.41412 3.14747 3.25100
v -0.41412 3.14747 3.25000
v -0.41412 3.14747 3.25100
v -0.41412 3.14747 3.25000
v -0.38810 3.15353 3.25100
v -0.37396 3.15984 3.25100
v -0.35611 3.17438 3.25100
v -0.34540 3.19397 3.25100
v -0.34183 3.21858 3.25100
v -0.34183 3.21858 3.25000
v -0.38810 3.15353 3.25000
v -0.37396 3.15984 3.25000
v -0.35611 3.17438 3.25000
v -0.34540 3.19397 3.25000
v -0.34183 3.21858 3.25100
v -0.34183 3.21858 3.25000
v -0.34300 3.23245 3.25100
v -0.34651 3.24479 3.25100
v -0.35236 3.25561 3.25100
v -0.36055 3.26491 3.25100
v -0.36055 3.26491 3.25000
v -0.34300 3.23245 3.25000
v -0.34651 3.24479 3.25000
v -0.35236 3.25561 3.25000
v -0.36055 3.26491 3.25100
v -0.36055 3.26491 3.25000
v -0.37071 3.27239 3.25100
v -0.38249 3.27775 3.25100
v -0.39589 3.28098 3.25100
v -0.41093 3.28206 3.25100
v -0.41093 3.28206 3.25000
v -0.37071 3.27239 3.25000
v -0.38249 3.27775 3.25000
v -0.39589 3.28098 3.25000
v -0.41093 3.28206 3.25100
v -0.41093 3.28206 3.25000
v -0.43236 3.27945 3.25100
v -0.45091 3.27162 3.25100
v -0.46555 3.25967 3.25100
v -0.47768 3.24323 3.25100
v -0.47768 3.24323 3.25000
v -0.43236 3.27945 3.25000
v -0.45091 3.27162 3.25000
v -0.46555 3.25967 3.25000
v -0.47768 3.24323 3.25100
v -0.47768 3.24323 3.25000
v -0.47869 3.24323 3.25100
v -0.47869 3.24323 3.25000
v -0.47869 3.24323 3.25100
v -0.47869 3.24323 3.25000
v -0.47869 3.27692 3.25100
v -0.47869 3.27692 3.25000
v -0.47869 3.27692 3.25100
v -0.47869 3.27692 3.25000
v -0.51690 3.27692 3.25100
v -0.51690 3.27692 3.25000
v -0.51690 3.27692 3.25100
v -0.51690 3.27692 3.25000
v -0.51690 3.13670 3.25100
v -0.51690 3.13670 3.25000
v -0.51690 3.13670 3.25100
v -0.51690 3.13670 3.25000
v -0.51471 3.11141 3.25100
v -0.51082 3.09711 3.25100
v -0.50480 3.08457 3.25100
v -0.48905 3.06760 3.25100
v -0.46683 3.05743 3.25100
v -0.45329 3.05489 3.25100
v -0.43814 3.05404 3.25100
v -0.43814 3.05404 3.25000
v -0.51471 3.11141 3.25000
v -0.51082 3.09711 3.25000
v -0.50480 3.08457 3.25000
v -0.48905 3.06760 3.25000
v -0.46683 3.05743 3.25000
v -0.45329 3.05489 3.25000
v -0.42769 3.17445 3.25000
v -0.40493 3.17968 3.25000
v -0.39073 3.18786 3.25000
v -0.42769 3.17445 3.25100
v -0.40493 3.17968 3.25100
v -0.39073 3.18786 3.25100
v -0.39073 3.18786 3.25000
v -0.38313 3.19972 3.25000
v -0.38059 3.21547 3.25000
v -0.39073 3.18786 3.25100
v -0.38313 3.19972 3.25100
v -0.38059 3.21547 3.25100
v -0.38059 3.21547 3.25000
v -0.38335 3.22964 3.25000
v -0.39166 3.24089 3.25000
v -0.38059 3.21547 3.25100
v -0.38335 3.22964 3.25100
v -0.39166 3.24089 3.25100
v -0.39166 3.24089 3.25000
v -0.40446 3.24826 3.25000
v -0.42083 3.25071 3.25000
v -0.39166 3.24089 3.25100
v -0.40446 3.24826 3.25100
v -0.42083 3.25071 3.25100
v -0.42083 3.25071 3.25000
v -0.44380 3.24627 3.25000
v -0.46232 3.23293 3.25000
v -0.42083 3.25071 3.25100
v -0.44380 3.24627 3.25100
v -0.46232 3.23293 3.25100
v -0.46232 3.23293 3.25000
v -0.47460 3.21305 3.25000
v -0.47767 3.20135 3.25000
v -0.47869 3.18848 3.25000
v -0.46232 3.23293 3.25100
v -0.47460 3.21305 3.25100
v -0.47767 3.20135 3.25100
v -0.47869 3.18848 3.25100
v -0.47869 3.18848 3.25000
v -0.47869 3.16758 3.25000
v -0.47869 3.18848 3.25100
v -0.47869 3.16758 3.25100
v -0.47869 3.16758 3.25000
v -0.42769 3.17445 3.25000
v -0.47869 3.16758 3.25100
v -0.42769 3.17445 3.25100
v -0.63154 3.25087 3.25100
v -0.63154 3.25087 3.25000
v -0.60788 3.24814 3.25100
v -0.58784 3.24113 3.25100
v -0.56868 3.22981 3.25100
v -0.56868 3.22981 3.25000
v -0.60788 3.24814 3.25000
v -0.58784 3.24113 3.25000
v -0.56868 3.22981 3.25100
v -0.56868 3.22981 3.25000
v -0.56868 3.26927 3.25100
v -0.56868 3.26927 3.25000
v -0.56868 3.26927 3.25100
v -0.56868 3.26927 3.25000
v -0.59025 3.27741 3.25100
v -0.60824 3.28089 3.25100
v -0.62779 3.28206 3.25100
v -0.62779 3.28206 3.25000
v -0.59025 3.27741 3.25000
v -0.60824 3.28089 3.25000
v -0.62779 3.28206 3.25100
v -0.62779 3.28206 3.25000
v -0.65398 3.27982 3.25100
v -0.67412 3.27406 3.25100
v -0.69127 3.26475 3.25100
v -0.69127 3.26475 3.25000
v -0.65398 3.27982 3.25000
v -0.67412 3.27406 3.25000
v -0.69127 3.26475 3.25100
v -0.69127 3.26475 3.25000
v -0.70202 3.25539 3.25100
v -0.70969 3.24442 3.25100
v -0.71430 3.23183 3.25100
v -0.71583 3.21765 3.25100
v -0.71583 3.21765 3.25000
v -0.70202 3.25539 3.25000
v -0.70969 3.24442 3.25000
v -0.71430 3.23183 3.25000
v -0.71583 3.21765 3.25100
v -0.71583 3.21765 3.25000
v -0.71263 3.19788 3.25100
v -0.70305 3.18162 3.25100
v -0.70305 3.18162 3.25000
v -0.71263 3.19788 3.25000
v -0.70305 3.18162 3.25100
v -0.70305 3.18162 3.25000
v -0.68431 3.16727 3.25100
v -0.65376 3.15339 3.25100
v -0.65376 3.15339 3.25000
v -0.68431 3.16727 3.25000
v -0.65376 3.15339 3.25100
v -0.65376 3.15339 3.25000
v -0.63011 3.14310 3.25100
v -0.61664 3.13468 3.25100
v -0.61664 3.13468 3.25000
v -0.63011 3.14310 3.25000
v -0.61664 3.13468 3.25100
v -0.61664 3.13468 3.25000
v -0.60830 3.11440 3.25100
v -0.60830 3.11440 3.25000
v -0.60830 3.11440 3.25100
v -0.60830 3.11440 3.25000
v -0.61121 3.10251 3.25100
v -0.61992 3.09319 3.25100
v -0.61992 3.09319 3.25000
v -0.61121 3.10251 3.25000
v -0.61992 3.09319 3.25100
v -0.61992 3.09319 3.25000
v -0.63324 3.08709 3.25100
v -0.65002 3.08508 3.25100
v -0.65002 3.08508 3.25000
v -0.63324 3.08709 3.25000
v -0.65002 3.08508 3.25100
v -0.65002 3.08508 3.25000
v -0.66510 3.08607 3.25100
v -0.67934 3.08904 3.25100
v -0.69276 3.09396 3.25100
v -0.70539 3.10083 3.25100
v -0.70539 3.10083 3.25000
v -0.66510 3.08607 3.25000
v -0.67934 3.08904 3.25000
v -0.69276 3.09396 3.25000
v -0.70539 3.10083 3.25100
v -0.70539 3.10083 3.25000
v -0.70539 3.06371 3.25100
v -0.70539 3.06371 3.25000
v -0.70539 3.06371 3.25100
v -0.70539 3.06371 3.25000
v -0.69322 3.05944 3.25100
v -0.68057 3.05642 3.25100
v -0.65376 3.05404 3.25100
v -0.65376 3.05404 3.25000
v -0.69322 3.05944 3.25000
v -0.68057 3.05642 3.25000
v -0.65376 3.05404 3.25100
v -0.65376 3.05404 3.25000
v -0.62945 3.05629 3.25100
v -0.61027 3.06205 3.25100
v -0.59340 3.07136 3.25100
v -0.59340 3.07136 3.25000
v -0.62945 3.05629 3.25000
v -0.61027 3.06205 3.25000
v -0.59340 3.07136 3.25100
v -0.59340 3.07136 3.25000
v -0.58270 3.08083 3.25100
v -0.57505 3.09173 3.25100
v -0.57045 3.10406 3.25100
v -0.56892 3.11783 3.25100
v -0.56892 3.11783 3.25000
v -0.58270 3.08083 3.25000
v -0.57505 3.09173 3.25000
v -0.57045 3.10406 3.25000
v -0.56892 3.11783 3.25100
v -0.56892 3.11783 3.25000
v -0.57162 3.13653 3.25100
v -0.57976 3.15230 3.25100
v -0.57976 3.15230 3.25000
v -0.57162 3.13653 3.25000
v -0.57976 3.15230 3.25100
v -0.57976 3.15230 3.25000
v -0.59692 3.16667 3.25100
v -0.62678 3.18115 3.25100
v -0.62678 3.18115 3.25000
v -0.59692 3.16667 3.25000
v -0.62678 3.18115 3.25100
v -0.62678 3.18115 3.25000
v -0.65173 3.19159 3.25100
v -0.66678 3.20065 3.25100
v -0.66678 3.20065 3.25000
v -0.65173 3.19159 3.25000
v -0.66678 3.20065 3.25100
v -0.66678 3.20065 3.25000
v -0.67661 3.22139 3.25100
v -0.67661 3.22139 3.25000
v -0.67661 3.22139 3.25100
v -0.67661 3.22139 3.25000
v -0.67379 3.23429 3.25100
v -0.66533 3.24350 3.25100
v -0.65125 3.24903 3.25100
v -0.63154 3.25087 3.25100
v -0.63154 3.25087 3.25000
v -0.67379 3.23429 3.25000
v -0.66533 3.24350 3.25000
v -0.65125 3.24903 3.25000
v -0.67661 3.22139 3.25100
v -0.67379 3.23429 3.25100
v -0.66533 3.24350 3.25100
v -0.65125 3.24903 3.25100
v -0.63154 3.25087 3.25100
v -0.66678 3.20065 3.25100
v -0.62678 3.18115 3.25100
v -0.65173 3.19159 3.25100
v -0.57976 3.15230 3.25100
v -0.59692 3.16667 3.25100
v -0.56892 3.11783 3.25100
v -0.57162 3.13653 3.25100
v -0.59340 3.07136 3.25100
v -0.58270 3.08083 3.25100
v -0.57505 3.09173 3.25100
v -0.57045 3.10406 3.25100
v -0.65376 3.05404 3.25100
v -0.62945 3.05629 3.25100
v -0.61027 3.06205 3.25100
v -0.70539 3.06371 3.25100
v -0.69322 3.05944 3.25100
v -0.68057 3.05642 3.25100
v -0.70539 3.10083 3.25100
v -0.65002 3.08508 3.25100
v -0.66510 3.08607 3.25100
v -0.67934 3.08904 3.25100
v -0.69276 3.09396 3.25100
v -0.61992 3.09319 3.25100
v -0.63324 3.08709 3.25100
v -0.60830 3.11440 3.25100
v -0.61121 3.10251 3.25100
v -0.61664 3.13468 3.25100
v -0.65376 3.15339 3.25100
v -0.63011 3.14310 3.25100
v -0.70305 3.18162 3.25100
v -0.68431 3.16727 3.25100
v -0.71583 3.21765 3.25100
v -0.71263 3.19788 3.25100
v -0.69127 3.26475 3.25100
v -0.70202 3.25539 3.25100
v -0.70969 3.24442 3.25100
v -0.71430 3.23183 3.25100
v -0.62779 3.28206 3.25100
v -0.65398 3.27982 3.25100
v -0.67412 3.27406 3.25100
v -0.56868 3.26927 3.25100
v -0.59025 3.27741 3.25100
v -0.60824 3.28089 3.25100
v -0.56868 3.22981 3.25100
v -0.60788 3.24814 3.25100
v -0.58784 3.24113 3.25100
v -0.63154 3.25087 3.25000
v -0.60788 3.24814 3.25000
v -0.58784 3.24113 3.25000
v -0.56868 3.22981 3.25000
v -0.67661 3.22139 3.25000
v -0.67379 3.23429 3.25000
v -0.66533 3.24350 3.25000
v -0.65125 3.24903 3.25000
v -0.66678 3.20065 3.25000
v -0.62678 3.18115 3.25000
v -0.65173 3.19159 3.25000
v -0.57976 3.15230 3.25000
v -0.59692 3.16667 3.25000
v -0.56892 3.11783 3.25000
v -0.57162 3.13653 3.25000
v -0.59340 3.07136 3.25000
v -0.58270 3.08083 3.25000
v -0.57505 3.09173 3.25000
v -0.57045 3.10406 3.25000
v -0.65376 3.05404 3.25000
v -0.62945 3.05629 3.25000
v -0.61027 3.06205 3.25000
v -0.70539 3.06371 3.25000
v -0.69322 3.05944 3.25000
v -0.68057 3.05642 3.25000
v -0.70539 3.10083 3.25000
v -0.65002 3.08508 3.25000
v -0.66510 3.08607 3.25000
v -0.67934 3.08904 3.25000
v -0.69276 3.09396 3.25000
v -0.61992 3.09319 3.25000
v -0.63324 3.08709 3.25000
v -0.60830 3.11440 3.25000
v -0.61121 3.10251 3.25000
v -0.61664 3.13468 3.25000
v -0.65376 3.15339 3.25000
v -0.63011 3.14310 3.25000
v -0.70305 3.18162 3.25000
v -0.68431 3.16727 3.25000
v -0.71583 3.21765 3.25000
v -0.71263 3.19788 3.25000
v -0.69127 3.26475 3.25000
v -0.70202 3.25539 3.25000
v -0.70969 3.24442 3.25000
v -0.71430 3.23183 3.25000
v -0.62779 3.28206 3.25000
v -0.65398 3.27982 3.25000
v -0.67412 3.27406 3.25000
v -0.56868 3.26927 3.25000
v -0.59025 3.27741 3.25000
v -0.60824 3.28089 3.25000
v -0.94487 3.05903 3.25100
v -0.94487 3.05903 3.25000
v -0.90525 3.05903 3.25100
v -0.90525 3.05903 3.25000
v -0.90525 3.05903 3.25100
v -0.90525 3.05903 3.25000
v -0.84575 3.22311 3.25100
v -0.84575 3.22311 3.25000
v -0.84575 3.22311 3.25100
v -0.84575 3.22311 3.25000
v -0.84107 3.24073 3.25100
v -0.84107 3.24073 3.25000
v -0.84107 3.24073 3.25100
v -0.84107 3.24073 3.25000
v -0.84006 3.24073 3.25100
v -0.84006 3.24073 3.25000
v -0.84006 3.24073 3.25100
v -0.84006 3.24073 3.25000
v -0.83538 3.22280 3.25100
v -0.83538 3.22280 3.25000
v -0.83538 3.22280 3.25100
v -0.83538 3.22280 3.25000
v -0.77845 3.05903 3.25100
v -0.77845 3.05903 3.25000
v -0.77845 3.05903 3.25100
v -0.77845 3.05903 3.25000
v -0.73572 3.05903 3.25100
v -0.73572 3.05903 3.25000
v -0.73572 3.05903 3.25100
v -0.73572 3.05903 3.25000
v -0.82119 3.27645 3.25100
v -0.82119 3.27645 3.25000
v -0.82119 3.27645 3.25100
v -0.82119 3.27645 3.25000
v -0.80442 3.31606 3.25100
v -0.80442 3.31606 3.25000
v -0.80442 3.31606 3.25100
v -0.80442 3.31606 3.25000
v -0.79711 3.32955 3.25100
v -0.78815 3.33914 3.25100
v -0.77754 3.34488 3.25100
v -0.76528 3.34679 3.25100
v -0.76528 3.34679 3.25000
v -0.79711 3.32955 3.25000
v -0.78815 3.33914 3.25000
v -0.77754 3.34488 3.25000
v -0.76528 3.34679 3.25100
v -0.76528 3.34679 3.25000
v -0.74360 3.34242 3.25100
v -0.74360 3.34242 3.25000
v -0.74360 3.34242 3.25100
v -0.74360 3.34242 3.25000
v -0.74360 3.37642 3.25100
v -0.74360 3.37642 3.25000
v -0.74360 3.37642 3.25100
v -0.74360 3.37642 3.25000
v -0.76824 3.37954 3.25100
v -0.76824 3.37954 3.25000
v -0.76824 3.37954 3.25100
v -0.76824 3.37954 3.25000
v -0.78942 3.37610 3.25100
v -0.80230 3.36998 3.25100
v -0.81885 3.35607 3.25100
v -0.83341 3.33602 3.25100
v -0.84599 3.30982 3.25100
v -0.84599 3.30982 3.25000
v -0.78942 3.37610 3.25000
v -0.80230 3.36998 3.25000
v -0.81885 3.35607 3.25000
v -0.83341 3.33602 3.25000
v -0.84599 3.30982 3.25100
v -0.84599 3.30982 3.25000
v -0.94487 3.05903 3.25100
v -0.94487 3.05903 3.25000
v -0.94487 3.05903 3.25100
v -0.90525 3.05903 3.25100
v -0.84575 3.22311 3.25100
v -0.84107 3.24073 3.25100
v -0.84006 3.24073 3.25100
v -0.83538 3.22280 3.25100
v -0.77845 3.05903 3.25100
v -0.73572 3.05903 3.25100
v -0.82119 3.27645 3.25100
v -0.80442 3.31606 3.25100
v -0.79711 3.32955 3.25100
v -0.78815 3.33914 3.25100
v -0.77754 3.34488 3.25100
v -0.76528 3.34679 3.25100
v -0.74360 3.34242 3.25100
v -0.74360 3.37642 3.25100
v -0.76824 3.37954 3.25100
v -0.78942 3.37610 3.25100
v -0.80230 3.36998 3.25100
v -0.81885 3.35607 3.25100
v -0.83341 3.33602 3.25100
v -0.84599 3.30982 3.25100
v -0.90525 3.05903 3.25000
v -0.84575 3.22311 3.25000
v -0.84107 3.24073 3.25000
v -0.84006 3.24073 3.25000
v -0.83538 3.22280 3.25000
v -0.77845 3.05903 3.25000
v -0.73572 3.05903 3.25000
v -0.82119 3.27645 3.25000
v -0.80442 3.31606 3.25000
v -0.79711 3.32955 3.25000
v -0.78815 3.33914 3.25000
v -0.77754 3.34488 3.25000
v -0.76528 3.34679 3.25000
v -0.74360 3.34242 3.25000
v -0.74360 3.37642 3.25000
v -0.76824 3.37954 3.25000
v -0.78942 3.37610 3.25000
v -0.80230 3.36998 3.25000
v -0.81885 3.35607 3.25000
v -0.83341 3.33602 3.25000
v -0.84599 3.30982 3.25000
v -0.94487 3.05903 3.25000
v -1.15012 3.27692 3.25100
v -1.15012 3.27692 3.25000
v -1.15012 3.24214 3.25100
v -1.15012 3.24214 3.25000
v -1.15012 3.24214 3.25100
v -1.15012 3.24214 3.25000
v -1.02542 3.24214 3.25100
v -1.02542 3.24214 3.25000
v -1.02542 3.24214 3.25100
v -1.02542 3.24214 3.25000
v -1.02542 3.13951 3.25100
v -1.02542 3.13951 3.25000
v -1.02542 3.13951 3.25100
v -1.02542 3.13951 3.25000
v -1.13452 3.13951 3.25100
v -1.13452 3.13951 3.25000
v -1.13452 3.13951 3.25100
v -1.13452 3.13951 3.25000
v -1.13452 3.10458 3.25100
v -1.13452 3.10458 3.25000
v -1.13452 3.10458 3.25100
v -1.13452 3.10458 3.25000
v -1.02542 3.10458 3.25100
v -1.02542 3.10458 3.25000
v -1.02542 3.10458 3.25100
v -1.02542 3.10458 3.25000
v -1.02542 3.00694 3.25100
v -1.02542 3.00694 3.25000
v -1.02542 3.00694 3.25100
v -1.02542 3.00694 3.25000
v -1.14318 3.00694 3.25100
v -1.14318 3.00694 3.25000
v -1.14318 3.00694 3.25100
v -1.14318 3.00694 3.25000
v -1.14318 2.97185 3.25100
v -1.14318 2.97185 3.25000
v -1.14318 2.97185 3.25100
v -1.14318 2.97185 3.25000
v -0.98604 2.97185 3.25100
v -0.98604 2.97185 3.25000
v -0.98604 2.97185 3.25100
v -0.98604 2.97185 3.25000
v -0.98604 3.27692 3.25100
v -0.98604 3.27692 3.25000
v -0.98604 3.27692 3.25100
v -0.98604 3.27692 3.25000
v -1.15012 3.27692 3.25100
v -1.15012 3.27692 3.25000
v -0.98604 3.27692 3.25100
v -1.15012 3.27692 3.25100
v -0.98604 2.97185 3.25100
v -1.14318 2.97185 3.25100
v -1.14318 3.00694 3.25100
v -1.02542 3.00694 3.25100
v -1.02542 3.10458 3.25100
v -1.13452 3.10458 3.25100
v -1.13452 3.13951 3.25100
v -1.02542 3.13951 3.25100
v -1.02542 3.24214 3.25100
v -1.15012 3.24214 3.25100
v -1.15012 3.27692 3.25000
v -1.15012 3.24214 3.25000
v -0.98604 3.27692 3.25000
v -0.98604 2.97185 3.25000
v -1.14318 2.97185 3.25000
v -1.14318 3.00694 3.25000
v -1.02542 3.00694 3.25000
v -1.02542 3.10458 3.25000
v -1.13452 3.10458 3.25000
v -1.13452 3.13951 3.25000
v -1.02542 3.13951 3.25000
v -1.02542 3.24214 3.25000
v -1.20774 3.27692 3.25100
v -1.29165 3.27692 3.25100
v -1.33273 3.27308 3.25100
v -1.36254 3.26434 3.25100
v -1.38734 3.25173 3.25100
v -1.39908 3.24353 3.25100
v -1.41011 3.23418 3.25100
v -1.42802 3.21411 3.25100
v -1.44154 3.19136 3.25100
v -1.45067 3.16592 3.25100
v -1.45475 3.14403 3.25100
v -1.45612 3.12048 3.25100
v -1.45340 3.08914 3.25100
v -1.44630 3.06371 3.25100
v -1.43519 3.04150 3.25100
v -1.42386 3.02615 3.25100
v -1.41011 3.01224 3.25100
v -1.38638 2.99498 3.25100
v -1.35990 2.98250 3.25100
v -1.33065 2.97481 3.25100
v -1.31314 2.97259 3.25100
v -1.29477 2.97185 3.25100
v -1.20774 2.97185 3.25100
v -1.24713 3.00694 3.25100
v -1.24713 3.24214 3.25100
v -1.29321 3.00694 3.25100
v -1.38125 3.03564 3.25100
v -1.36164 3.02221 3.25100
v -1.34135 3.01373 3.25100
v -1.31852 3.00864 3.25100
v -1.41471 3.12158 3.25100
v -1.41227 3.09280 3.25100
v -1.40590 3.07042 3.25100
v -1.39556 3.05134 3.25100
v -1.38211 3.21032 3.25100
v -1.39545 3.19435 3.25100
v -1.40529 3.17564 3.25100
v -1.40941 3.16350 3.25100
v -1.41236 3.15044 3.25100
v -1.29142 3.24214 3.25100
v -1.32400 3.23927 3.25100
v -1.34702 3.23275 3.25100
v -1.36591 3.22320 3.25100
v -1.29165 3.27692 3.25000
v -1.33273 3.27308 3.25000
v -1.36254 3.26434 3.25000
v -1.38734 3.25173 3.25000
v -1.39908 3.24353 3.25000
v -1.41011 3.23418 3.25000
v -1.42802 3.21411 3.25000
v -1.44154 3.19136 3.25000
v -1.45067 3.16592 3.25000
v -1.45475 3.14403 3.25000
v -1.45612 3.12048 3.25000
v -1.45340 3.08914 3.25000
v -1.44630 3.06371 3.25000
v -1.43519 3.04150 3.25000
v -1.42386 3.02615 3.25000
v -1.41011 3.01224 3.25000
v -1.38638 2.99498 3.25000
v -1.35990 2.98250 3.25000
v -1.33065 2.97481 3.25000
v -1.31314 2.97259 3.25000
v -1.29477 2.97185 3.25000
v -1.20774 2.97185 3.25000
v -1.20774 3.27692 3.25000
v -1.38125 3.03564 3.25000
v -1.36164 3.02221 3.25000
v -1.34135 3.01373 3.25000
v -1.31852 3.00864 3.25000
v -1.29321 3.00694 3.25000
v -1.41471 3.12158 3.25000
v -1.41227 3.09280 3.25000
v -1.40590 3.07042 3.25000
v -1.39556 3.05134 3.25000
v -1.38211 3.21032 3.25000
v -1.39545 3.19435 3.25000
v -1.40529 3.17564 3.25000
v -1.40941 3.16350 3.25000
v -1.41236 3.15044 3.25000
v -1.29142 3.24214 3.25000
v -1.32400 3.23927 3.25000
v -1.34702 3.23275 3.25000
v -1.36591 3.22320 3.25000
v -1.24713 3.24214 3.25000
v -1.24713 3.00694 3.25000
v -1.20774 3.27692 3.25100
v -1.20774 3.27692 3.25000
v -1.29165 3.27692 3.25100
v -1.29165 3.27692 3.25000
v -1.29165 3.27692 3.25100
v -1.29165 3.27692 3.25000
v -1.33273 3.27308 3.25100
v -1.36254 3.26434 3.25100
v -1.38734 3.25173 3.25100
v -1.39908 3.24353 3.25100
v -1.41011 3.23418 3.25100
v -1.41011 3.23418 3.25000
v -1.33273 3.27308 3.25000
v -1.36254 3.26434 3.25000
v -1.38734 3.25173 3.25000
v -1.39908 3.24353 3.25000
v -1.41011 3.23418 3.25100
v -1.41011 3.23418 3.25000
v -1.42802 3.21411 3.25100
v -1.44154 3.19136 3.25100
v -1.45067 3.16592 3.25100
v -1.45475 3.14403 3.25100
v -1.45612 3.12048 3.25100
v -1.45612 3.12048 3.25000
v -1.42802 3.21411 3.25000
v -1.44154 3.19136 3.25000
v -1.45067 3.16592 3.25000
v -1.45475 3.14403 3.25000
v -1.45612 3.12048 3.25100
v -1.45612 3.12048 3.25000
v -1.45340 3.08914 3.25100
v -1.44630 3.06371 3.25100
v -1.43519 3.04150 3.25100
v -1.42386 3.02615 3.25100
v -1.41011 3.01224 3.25100
v -1.41011 3.01224 3.25000
v -1.45340 3.08914 3.25000
v -1.44630 3.06371 3.25000
v -1.43519 3.04150 3.25000
v -1.42386 3.02615 3.25000
v -1.41011 3.01224 3.25100
v -1.41011 3.01224 3.25000
v -1.38638 2.99498 3.25100
v -1.35990 2.98250 3.25100
v -1.33065 2.97481 3.25100
v -1.31314 2.97259 3.25100
v -1.29477 2.97185 3.25100
v -1.29477 2.97185 3.25000
v -1.38638 2.99498 3.25000
v -1.35990 2.98250 3.25000
v -1.33065 2.97481 3.25000
v -1.31314 2.97259 3.25000
v -1.29477 2.97185 3.25100
v -1.29477 2.97185 3.25000
v -1.20774 2.97185 3.25100
v -1.20774 2.97185 3.25000
v -1.20774 2.97185 3.25100
v -1.20774 2.97185 3.25000
v -1.20774 3.27692 3.25100
v -1.20774 3.27692 3.25000
v -1.29321 3.00694 3.25000
v -1.24713 3.00694 3.25000
v -1.29321 3.00694 3.25100
v -1.24713 3.00694 3.25100
v -1.24713 3.00694 3.25000
v -1.24713 3.24214 3.25000
v -1.24713 3.00694 3.25100
v -1.24713 3.24214 3.25100
v -1.24713 3.24214 3.25000
v -1.29142 3.24214 3.25000
v -1.24713 3.24214 3.25100
v -1.29142 3.24214 3.25100
v -1.29142 3.24214 3.25000
v -1.32400 3.23927 3.25000
v -1.34702 3.23275 3.25000
v -1.36591 3.22320 3.25000
v -1.38211 3.21032 3.25000
v -1.29142 3.24214 3.25100
v -1.32400 3.23927 3.25100
v -1.34702 3.23275 3.25100
v -1.36591 3.22320 3.25100
v -1.38211 3.21032 3.25100
v -1.38211 3.21032 3.25000
v -1.39545 3.19435 3.25000
v -1.40529 3.17564 3.25000
v -1.40941 3.16350 3.25000
v -1.41236 3.15044 3.25000
v -1.41471 3.12158 3.25000
v -1.38211 3.21032 3.25100
v -1.39545 3.19435 3.25100
v -1.40529 3.17564 3.25100
v -1.40941 3.16350 3.25100
v -1.41236 3.15044 3.25100
v -1.41471 3.12158 3.25100
v -1.41471 3.12158 3.25000
v -1.41227 3.09280 3.25000
v -1.40590 3.07042 3.25000
v -1.39556 3.05134 3.25000
v -1.38125 3.03564 3.25000
v -1.41471 3.12158 3.25100
v -1.41227 3.09280 3.25100
v -1.40590 3.07042 3.25100
v -1.39556 3.05134 3.25100
v -1.38125 3.03564 3.25100
v -1.38125 3.03564 3.25000
v -1.36164 3.02221 3.25000
v -1.34135 3.01373 3.25000
v -1.31852 3.00864 3.25000
v -1.29321 3.00694 3.25000
v -1.38125 3.03564 3.25100
v -1.36164 3.02221 3.25100
v -1.34135 3.01373 3.25100
v -1.31852 3.00864 3.25100
v -1.29321 3.00694 3.25100
v -1.70402 3.27692 3.25100
v -1.74753 3.27692 3.25100
v -1.67291 3.19347 3.25100
v -1.54587 3.19347 3.25100
v -1.51655 3.27692 3.25100
v -1.47304 3.27692 3.25100
v -1.58923 2.97185 3.25100
v -1.63134 2.97185 3.25100
v -1.66074 3.15901 3.25100
v -1.61465 3.03221 3.25100
v -1.60990 3.01084 3.25100
v -1.60896 3.01084 3.25100
v -1.60397 3.03221 3.25100
v -1.55835 3.15901 3.25100
v -1.74753 3.27692 3.25000
v -1.63134 2.97185 3.25000
v -1.70402 3.27692 3.25000
v -1.67291 3.19347 3.25000
v -1.54587 3.19347 3.25000
v -1.51655 3.27692 3.25000
v -1.47304 3.27692 3.25000
v -1.58923 2.97185 3.25000
v -1.60397 3.03221 3.25000
v -1.55835 3.15901 3.25000
v -1.66074 3.15901 3.25000
v -1.61465 3.03221 3.25000
v -1.60990 3.01084 3.25000
v -1.60896 3.01084 3.25000
v -1.74753 3.27692 3.25100
v -1.74753 3.27692 3.25000
v -1.63134 2.97185 3.25100
v -1.63134 2.97185 3.25000
v -1.63134 2.97185 3.25100
v -1.63134 2.97185 3.25000
v -1.58923 2.97185 3.25100
v -1.58923 2.97185 3.25000
v -1.58923 2.97185 3.25100
v -1.58923 2.97185 3.25000
v -1.47304 3.27692 3.25100
v -1.47304 3.27692 3.25000
v -1.47304 3.27692 3.25100
v -1.47304 3.27692 3.25000
v -1.51655 3.27692 3.25100
v -1.51655 3.27692 3.25000
v -1.51655 3.27692 3.25100
v -1.51655 3.27692 3.25000
v -1.54587 3.19347 3.25100
v -1.54587 3.19347 3.25000
v -1.54587 3.19347 3.25100
v -1.54587 3.19347 3.25000
v -1.67291 3.19347 3.25100
v -1.67291 3.19347 3.25000
v -1.67291 3.19347 3.25100
v -1.67291 3.19347 3.25000
v -1.70402 3.27692 3.25100
v -1.70402 3.27692 3.25000
v -1.70402 3.27692 3.25100
v -1.70402 3.27692 3.25000
v -1.74753 3.27692 3.25100
v -1.74753 3.27692 3.25000
v -1.55835 3.15901 3.25000
v -1.66074 3.15901 3.25000
v -1.55835 3.15901 3.25100
v -1.66074 3.15901 3.25100
v -1.66074 3.15901 3.25000
v -1.61465 3.03221 3.25000
v -1.66074 3.15901 3.25100
v -1.61465 3.03221 3.25100
v -1.61465 3.03221 3.25000
v -1.60990 3.01084 3.25000
v -1.61465 3.03221 3.25100
v -1.60990 3.01084 3.25100
v -1.60990 3.01084 3.25000
v -1.60896 3.01084 3.25000
v -1.60990 3.01084 3.25100
v -1.60896 3.01084 3.25100
v -1.60896 3.01084 3.25000
v -1.60397 3.03221 3.25000
v -1.60896 3.01084 3.25100
v -1.60397 3.03221 3.25100
v -1.60397 3.03221 3.25000
v -1.55835 3.15901 3.25000
v -1.60397 3.03221 3.25100
v -1.55835 3.15901 3.25100
v 0.18891 3.18037 3.25100
v 0.15525 3.13640 3.25100
v 0.13041 3.08760 3.25100
v 0.11478 3.03525 3.25100
v 0.11020 3.00502 3.25100
v 0.10866 2.97432 3.25100
v 0.38629 3.27797 3.25100
v 0.33225 3.26833 3.25100
v 0.28146 3.24925 3.25100
v 0.23484 3.22131 3.25100
v 0.21100 3.20208 3.25100
v 0.51425 3.27797 3.25100
v 0.57716 3.21073 3.25100
v 0.57322 3.23297 3.25100
v 0.56665 3.24630 3.25100
v 0.55291 3.26210 3.25100
v 0.53505 3.27310 3.25100
v 0.50992 3.14350 3.25100
v 0.53327 3.14773 3.25100
v 0.54700 3.15478 3.25100
v 0.56287 3.16951 3.25100
v 0.57336 3.18860 3.25100
v 0.49690 3.14567 3.25100
v 0.39930 3.14567 3.25100
v 0.24313 2.97649 3.25100
v 0.24603 3.00813 3.25100
v 0.25439 3.03788 3.25100
v 0.26773 3.06516 3.25100
v 0.28555 3.08941 3.25100
v 0.30736 3.11008 3.25100
v 0.33269 3.12660 3.25100
v 0.36102 3.13841 3.25100
v 0.37974 3.14310 3.25100
v 0.41231 2.80730 3.25100
v 0.37919 2.81056 3.25100
v 0.34824 2.81991 3.25100
v 0.32008 2.83473 3.25100
v 0.29535 2.85437 3.25100
v 0.27468 2.87822 3.25100
v 0.25869 2.90565 3.25100
v 0.24803 2.93601 3.25100
v 0.24438 2.95589 3.25100
v 0.42966 2.80730 3.25100
v 0.73332 2.53618 3.25100
v 0.67771 2.54131 3.25100
v 0.62533 2.55607 3.25100
v 0.57713 2.57953 3.25100
v 0.53403 2.61075 3.25100
v 0.49698 2.64881 3.25100
v 0.46689 2.69276 3.25100
v 0.44472 2.74168 3.25100
v 0.43541 2.77384 3.25100
v 1.02397 2.74440 3.25100
v 1.00075 2.69226 3.25100
v 0.96884 2.64586 3.25100
v 0.92920 2.60626 3.25100
v 0.88279 2.57449 3.25100
v 0.83059 2.55164 3.25100
v 0.78335 2.54015 3.25100
v 1.13892 2.71187 3.25100
v 1.09803 2.71597 3.25100
v 1.05907 2.72729 3.25100
v 1.35582 2.92877 3.25100
v 1.35163 2.88638 3.25100
v 1.33962 2.84673 3.25100
v 1.32059 2.81064 3.25100
v 1.29537 2.77892 3.25100
v 1.26478 2.75239 3.25100
v 1.22962 2.73186 3.25100
v 1.19072 2.71816 3.25100
v 1.16528 2.71347 3.25100
v 1.22568 3.12831 3.25100
v 1.26168 3.10766 3.25100
v 1.29316 3.08092 3.25100
v 1.31922 3.04887 3.25100
v 1.33895 3.01231 3.25100
v 1.35145 2.97202 3.25100
v 1.35471 2.95071 3.25100
v 1.02180 2.98516 3.25100
v 1.06276 2.98913 3.25100
v 1.10123 3.00050 3.25100
v 1.13644 3.01850 3.25100
v 1.16766 3.04232 3.25100
v 1.19413 3.07117 3.25100
v 1.21203 3.09850 3.25100
v 0.85912 3.05891 3.25100
v 0.88740 3.03163 3.25100
v 0.92047 3.01000 3.25100
v 0.95750 2.99472 3.25100
v 0.98887 2.98761 3.25100
v 0.56848 2.90708 3.25100
v 0.50124 3.02203 3.25100
v 0.80490 3.18254 3.25100
v 0.80490 3.20423 3.25100
v 1.02180 3.42113 3.25100
v 0.97941 3.41694 3.25100
v 0.93976 3.40493 3.25100
v 0.90367 3.38590 3.25100
v 0.87195 3.36068 3.25100
v 0.84542 3.33008 3.25100
v 0.82489 3.29492 3.25100
v 0.81119 3.25602 3.25100
v 0.80650 3.23058 3.25100
v 1.22785 3.27364 3.25100
v 1.21164 3.31080 3.25100
v 1.18894 3.34375 3.25100
v 1.16060 3.37179 3.25100
v 1.12743 3.39420 3.25100
v 1.09029 3.41028 3.25100
v 1.05689 3.41835 3.25100
v 1.40137 3.16952 3.25100
v 1.35012 3.21580 3.25100
v 1.29212 3.25050 3.25100
v 1.49247 2.93311 3.25100
v 1.48548 3.00256 3.25100
v 1.46503 3.06903 3.25100
v 1.43757 3.12174 3.25100
v 1.39052 2.68584 3.25100
v 1.43284 2.73722 3.25100
v 1.46442 2.79538 3.25100
v 1.48451 2.85862 3.25100
v 1.49046 2.89548 3.25100
v 1.14109 2.58173 3.25100
v 1.20806 2.58817 3.25100
v 1.27201 2.60711 3.25100
v 1.33142 2.63800 3.25100
v 1.36204 2.66020 3.25100
v 1.09120 2.58607 3.25100
v 0.99577 2.49063 3.25100
v 1.03063 2.51875 3.25100
v 1.06212 2.55072 3.25100
v 0.73549 2.40604 3.25100
v 0.81945 2.41407 3.25100
v 0.89884 2.43743 3.25100
v 0.94871 2.46101 3.25100
v 0.44051 2.51883 3.25100
v 0.51167 2.46771 3.25100
v 0.59027 2.43115 3.25100
v 0.66156 2.41245 3.25100
v 0.32338 2.69018 3.25100
v 0.35279 2.62744 3.25100
v 0.39231 2.57000 3.25100
v 0.11531 2.91698 3.25100
v 0.13263 2.86293 3.25100
v 0.15955 2.81339 3.25100
v 0.19502 2.76958 3.25100
v 0.23798 2.73275 3.25100
v 0.27875 2.70826 3.25100
v 1.02397 3.12181 3.25100
v 1.04100 3.12355 3.25100
v 1.05751 3.12879 3.25100
v 1.07435 3.13852 3.25100
v 1.08866 3.15194 3.25100
v 1.09953 3.16831 3.25100
v 1.10627 3.18675 3.25100
v 1.10856 3.20646 3.25100
v 1.10637 3.22563 3.25100
v 1.09997 3.24360 3.25100
v 1.09177 3.25696 3.25100
v 1.08321 3.26671 3.25100
v 1.06603 3.27972 3.25100
v 1.04599 3.28805 3.25100
v 1.02397 3.29099 3.25100
v 1.00627 3.28915 3.25100
v 0.98949 3.28368 3.25100
v 0.97299 3.27389 3.25100
v 0.95896 3.26044 3.25100
v 0.94824 3.24399 3.25100
v 0.94157 3.22547 3.25100
v 0.93938 3.20586 3.25100
v 0.94166 3.18672 3.25100
v 0.94817 3.16878 3.25100
v 0.95639 3.15553 3.25100
v 0.96495 3.14586 3.25100
v 0.98208 3.13297 3.25100
v 1.00205 3.12471 3.25100
v 0.10866 2.97432 3.25000
v 0.11531 2.91698 3.25000
v 0.13263 2.86293 3.25000
v 0.15955 2.81339 3.25000
v 0.19502 2.76958 3.25000
v 0.23798 2.73275 3.25000
v 0.27875 2.70826 3.25000
v 0.32338 2.69018 3.25000
v 0.18891 3.18037 3.25000
v 0.15525 3.13640 3.25000
v 0.13041 3.08760 3.25000
v 0.11478 3.03525 3.25000
v 0.11020 3.00502 3.25000
v 0.38629 3.27797 3.25000
v 0.33225 3.26833 3.25000
v 0.28146 3.24925 3.25000
v 0.23484 3.22131 3.25000
v 0.21100 3.20208 3.25000
v 0.51425 3.27797 3.25000
v 0.57716 3.21073 3.25000
v 0.57322 3.23297 3.25000
v 0.56665 3.24630 3.25000
v 0.55291 3.26210 3.25000
v 0.53505 3.27310 3.25000
v 0.50992 3.14350 3.25000
v 0.53327 3.14773 3.25000
v 0.54700 3.15478 3.25000
v 0.56287 3.16951 3.25000
v 0.57336 3.18860 3.25000
v 0.49690 3.14567 3.25000
v 0.39930 3.14567 3.25000
v 0.24313 2.97649 3.25000
v 0.24603 3.00813 3.25000
v 0.25439 3.03788 3.25000
v 0.26773 3.06516 3.25000
v 0.28555 3.08941 3.25000
v 0.30736 3.11008 3.25000
v 0.33269 3.12660 3.25000
v 0.36102 3.13841 3.25000
v 0.37974 3.14310 3.25000
v 0.41231 2.80730 3.25000
v 0.37919 2.81056 3.25000
v 0.34824 2.81991 3.25000
v 0.32008 2.83473 3.25000
v 0.29535 2.85437 3.25000
v 0.27468 2.87822 3.25000
v 0.25869 2.90565 3.25000
v 0.24803 2.93601 3.25000
v 0.24438 2.95589 3.25000
v 0.42966 2.80730 3.25000
v 0.73332 2.53618 3.25000
v 0.67771 2.54131 3.25000
v 0.62533 2.55607 3.25000
v 0.57713 2.57953 3.25000
v 0.53403 2.61075 3.25000
v 0.49698 2.64881 3.25000
v 0.46689 2.69276 3.25000
v 0.44472 2.74168 3.25000
v 0.43541 2.77384 3.25000
v 1.02397 2.74440 3.25000
v 1.00075 2.69226 3.25000
v 0.96884 2.64586 3.25000
v 0.92920 2.60626 3.25000
v 0.88279 2.57449 3.25000
v 0.83059 2.55164 3.25000
v 0.78335 2.54015 3.25000
v 1.13892 2.71187 3.25000
v 1.09803 2.71597 3.25000
v 1.05907 2.72729 3.25000
v 1.35582 2.92877 3.25000
v 1.35163 2.88638 3.25000
v 1.33962 2.84673 3.25000
v 1.32059 2.81064 3.25000
v 1.29537 2.77892 3.25000
v 1.26478 2.75239 3.25000
v 1.22962 2.73186 3.25000
v 1.19072 2.71816 3.25000
v 1.16528 2.71347 3.25000
v 1.22568 3.12831 3.25000
v 1.26168 3.10766 3.25000
v 1.29316 3.08092 3.25000
v 1.31922 3.04887 3.25000
v 1.33895 3.01231 3.25000
v 1.35145 2.97202 3.25000
v 1.35471 2.95071 3.25000
v 1.02180 2.98516 3.25000
v 1.06276 2.98913 3.25000
v 1.10123 3.00050 3.25000
v 1.13644 3.01850 3.25000
v 1.16766 3.04232 3.25000
v 1.19413 3.07117 3.25000
v 1.21203 3.09850 3.25000
v 0.85912 3.05891 3.25000
v 0.88740 3.03163 3.25000
v 0.92047 3.01000 3.25000
v 0.95750 2.99472 3.25000
v 0.98887 2.98761 3.25000
v 0.56848 2.90708 3.25000
v 0.50124 3.02203 3.25000
v 0.80490 3.18254 3.25000
v 0.80490 3.20423 3.25000
v 1.02180 3.42113 3.25000
v 0.97941 3.41694 3.25000
v 0.93976 3.40493 3.25000
v 0.90367 3.38590 3.25000
v 0.87195 3.36068 3.25000
v 0.84542 3.33008 3.25000
v 0.82489 3.29492 3.25000
v 0.81119 3.25602 3.25000
v 0.80650 3.23058 3.25000
v 1.22785 3.27364 3.25000
v 1.21164 3.31080 3.25000
v 1.18894 3.34375 3.25000
v 1.16060 3.37179 3.25000
v 1.12743 3.39420 3.25000
v 1.09029 3.41028 3.25000
v 1.05689 3.41835 3.25000
v 1.40137 3.16952 3.25000
v 1.35012 3.21580 3.25000
v 1.29212 3.25050 3.25000
v 1.49247 2.93311 3.25000
v 1.48548 3.00256 3.25000
v 1.46503 3.06903 3.25000
v 1.43757 3.12174 3.25000
v 1.39052 2.68584 3.25000
v 1.43284 2.73722 3.25000
v 1.46442 2.79538 3.25000
v 1.48451 2.85862 3.25000
v 1.49046 2.89548 3.25000
v 1.14109 2.58173 3.25000
v 1.20806 2.58817 3.25000
v 1.27201 2.60711 3.25000
v 1.33142 2.63800 3.25000
v 1.36204 2.66020 3.25000
v 1.09120 2.58607 3.25000
v 0.99577 2.49063 3.25000
v 1.03063 2.51875 3.25000
v 1.06212 2.55072 3.25000
v 0.73549 2.40604 3.25000
v 0.81945 2.41407 3.25000
v 0.89884 2.43743 3.25000
v 0.94871 2.46101 3.25000
v 0.44051 2.51883 3.25000
v 0.51167 2.46771 3.25000
v 0.59027 2.43115 3.25000
v 0.66156 2.41245 3.25000
v 0.35279 2.62744 3.25000
v 0.39231 2.57000 3.25000
v 1.02397 3.12181 3.25000
v 1.04100 3.12355 3.25000
v 1.05751 3.12879 3.25000
v 1.07435 3.13852 3.25000
v 1.08866 3.15194 3.25000
v 1.09953 3.16831 3.25000
v 1.10627 3.18675 3.25000
v 1.10856 3.20646 3.25000
v 1.10637 3.22563 3.25000
v 1.09997 3.24360 3.25000
v 1.09177 3.25696 3.25000
v 1.08321 3.26671 3.25000
v 1.06603 3.27972 3.25000
v 1.04599 3.28805 3.25000
v 1.02397 3.29099 3.25000
v 1.00627 3.28915 3.25000
v 0.98949 3.28368 3.25000
v 0.97299 3.27389 3.25000
v 0.95896 3.26044 3.25000
v 0.94824 3.24399 3.25000
v 0.94157 3.22547 3.25000
v 0.93938 3.20586 3.25000
v 0.94166 3.18672 3.25000
v 0.94817 3.16878 3.25000
v 0.95639 3.15553 3.25000
v 0.96495 3.14586 3.25000
v 0.98208 3.13297 3.25000
v 1.00205 3.12471 3.25000
v 0.10866 2.97432 3.25100
v 0.10866 2.97432 3.25000
v 0.11531 2.91698 3.25100
v 0.13263 2.86293 3.25100
v 0.15955 2.81339 3.25100
v 0.19502 2.76958 3.25100
v 0.23798 2.73275 3.25100
v 0.27875 2.70826 3.25100
v 0.32338 2.69018 3.25100
v 0.32338 2.69018 3.25000
v 0.11531 2.91698 3.25000
v 0.13263 2.86293 3.25000
v 0.15955 2.81339 3.25000
v 0.19502 2.76958 3.25000
v 0.23798 2.73275 3.25000
v 0.27875 2.70826 3.25000
v 0.32338 2.69018 3.25100
v 0.32338 2.69018 3.25000
v 0.35279 2.62744 3.25100
v 0.39231 2.57000 3.25100
v 0.44051 2.51883 3.25100
v 0.44051 2.51883 3.25000
v 0.35279 2.62744 3.25000
v 0.39231 2.57000 3.25000
v 0.44051 2.51883 3.25100
v 0.44051 2.51883 3.25000
v 0.51167 2.46771 3.25100
v 0.59027 2.43115 3.25100
v 0.66156 2.41245 3.25100
v 0.73549 2.40604 3.25100
v 0.73549 2.40604 3.25000
v 0.51167 2.46771 3.25000
v 0.59027 2.43115 3.25000
v 0.66156 2.41245 3.25000
v 0.73549 2.40604 3.25100
v 0.73549 2.40604 3.25000
v 0.81945 2.41407 3.25100
v 0.89884 2.43743 3.25100
v 0.94871 2.46101 3.25100
v 0.99577 2.49063 3.25100
v 0.99577 2.49063 3.25000
v 0.81945 2.41407 3.25000
v 0.89884 2.43743 3.25000
v 0.94871 2.46101 3.25000
v 0.99577 2.49063 3.25100
v 0.99577 2.49063 3.25000
v 1.03063 2.51875 3.25100
v 1.06212 2.55072 3.25100
v 1.09120 2.58607 3.25100
v 1.09120 2.58607 3.25000
v 1.03063 2.51875 3.25000
v 1.06212 2.55072 3.25000
v 1.09120 2.58607 3.25100
v 1.09120 2.58607 3.25000
v 1.14109 2.58173 3.25100
v 1.14109 2.58173 3.25000
v 1.14109 2.58173 3.25100
v 1.14109 2.58173 3.25000
v 1.20806 2.58817 3.25100
v 1.27201 2.60711 3.25100
v 1.33142 2.63800 3.25100
v 1.36204 2.66020 3.25100
v 1.39052 2.68584 3.25100
v 1.39052 2.68584 3.25000
v 1.20806 2.58817 3.25000
v 1.27201 2.60711 3.25000
v 1.33142 2.63800 3.25000
v 1.36204 2.66020 3.25000
v 1.39052 2.68584 3.25100
v 1.39052 2.68584 3.25000
v 1.43284 2.73722 3.25100
v 1.46442 2.79538 3.25100
v 1.48451 2.85862 3.25100
v 1.49046 2.89548 3.25100
v 1.49247 2.93311 3.25100
v 1.49247 2.93311 3.25000
v 1.43284 2.73722 3.25000
v 1.46442 2.79538 3.25000
v 1.48451 2.85862 3.25000
v 1.49046 2.89548 3.25000
v 1.49247 2.93311 3.25100
v 1.49247 2.93311 3.25000
v 1.48548 3.00256 3.25100
v 1.46503 3.06903 3.25100
v 1.43757 3.12174 3.25100
v 1.40137 3.16952 3.25100
v 1.40137 3.16952 3.25000
v 1.48548 3.00256 3.25000
v 1.46503 3.06903 3.25000
v 1.43757 3.12174 3.25000
v 1.40137 3.16952 3.25100
v 1.40137 3.16952 3.25000
v 1.35012 3.21580 3.25100
v 1.29212 3.25050 3.25100
v 1.22785 3.27364 3.25100
v 1.22785 3.27364 3.25000
v 1.35012 3.21580 3.25000
v 1.29212 3.25050 3.25000
v 1.22785 3.27364 3.25100
v 1.22785 3.27364 3.25000
v 1.21164 3.31080 3.25100
v 1.18894 3.34375 3.25100
v 1.16060 3.37179 3.25100
v 1.12743 3.39420 3.25100
v 1.09029 3.41028 3.25100
v 1.05689 3.41835 3.25100
v 1.02180 3.42113 3.25100
v 1.02180 3.42113 3.25000
v 1.21164 3.31080 3.25000
v 1.18894 3.34375 3.25000
v 1.16060 3.37179 3.25000
v 1.12743 3.39420 3.25000
v 1.09029 3.41028 3.25000
v 1.05689 3.41835 3.25000
v 1.02180 3.42113 3.25100
v 1.02180 3.42113 3.25000
v 0.97941 3.41694 3.25100
v 0.93976 3.40493 3.25100
v 0.90367 3.38590 3.25100
v 0.87195 3.36068 3.25100
v 0.84542 3.33008 3.25100
v 0.82489 3.29492 3.25100
v 0.81119 3.25602 3.25100
v 0.80650 3.23058 3.25100
v 0.80490 3.20423 3.25100
v 0.80490 3.20423 3.25000
v 0.97941 3.41694 3.25000
v 0.93976 3.40493 3.25000
v 0.90367 3.38590 3.25000
v 0.87195 3.36068 3.25000
v 0.84542 3.33008 3.25000
v 0.82489 3.29492 3.25000
v 0.81119 3.25602 3.25000
v 0.80650 3.23058 3.25000
v 0.80490 3.20423 3.25100
v 0.80490 3.20423 3.25000
v 0.80490 3.18254 3.25100
v 0.80490 3.18254 3.25000
v 0.80490 3.18254 3.25100
v 0.80490 3.18254 3.25000
v 0.50124 3.02203 3.25100
v 0.50124 3.02203 3.25000
v 0.50124 3.02203 3.25100
v 0.50124 3.02203 3.25000
v 0.56848 2.90708 3.25100
v 0.56848 2.90708 3.25000
v 0.56848 2.90708 3.25100
v 0.56848 2.90708 3.25000
v 0.85912 3.05891 3.25100
v 0.85912 3.05891 3.25000
v 0.85912 3.05891 3.25100
v 0.85912 3.05891 3.25000
v 0.88740 3.03163 3.25100
v 0.92047 3.01000 3.25100
v 0.95750 2.99472 3.25100
v 0.98887 2.98761 3.25100
v 1.02180 2.98516 3.25100
v 1.02180 2.98516 3.25000
v 0.88740 3.03163 3.25000
v 0.92047 3.01000 3.25000
v 0.95750 2.99472 3.25000
v 0.98887 2.98761 3.25000
v 1.02180 2.98516 3.25100
v 1.02180 2.98516 3.25000
v 1.06276 2.98913 3.25100
v 1.10123 3.00050 3.25100
v 1.13644 3.01850 3.25100
v 1.16766 3.04232 3.25100
v 1.19413 3.07117 3.25100
v 1.21203 3.09850 3.25100
v 1.22568 3.12831 3.25100
v 1.22568 3.12831 3.25000
v 1.06276 2.98913 3.25000
v 1.10123 3.00050 3.25000
v 1.13644 3.01850 3.25000
v 1.16766 3.04232 3.25000
v 1.19413 3.07117 3.25000
v 1.21203 3.09850 3.25000
v 1.22568 3.12831 3.25100
v 1.22568 3.12831 3.25000
v 1.26168 3.10766 3.25100
v 1.29316 3.08092 3.25100
v 1.31922 3.04887 3.25100
v 1.33895 3.01231 3.25100
v 1.35145 2.97202 3.25100
v 1.35471 2.95071 3.25100
v 1.35582 2.92877 3.25100
v 1.35582 2.92877 3.25000
v 1.26168 3.10766 3.25000
v 1.29316 3.08092 3.25000
v 1.31922 3.04887 3.25000
v 1.33895 3.01231 3.25000
v 1.35145 2.97202 3.25000
v 1.35471 2.95071 3.25000
v 1.35582 2.92877 3.25100
v 1.35582 2.92877 3.25000
v 1.35163 2.88638 3.25100
v 1.33962 2.84673 3.25100
v 1.32059 2.81064 3.25100
v 1.29537 2.77892 3.25100
v 1.26478 2.75239 3.25100
v 1.22962 2.73186 3.25100
v 1.19072 2.71816 3.25100
v 1.16528 2.71347 3.25100
v 1.13892 2.71187 3.25100
v 1.13892 2.71187 3.25000
v 1.35163 2.88638 3.25000
v 1.33962 2.84673 3.25000
v 1.32059 2.81064 3.25000
v 1.29537 2.77892 3.25000
v 1.26478 2.75239 3.25000
v 1.22962 2.73186 3.25000
v 1.19072 2.71816 3.25000
v 1.16528 2.71347 3.25000
v 1.13892 2.71187 3.25100
v 1.13892 2.71187 3.25000
v 1.09803 2.71597 3.25100
v 1.05907 2.72729 3.25100
v 1.02397 2.74440 3.25100
v 1.02397 2.74440 3.25000
v 1.09803 2.71597 3.25000
v 1.05907 2.72729 3.25000
v 1.02397 2.74440 3.25100
v 1.02397 2.74440 3.25000
v 1.00075 2.69226 3.25100
v 0.96884 2.64586 3.25100
v 0.92920 2.60626 3.25100
v 0.88279 2.57449 3.25100
v 0.83059 2.55164 3.25100
v 0.78335 2.54015 3.25100
v 0.73332 2.53618 3.25100
v 0.73332 2.53618 3.25000
v 1.00075 2.69226 3.25000
v 0.96884 2.64586 3.25000
v 0.92920 2.60626 3.25000
v 0.88279 2.57449 3.25000
v 0.83059 2.55164 3.25000
v 0.78335 2.54015 3.25000
v 0.73332 2.53618 3.25100
v 0.73332 2.53618 3.25000
v 0.67771 2.54131 3.25100
v 0.62533 2.55607 3.25100
v 0.57713 2.57953 3.25100
v 0.53403 2.61075 3.25100
v 0.49698 2.64881 3.25100
v 0.46689 2.69276 3.25100
v 0.44472 2.74168 3.25100
v 0.43541 2.77384 3.25100
v 0.42966 2.80730 3.25100
v 0.42966 2.80730 3.25000
v 0.67771 2.54131 3.25000
v 0.62533 2.55607 3.25000
v 0.57713 2.57953 3.25000
v 0.53403 2.61075 3.25000
v 0.49698 2.64881 3.25000
v 0.46689 2.69276 3.25000
v 0.44472 2.74168 3.25000
v 0.43541 2.77384 3.25000
v 0.42966 2.80730 3.25100
v 0.42966 2.80730 3.25000
v 0.41231 2.80730 3.25100
v 0.41231 2.80730 3.25000
v 0.41231 2.80730 3.25100
v 0.41231 2.80730 3.25000
v 0.37919 2.81056 3.25100
v 0.34824 2.81991 3.25100
v 0.32008 2.83473 3.25100
v 0.29535 2.85437 3.25100
v 0.27468 2.87822 3.25100
v 0.25869 2.90565 3.25100
v 0.24803 2.93601 3.25100
v 0.24438 2.95589 3.25100
v 0.24313 2.97649 3.25100
v 0.24313 2.97649 3.25000
v 0.37919 2.81056 3.25000
v 0.34824 2.81991 3.25000
v 0.32008 2.83473 3.25000
v 0.29535 2.85437 3.25000
v 0.27468 2.87822 3.25000
v 0.25869 2.90565 3.25000
v 0.24803 2.93601 3.25000
v 0.24438 2.95589 3.25000
v 0.24313 2.97649 3.25100
v 0.24313 2.97649 3.25000
v 0.24603 3.00813 3.25100
v 0.25439 3.03788 3.25100
v 0.26773 3.06516 3.25100
v 0.28555 3.08941 3.25100
v 0.30736 3.11008 3.25100
v 0.33269 3.12660 3.25100
v 0.36102 3.13841 3.25100
v 0.37974 3.14310 3.25100
v 0.39930 3.14567 3.25100
v 0.39930 3.14567 3.25000
v 0.24603 3.00813 3.25000
v 0.25439 3.03788 3.25000
v 0.26773 3.06516 3.25000
v 0.28555 3.08941 3.25000
v 0.30736 3.11008 3.25000
v 0.33269 3.12660 3.25000
v 0.36102 3.13841 3.25000
v 0.37974 3.14310 3.25000
v 0.39930 3.14567 3.25100
v 0.39930 3.14567 3.25000
v 0.49690 3.14567 3.25100
v 0.49690 3.14567 3.25000
v 0.49690 3.14567 3.25100
v 0.49690 3.14567 3.25000
v 0.50992 3.14350 3.25100
v 0.50992 3.14350 3.25000
v 0.50992 3.14350 3.25100
v 0.50992 3.14350 3.25000
v 0.53327 3.14773 3.25100
v 0.54700 3.15478 3.25100
v 0.56287 3.16951 3.25100
v 0.57336 3.18860 3.25100
v 0.57716 3.21073 3.25100
v 0.57716 3.21073 3.25000
v 0.53327 3.14773 3.25000
v 0.54700 3.15478 3.25000
v 0.56287 3.16951 3.25000
v 0.57336 3.18860 3.25000
v 0.57716 3.21073 3.25100
v 0.57716 3.21073 3.25000
v 0.57322 3.23297 3.25100
v 0.56665 3.24630 3.25100
v 0.55291 3.26210 3.25100
v 0.53505 3.27310 3.25100
v 0.51425 3.27797 3.25100
v 0.51425 3.27797 3.25000
v 0.57322 3.23297 3.25000
v 0.56665 3.24630 3.25000
v 0.55291 3.26210 3.25000
v 0.53505 3.27310 3.25000
v 0.51425 3.27797 3.25100
v 0.51425 3.27797 3.25000
v 0.38629 3.27797 3.25100
v 0.38629 3.27797 3.25000
v 0.38629 3.27797 3.25100
v 0.38629 3.27797 3.25000
v 0.33225 3.26833 3.25100
v 0.28146 3.24925 3.25100
v 0.23484 3.22131 3.25100
v 0.21100 3.20208 3.25100
v 0.18891 3.18037 3.25100
v 0.18891 3.18037 3.25000
v 0.33225 3.26833 3.25000
v 0.28146 3.24925 3.25000
v 0.23484 3.22131 3.25000
v 0.21100 3.20208 3.25000
v 0.18891 3.18037 3.25100
v 0.18891 3.18037 3.25000
v 0.15525 3.13640 3.25100
v 0.13041 3.08760 3.25100
v 0.11478 3.03525 3.25100
v 0.11020 3.00502 3.25100
v 0.10866 2.97432 3.25100
v 0.10866 2.97432 3.25000
v 0.15525 3.13640 3.25000
v 0.13041 3.08760 3.25000
v 0.11478 3.03525 3.25000
v 0.11020 3.00502 3.25000
v 1.02397 3.29099 3.25000
v 1.00627 3.28915 3.25000
v 0.98949 3.28368 3.25000
v 0.97299 3.27389 3.25000
v 0.95896 3.26044 3.25000
v 0.94824 3.24399 3.25000
v 0.94157 3.22547 3.25000
v 0.93938 3.20586 3.25000
v 0.94166 3.18672 3.25000
v 0.94817 3.16878 3.25000
v 0.95639 3.15553 3.25000
v 0.96495 3.14586 3.25000
v 0.98208 3.13297 3.25000
v 1.00205 3.12471 3.25000
v 1.02397 3.12181 3.25000
v 1.02397 3.29099 3.25100
v 1.00627 3.28915 3.25100
v 0.98949 3.28368 3.25100
v 0.97299 3.27389 3.25100
v 0.95896 3.26044 3.25100
v 0.94824 3.24399 3.25100
v 0.94157 3.22547 3.25100
v 0.93938 3.20586 3.25100
v 0.94166 3.18672 3.25100
v 0.94817 3.16878 3.25100
v 0.95639 3.15553 3.25100
v 0.96495 3.14586 3.25100
v 0.98208 3.13297 3.25100
v 1.00205 3.12471 3.25100
v 1.02397 3.12181 3.25100
v 1.02397 3.12181 3.25000
v 1.04100 3.12355 3.25000
v 1.05751 3.12879 3.25000
v 1.07435 3.13852 3.25000
v 1.08866 3.15194 3.25000
v 1.09953 3.16831 3.25000
v 1.10627 3.18675 3.25000
v 1.10856 3.20646 3.25000
v 1.10637 3.22563 3.25000
v 1.09997 3.24360 3.25000
v 1.09177 3.25696 3.25000
v 1.08321 3.26671 3.25000
v 1.06603 3.27972 3.25000
v 1.04599 3.28805 3.25000
v 1.02397 3.29099 3.25000
v 1.02397 3.12181 3.25100
v 1.04100 3.12355 3.25100
v 1.05751 3.12879 3.25100
v 1.07435 3.13852 3.25100
v 1.08866 3.15194 3.25100
v 1.09953 3.16831 3.25100
v 1.10627 3.18675 3.25100
v 1.10856 3.20646 3.25100
v 1.10637 3.22563 3.25100
v 1.09997 3.24360 3.25100
v 1.09177 3.25696 3.25100
v 1.08321 3.26671 3.25100
v 1.06603 3.27972 3.25100
v 1.04599 3.28805 3.25100
v 1.02397 3.29099 3.25100
f 16 42 17
f 27 26 48
f 18 2 1
f 25 41 24
f 49 16 15
f 49 42 16
f 50 43 42
f 50 42 49
f 51 49 15
f 51 15 14
f 52 43 50
f 52 44 43
f 53 50 49
f 53 49 51
f 54 44 52
f 54 45 44
f 55 13 12
f 55 14 13
f 55 51 14
f 56 50 53
f 56 52 50
f 57 46 45
f 57 45 54
f 58 53 51
f 58 51 55
f 59 52 56
f 59 54 52
f 60 12 11
f 60 55 12
f 61 46 57
f 61 47 46
f 62 53 58
f 62 56 53
f 63 57 54
f 63 54 59
f 64 58 55
f 64 55 60
f 65 47 61
f 65 28 27
f 65 48 47
f 65 27 48
f 66 56 62
f 66 59 56
f 67 11 10
f 67 60 11
f 68 57 63
f 68 61 57
f 69 62 58
f 69 58 64
f 70 59 66
f 70 63 59
f 71 60 67
f 71 64 60
f 72 29 28
f 72 61 68
f 72 65 61
f 72 28 65
f 73 62 69
f 73 66 62
f 74 9 8
f 74 10 9
f 74 67 10
f 75 63 70
f 75 68 63
f 76 69 64
f 76 64 71
f 77 66 73
f 77 70 66
f 78 71 67
f 78 67 74
f 79 30 29
f 79 31 30
f 79 29 72
f 79 72 68
f 79 68 75
f 80 73 69
f 80 69 76
f 81 8 7
f 81 74 8
f 82 75 70
f 82 70 77
f 83 71 78
f 83 76 71
f 84 77 73
f 84 73 80
f 85 78 74
f 85 74 81
f 86 32 31
f 86 31 79
f 86 75 82
f 86 79 75
f 87 80 76
f 87 76 83
f 88 7 6
f 88 81 7
f 89 77 84
f 89 82 77
f 90 78 85
f 90 83 78
f 91 80 87
f 91 84 80
f 92 81 88
f 92 85 81
f 93 86 82
f 93 33 32
f 93 82 89
f 93 32 86
f 94 83 90
f 94 87 83
f 95 5 4
f 95 6 5
f 95 88 6
f 96 84 91
f 96 89 84
f 97 90 85
f 97 85 92
f 98 91 87
f 98 87 94
f 99 92 88
f 99 88 95
f 100 33 93
f 100 93 89
f 100 34 33
f 100 89 96
f 100 35 34
f 101 94 90
f 101 90 97
f 102 4 3
f 102 95 4
f 103 96 91
f 103 91 98
f 104 92 99
f 104 97 92
f 105 94 101
f 105 98 94
f 106 99 95
f 106 95 102
f 107 36 35
f 107 96 103
f 107 100 96
f 107 35 100
f 108 101 97
f 108 97 104
f 109 3 2
f 109 2 18
f 109 102 3
f 109 106 102
f 110 98 105
f 110 103 98
f 111 104 99
f 111 99 106
f 112 105 101
f 112 101 108
f 113 18 19
f 113 109 18
f 113 106 109
f 114 36 107
f 114 37 36
f 114 107 103
f 114 103 110
f 115 104 111
f 115 108 104
f 116 110 105
f 116 105 112
f 117 19 20
f 117 113 19
f 117 111 106
f 117 106 113
f 118 112 108
f 118 108 115
f 119 38 37
f 119 39 38
f 119 37 114
f 119 114 110
f 119 110 116
f 120 20 21
f 120 117 20
f 120 115 111
f 120 111 117
f 121 116 112
f 121 112 118
f 122 115 120
f 122 21 22
f 122 120 21
f 122 118 115
f 123 119 116
f 123 40 39
f 123 116 121
f 123 39 119
f 124 121 118
f 124 122 22
f 124 22 23
f 124 118 122
f 125 123 121
f 125 40 123
f 125 124 23
f 125 23 24
f 125 41 40
f 125 121 124
f 125 24 41
f 141 167 142
f 152 151 173
f 143 127 126
f 150 166 149
f 174 141 140
f 174 167 141
f 175 168 167
f 175 167 174
f 176 174 140
f 176 140 139
f 177 168 175
f 177 169 168
f 178 175 174
f 178 174 176
f 179 169 177
f 179 170 169
f 180 138 137
f 180 139 138
f 180 176 139
f 181 175 178
f 181 177 175
f 182 171 170
f 182 170 179
f 183 178 176
f 183 176 180
f 184 177 181
f 184 179 177
f 185 137 136
f 185 180 137
f 186 171 182
f 186 172 171
f 187 178 183
f 187 181 178
f 188 182 179
f 188 179 184
f 189 183 180
f 189 180 185
f 190 172 186
f 190 153 152
f 190 173 172
f 190 152 173
f 191 181 187
f 191 184 181
f 192 136 135
f 192 185 136
f 193 182 188
f 193 186 182
f 194 187 183
f 194 183 189
f 195 184 191
f 195 188 184
f 196 185 192
f 196 189 185
f 197 154 153
f 197 186 193
f 197 190 186
f 197 153 190
f 198 187 194
f 198 191 187
f 199 134 133
f 199 135 134
f 199 192 135
f 200 188 195
f 200 193 188
f 201 194 189
f 201 189 196
f 202 191 198
f 202 195 191
f 203 196 192
f 203 192 199
f 204 155 154
f 204 156 155
f 204 154 197
f 204 197 193
f 204 193 200
f 205 198 194
f 205 194 201
f 206 133 132
f 206 199 133
f 207 200 195
f 207 195 202
f 208 196 203
f 208 201 196
f 209 202 198
f 209 198 205
f 210 203 199
f 210 199 206
f 211 157 156
f 211 156 204
f 211 200 207
f 211 204 200
f 212 205 201
f 212 201 208
f 213 132 131
f 213 206 132
f 214 202 209
f 214 207 202
f 215 203 210
f 215 208 203
f 216 205 212
f 216 209 205
f 217 206 213
f 217 210 206
f 218 211 207
f 218 158 157
f 218 207 214
f 218 157 211
f 219 208 215
f 219 212 208
f 220 130 129
f 220 131 130
f 220 213 131
f 221 209 216
f 221 214 209
f 222 215 210
f 222 210 217
f 223 216 212
f 223 212 219
f 224 217 213
f 224 213 220
f 225 158 218
f 225 218 214
f 225 159 158
f 225 214 221
f 225 160 159
f 226 219 215
f 226 215 222
f 227 129 128
f 227 220 129
f 228 221 216
f 228 216 223
f 229 217 224
f 229 222 217
f 230 219 226
f 230 223 219
f 231 224 220
f 231 220 227
f 232 161 160
f 232 221 228
f 232 225 221
f 232 160 225
f 233 226 222
f 233 222 229
f 234 128 127
f 234 127 143
f 234 227 128
f 235 223 230
f 235 228 223
f 236 229 224
f 236 224 231
f 237 230 226
f 237 226 233
f 238 143 144
f 238 234 143
f 238 231 227
f 238 227 234
f 239 161 232
f 239 162 161
f 239 232 228
f 239 228 235
f 240 229 236
f 240 233 229
f 241 235 230
f 241 230 237
f 242 144 145
f 242 238 144
f 242 236 231
f 242 231 238
f 243 237 233
f 243 233 240
f 244 163 162
f 244 164 163
f 244 235 241
f 244 162 239
f 244 239 235
f 245 145 146
f 245 242 145
f 245 240 236
f 245 236 242
f 246 241 237
f 246 237 243
f 247 240 245
f 247 146 147
f 247 243 240
f 247 245 146
f 248 244 241
f 248 165 164
f 248 241 246
f 248 164 244
f 249 246 243
f 249 247 147
f 249 147 148
f 249 243 247
f 250 165 248
f 250 248 246
f 250 249 148
f 250 246 249
f 250 148 149
f 250 166 165
f 250 149 166
f 283 251 252
f 283 284 251
f 282 252 253
f 282 283 252
f 281 253 254
f 281 282 253
f 280 254 255
f 280 281 254
f 279 255 256
f 279 280 255
f 278 256 257
f 278 279 256
f 277 257 258
f 277 278 257
f 276 258 259
f 276 277 258
f 275 259 260
f 275 276 259
f 274 260 261
f 274 275 260
f 273 261 262
f 273 274 261
f 272 262 263
f 272 273 262
f 271 263 264
f 271 272 263
f 270 264 265
f 270 271 264
f 269 265 266
f 269 270 265
f 268 266 267
f 268 269 266
f 317 285 286
f 317 318 285
f 316 286 287
f 316 317 286
f 315 287 288
f 315 316 287
f 314 288 289
f 314 315 288
f 313 289 290
f 313 314 289
f 312 290 291
f 312 313 290
f 311 291 292
f 311 312 291
f 310 292 293
f 310 311 292
f 309 293 294
f 309 310 293
f 308 294 295
f 308 309 294
f 307 295 296
f 307 308 295
f 306 296 297
f 306 307 296
f 305 297 298
f 305 306 297
f 304 298 299
f 304 305 298
f 303 299 300
f 303 304 299
f 302 300 301
f 302 303 300
f 326 322 321
f 325 321 320
f 325 326 321
f 324 320 319
f 324 325 320
f 323 324 319
f 335 336 337
f 334 335 337
f 333 334 337
f 332 333 337
f 372 327 328
f 372 328 329
f 371 329 330
f 371 372 329
f 373 368 369
f 373 369 370
f 373 370 327
f 373 327 372
f 374 368 373
f 397 371 396
f 395 396 371
f 398 371 397
f 394 395 371
f 399 371 398
f 360 361 362
f 360 362 363
f 360 363 364
f 360 364 365
f 400 371 399
f 393 394 371
f 393 371 330
f 392 330 331
f 392 393 330
f 377 368 374
f 377 367 368
f 377 374 375
f 377 375 376
f 391 392 331
f 378 367 377
f 378 381 382
f 383 378 382
f 407 391 331
f 384 378 383
f 408 391 407
f 385 378 384
f 386 378 385
f 387 378 386
f 388 378 387
f 388 367 378
f 411 391 408
f 409 411 408
f 389 366 367
f 389 367 388
f 446 447 406
f 390 366 389
f 410 411 409
f 445 446 406
f 403 390 412
f 448 406 447
f 404 390 403
f 404 366 390
f 402 403 412
f 402 412 413
f 455 452 453
f 455 453 454
f 456 452 455
f 457 452 456
f 458 452 457
f 417 418 448
f 419 405 418
f 416 448 449
f 416 417 448
f 459 451 452
f 459 452 458
f 460 450 451
f 460 451 459
f 420 405 419
f 461 416 449
f 461 449 450
f 461 450 460
f 462 416 461
f 462 415 416
f 421 405 420
f 476 435 436
f 476 436 437
f 476 437 438
f 476 438 439
f 476 439 440
f 476 440 441
f 476 441 442
f 463 415 462
f 463 414 415
f 422 405 421
f 434 435 476
f 464 470 414
f 464 414 463
f 465 470 464
f 467 468 469
f 466 469 470
f 466 470 465
f 466 467 469
f 472 428 429
f 472 429 430
f 472 430 431
f 472 431 432
f 344 444 445
f 344 407 331
f 344 406 407
f 344 445 406
f 343 331 332
f 343 344 331
f 343 337 338
f 343 332 337
f 345 443 444
f 345 444 344
f 342 343 338
f 346 442 443
f 346 475 476
f 346 443 345
f 346 476 442
f 473 427 428
f 473 424 425
f 473 425 426
f 473 428 472
f 473 426 427
f 341 342 338
f 347 475 346
f 348 475 347
f 340 341 338
f 471 432 433
f 471 433 434
f 471 434 476
f 471 472 432
f 339 340 338
f 349 475 348
f 349 474 475
f 350 474 349
f 351 474 350
f 351 473 474
f 352 473 351
f 352 424 473
f 352 423 424
f 353 423 352
f 353 405 422
f 353 366 404
f 353 404 405
f 353 422 423
f 354 366 353
f 354 365 366
f 354 360 365
f 359 360 354
f 359 354 355
f 359 355 356
f 359 356 357
f 359 357 358
f 378 371 381
f 381 371 380
f 380 371 379
f 379 371 401
f 401 371 400
f 390 391 411
f 390 411 412
f 405 406 448
f 405 448 418
f 511 478 512
f 492 478 511
f 491 478 492
f 508 478 491
f 507 478 508
f 484 478 507
f 480 512 478
f 509 512 480
f 483 478 484
f 510 509 480
f 489 511 510
f 489 492 511
f 490 508 491
f 505 508 490
f 506 484 507
f 481 484 506
f 477 488 487
f 477 500 499
f 477 504 503
f 477 478 483
f 477 483 500
f 477 499 504
f 477 503 488
f 477 487 496
f 497 483 482
f 497 500 483
f 495 477 496
f 501 499 498
f 501 504 499
f 485 503 502
f 485 488 503
f 486 496 487
f 493 496 486
f 479 494 493
f 479 495 494
f 479 477 495
f 479 510 480
f 479 489 510
f 479 490 489
f 479 505 490
f 479 506 505
f 479 481 506
f 479 482 481
f 479 497 482
f 479 498 497
f 479 501 498
f 479 502 501
f 479 485 502
f 479 486 485
f 479 493 486
f 513 564 563
f 562 513 563
f 514 513 562
f 517 515 514
f 517 516 515
f 517 514 562
f 521 519 518
f 521 520 519
f 522 524 523
f 525 524 522
f 526 528 527
f 529 528 526
f 533 531 530
f 533 532 531
f 537 535 534
f 537 536 535
f 541 539 538
f 541 540 539
f 545 543 542
f 545 544 543
f 546 548 547
f 549 548 546
f 550 552 551
f 553 552 550
f 554 556 555
f 557 556 554
f 558 560 559
f 561 558 557
f 561 557 554
f 561 560 558
f 561 533 562
f 533 530 562
f 530 529 562
f 529 526 562
f 526 525 562
f 525 522 562
f 522 521 562
f 521 518 562
f 518 517 562
f 561 534 533
f 561 537 534
f 561 538 537
f 561 541 538
f 561 542 541
f 561 545 542
f 561 546 545
f 561 549 546
f 561 550 549
f 561 553 550
f 561 554 553
f 572 573 574
f 569 570 571
f 568 569 571
f 567 571 572
f 567 574 565
f 567 572 574
f 567 568 571
f 576 565 566
f 576 575 567
f 576 566 584
f 576 567 565
f 582 583 575
f 578 576 577
f 580 578 579
f 580 581 582
f 580 575 576
f 580 576 578
f 580 582 575
f 585 590 589
f 586 590 585
f 587 590 586
f 588 590 587
f 595 592 594
f 596 592 595
f 593 591 592
f 593 592 596
f 598 600 599
f 598 597 600
f 602 604 603
f 602 601 604
f 616 617 618
f 614 615 616
f 614 618 619
f 614 619 620
f 614 620 621
f 614 621 622
f 614 616 618
f 610 608 609
f 612 605 606
f 612 606 607
f 612 607 608
f 612 610 611
f 612 608 610
f 613 614 605
f 613 615 614
f 613 605 612
f 623 615 613
f 624 623 613
f 662 660 661
f 656 657 658
f 656 658 659
f 648 662 647
f 675 676 677
f 675 677 678
f 674 675 678
f 674 678 671
f 673 674 671
f 672 673 671
f 651 648 649
f 651 649 650
f 651 660 662
f 651 662 648
f 664 672 671
f 653 651 652
f 653 659 660
f 653 660 651
f 688 697 696
f 646 653 654
f 646 655 656
f 646 663 655
f 646 669 670
f 646 670 663
f 646 656 659
f 646 659 653
f 679 672 664
f 626 697 688
f 626 680 681
f 626 681 682
f 626 682 683
f 626 683 684
f 626 688 689
f 626 689 690
f 626 690 691
f 626 691 692
f 626 692 693
f 626 693 694
f 626 694 695
f 626 695 680
f 638 679 664
f 638 664 665
f 638 665 666
f 638 666 667
f 638 667 668
f 639 679 638
f 639 687 679
f 640 687 639
f 640 686 687
f 641 685 686
f 641 686 640
f 642 685 641
f 642 684 685
f 642 626 684
f 643 626 642
f 644 626 643
f 645 626 644
f 630 626 645
f 627 629 628
f 627 636 637
f 627 637 629
f 625 626 630
f 625 630 631
f 625 631 632
f 625 632 633
f 625 633 634
f 625 634 635
f 625 635 636
f 625 636 627
f 638 669 646
f 638 668 669
f 698 701 700
f 698 699 701
f 708 709 774
f 710 774 709
f 707 708 774
f 711 774 710
f 706 707 774
f 712 774 711
f 705 706 774
f 704 774 712
f 720 705 774
f 719 720 774
f 718 719 774
f 703 774 704
f 702 703 704
f 717 718 774
f 724 725 726
f 724 726 727
f 724 727 728
f 724 728 721
f 722 723 724
f 722 724 721
f 759 717 774
f 758 759 774
f 760 716 717
f 760 717 759
f 761 715 716
f 761 716 760
f 757 758 774
f 756 757 774
f 762 713 714
f 762 714 715
f 762 715 761
f 754 713 762
f 755 756 774
f 729 713 754
f 729 721 713
f 729 722 721
f 736 729 754
f 735 736 754
f 734 735 754
f 733 734 754
f 773 755 774
f 773 765 766
f 773 766 767
f 773 767 768
f 773 768 769
f 773 769 770
f 773 770 755
f 742 743 744
f 742 744 745
f 741 742 745
f 739 740 741
f 739 741 745
f 746 730 731
f 746 731 732
f 746 737 730
f 746 745 737
f 747 745 746
f 748 738 739
f 748 753 738
f 748 745 747
f 748 739 745
f 750 753 748
f 750 748 749
f 750 751 752
f 750 752 753
f 772 765 773
f 772 763 764
f 772 764 765
f 772 771 763
f 746 732 754
f 732 733 754
f 809 818 817
f 797 799 798
f 797 805 806
f 797 806 807
f 797 807 799
f 783 812 813
f 783 813 782
f 781 813 814
f 781 782 813
f 780 814 815
f 780 781 814
f 784 811 812
f 784 812 783
f 779 815 816
f 779 780 815
f 785 810 811
f 785 811 784
f 778 779 816
f 778 816 808
f 777 809 810
f 777 810 785
f 775 776 777
f 786 778 808
f 786 808 800
f 794 800 801
f 794 786 800
f 793 794 801
f 793 801 802
f 792 802 803
f 792 793 802
f 791 803 804
f 791 792 803
f 790 791 804
f 790 804 805
f 790 805 797
f 796 787 788
f 796 788 789
f 796 789 790
f 796 795 787
f 796 790 797
f 818 777 776
f 818 809 777
f 822 819 820
f 822 821 819
f 835 834 833
f 825 835 833
f 826 843 835
f 826 835 825
f 827 842 843
f 827 843 826
f 828 841 842
f 828 842 827
f 829 840 841
f 829 841 828
f 839 829 830
f 839 840 829
f 838 830 831
f 838 839 830
f 837 831 832
f 837 832 823
f 837 838 831
f 836 837 823
f 844 823 824
f 844 836 823
f 846 848 845
f 847 848 846
f 849 850 851
f 849 851 852
f 870 854 853
f 870 853 855
f 869 855 856
f 869 870 855
f 868 856 857
f 868 869 856
f 867 857 858
f 867 868 857
f 866 858 859
f 866 867 858
f 865 859 860
f 865 866 859
f 864 860 861
f 864 865 860
f 863 861 862
f 863 864 861
f 882 871 872
f 882 880 871
f 883 879 880
f 883 880 882
f 884 878 879
f 884 879 883
f 885 877 878
f 885 878 884
f 886 876 877
f 886 877 885
f 887 875 876
f 887 876 886
f 888 873 874
f 888 874 875
f 888 875 887
f 881 873 888
f 900 899 891
f 902 889 890
f 902 890 910
f 901 891 892
f 901 900 891
f 903 898 889
f 903 889 902
f 909 892 893
f 909 901 892
f 904 897 898
f 904 898 903
f 908 893 894
f 908 909 893
f 905 895 896
f 905 896 897
f 905 897 904
f 907 894 895
f 907 908 894
f 906 895 905
f 906 907 895
f 922 918 919
f 922 919 921
f 923 917 918
f 923 918 922
f 924 916 917
f 924 917 923
f 925 915 916
f 925 916 924
f 926 914 915
f 926 915 925
f 927 913 914
f 927 914 926
f 928 912 913
f 928 913 927
f 920 911 912
f 920 912 928
f 938 939 940
f 937 940 941
f 937 938 940
f 936 941 942
f 936 937 941
f 935 936 942
f 934 942 943
f 934 935 942
f 933 943 944
f 933 934 943
f 932 944 945
f 932 933 944
f 931 945 946
f 931 946 929
f 931 932 945
f 930 931 929
f 1014 979 980
f 1014 1015 979
f 1016 977 978
f 1016 978 979
f 1016 979 1015
f 1013 980 981
f 1013 981 982
f 1013 1014 980
f 1017 977 1016
f 1012 982 975
f 1012 1013 982
f 1018 976 977
f 1018 977 1017
f 984 1012 975
f 1011 976 1018
f 1011 948 976
f 1003 947 948
f 1003 948 1011
f 1004 947 1003
f 1004 956 947
f 1005 955 956
f 1005 956 1004
f 1006 954 955
f 1006 955 1005
f 1007 953 954
f 1007 954 1006
f 1008 953 1007
f 952 953 1008
f 1009 952 1008
f 951 952 1009
f 950 951 1009
f 950 1009 1010
f 950 1010 1002
f 949 950 1002
f 967 984 975
f 983 984 967
f 992 967 968
f 992 983 967
f 969 992 968
f 991 992 969
f 990 969 970
f 990 991 969
f 971 989 990
f 971 990 970
f 988 989 971
f 972 988 971
f 987 988 972
f 973 987 972
f 974 986 987
f 974 987 973
f 966 985 986
f 966 986 974
f 994 949 1002
f 993 985 966
f 958 993 966
f 957 994 995
f 957 949 994
f 959 1000 1001
f 959 1001 993
f 959 993 958
f 965 957 995
f 960 1000 959
f 964 965 995
f 964 995 996
f 961 1000 960
f 961 999 1000
f 963 996 997
f 963 964 996
f 962 999 961
f 962 963 997
f 962 997 998
f 962 998 999
f 1091 1092 1093
f 1090 1091 1093
f 1020 1087 1086
f 1020 1088 1089
f 1020 1089 1090
f 1020 1093 1094
f 1020 1094 1087
f 1020 1090 1093
f 1019 1020 1086
f 1028 1019 1086
f 1039 1046 1038
f 1040 1046 1039
f 1041 1046 1040
f 1042 1046 1041
f 1043 1046 1042
f 1047 1046 1043
f 1054 1047 1053
f 1052 1047 1043
f 1052 1053 1047
f 1055 1047 1054
f 1051 1052 1043
f 1051 1043 1044
f 1051 1044 1045
f 1056 1047 1055
f 1050 1051 1045
f 1048 1047 1056
f 1049 1045 1030
f 1049 1050 1045
f 1064 1030 1031
f 1064 1049 1030
f 1063 1031 1032
f 1063 1064 1031
f 1062 1032 1033
f 1062 1033 1034
f 1062 1063 1032
f 1061 1062 1034
f 1060 1034 1035
f 1060 1061 1034
f 1059 1035 1036
f 1059 1060 1035
f 1075 1076 1077
f 1074 1075 1077
f 1074 1077 1078
f 1074 1078 1079
f 1074 1079 1080
f 1074 1080 1081
f 1074 1081 1082
f 1083 1075 1074
f 1085 1021 1022
f 1085 1022 1023
f 1085 1023 1024
f 1085 1024 1025
f 1085 1025 1026
f 1085 1026 1027
f 1085 1027 1028
f 1085 1029 1021
f 1085 1036 1037
f 1085 1037 1029
f 1085 1028 1086
f 1066 1083 1074
f 1067 1083 1066
f 1084 1083 1067
f 1084 1057 1058
f 1084 1058 1059
f 1084 1065 1057
f 1084 1067 1068
f 1084 1068 1069
f 1084 1069 1070
f 1084 1070 1071
f 1084 1071 1072
f 1084 1072 1073
f 1084 1073 1065
f 1084 1059 1036
f 1084 1036 1085
f 1122 1120 1121
f 1116 1117 1118
f 1116 1118 1119
f 1116 1119 1120
f 1114 1120 1122
f 1114 1116 1120
f 1115 1116 1114
f 1109 1107 1108
f 1111 1109 1110
f 1105 1106 1107
f 1105 1107 1109
f 1105 1111 1112
f 1105 1112 1113
f 1105 1114 1106
f 1105 1115 1114
f 1105 1109 1111
f 1097 1115 1105
f 1123 1115 1097
f 1098 1123 1097
f 1099 1123 1098
f 1100 1123 1099
f 1101 1123 1100
f 1102 1123 1101
f 1103 1123 1102
f 1104 1123 1103
f 1095 1123 1104
f 1096 1123 1095
f 1197 1123 1096
f 1198 1123 1197
f 1156 1157 1158
f 1146 1159 1160
f 1146 1160 1145
f 1176 1174 1175
f 1173 1174 1176
f 1171 1173 1176
f 1171 1172 1173
f 1171 1176 1169
f 1170 1171 1169
f 1148 1146 1147
f 1148 1154 1155
f 1148 1155 1156
f 1148 1158 1159
f 1148 1156 1158
f 1148 1159 1146
f 1149 1153 1154
f 1149 1154 1148
f 1162 1170 1169
f 1186 1196 1195
f 1186 1195 1194
f 1152 1153 1149
f 1152 1149 1150
f 1152 1150 1151
f 1187 1203 1196
f 1187 1196 1186
f 1144 1153 1152
f 1144 1161 1153
f 1144 1167 1168
f 1144 1168 1161
f 1188 1201 1202
f 1188 1202 1203
f 1188 1203 1187
f 1189 1201 1188
f 1190 1200 1201
f 1190 1201 1189
f 1191 1199 1200
f 1191 1200 1190
f 1192 1198 1199
f 1192 1199 1191
f 1192 1123 1198
f 1193 1123 1192
f 1178 1123 1193
f 1177 1170 1162
f 1136 1162 1163
f 1136 1163 1164
f 1136 1177 1162
f 1136 1164 1165
f 1136 1165 1166
f 1137 1177 1136
f 1137 1185 1177
f 1138 1184 1185
f 1138 1185 1137
f 1139 1183 1184
f 1139 1184 1138
f 1140 1182 1183
f 1140 1183 1139
f 1141 1181 1182
f 1141 1182 1140
f 1142 1181 1141
f 1142 1179 1180
f 1142 1180 1181
f 1143 1179 1142
f 1125 1127 1126
f 1125 1134 1135
f 1125 1135 1127
f 1124 1128 1129
f 1124 1129 1130
f 1124 1130 1131
f 1124 1131 1132
f 1124 1132 1133
f 1124 1133 1134
f 1124 1143 1128
f 1124 1134 1125
f 1124 1179 1143
f 1124 1178 1179
f 1123 1178 1124
f 1136 1167 1144
f 1136 1166 1167
f 1291 1266 1290
f 1289 1290 1266
f 1288 1289 1266
f 1292 1266 1291
f 1287 1288 1266
f 1293 1266 1292
f 1286 1287 1266
f 1285 1266 1293
f 1294 1286 1266
f 1302 1294 1266
f 1301 1302 1266
f 1267 1266 1285
f 1274 1275 1267
f 1272 1274 1267
f 1272 1273 1274
f 1269 1270 1271
f 1269 1271 1272
f 1268 1272 1267
f 1268 1269 1272
f 1277 1267 1285
f 1276 1268 1267
f 1276 1267 1277
f 1279 1277 1278
f 1283 1284 1276
f 1282 1283 1276
f 1281 1277 1279
f 1281 1276 1277
f 1281 1279 1280
f 1281 1282 1276
f 1310 1299 1309
f 1310 1298 1299
f 1308 1309 1299
f 1308 1299 1300
f 1307 1301 1266
f 1307 1308 1300
f 1307 1300 1301
f 1311 1297 1298
f 1311 1298 1310
f 1306 1307 1266
f 1312 1296 1297
f 1312 1297 1311
f 1212 1306 1266
f 1305 1296 1312
f 1305 1295 1296
f 1305 1303 1295
f 1304 1303 1305
f 1217 1218 1219
f 1217 1219 1220
f 1217 1220 1213
f 1215 1216 1217
f 1214 1215 1217
f 1214 1217 1213
f 1250 1208 1209
f 1250 1251 1208
f 1252 1207 1208
f 1252 1208 1251
f 1249 1209 1210
f 1249 1250 1209
f 1253 1206 1207
f 1253 1207 1252
f 1248 1210 1211
f 1248 1249 1210
f 1254 1205 1206
f 1254 1206 1253
f 1246 1204 1205
f 1246 1205 1254
f 1221 1213 1204
f 1221 1214 1213
f 1221 1204 1246
f 1228 1221 1246
f 1227 1228 1246
f 1226 1227 1246
f 1225 1226 1246
f 1236 1237 1229
f 1265 1211 1212
f 1265 1248 1211
f 1265 1247 1248
f 1265 1257 1258
f 1265 1258 1259
f 1265 1259 1260
f 1265 1260 1261
f 1265 1261 1262
f 1265 1262 1247
f 1234 1235 1236
f 1231 1234 1236
f 1231 1232 1233
f 1231 1233 1234
f 1238 1222 1223
f 1238 1223 1224
f 1238 1229 1222
f 1239 1229 1238
f 1245 1230 1231
f 1243 1231 1236
f 1243 1245 1231
f 1243 1244 1245
f 1242 1229 1239
f 1242 1243 1236
f 1242 1239 1240
f 1242 1240 1241
f 1242 1236 1229
f 1264 1255 1256
f 1264 1256 1257
f 1264 1263 1255
f 1264 1257 1265
f 1238 1224 1246
f 1224 1225 1246
f 1265 1212 1266
f 1321 1322 1323
f 1321 1323 1324
f 1320 1324 1325
f 1320 1321 1324
f 1319 1325 1326
f 1319 1320 1325
f 1318 1326 1327
f 1318 1319 1326
f 1317 1327 1328
f 1317 1318 1327
f 1316 1328 1329
f 1316 1317 1328
f 1315 1329 1330
f 1315 1316 1329
f 1314 1330 1313
f 1314 1315 1330
f 1348 1332 1331
f 1348 1331 1333
f 1347 1333 1334
f 1347 1348 1333
f 1346 1334 1335
f 1346 1347 1334
f 1345 1335 1336
f 1345 1346 1335
f 1344 1336 1337
f 1344 1345 1336
f 1343 1337 1338
f 1343 1344 1337
f 1342 1338 1339
f 1342 1343 1338
f 1341 1339 1340
f 1341 1342 1339
f 1360 1356 1357
f 1360 1357 1359
f 1361 1355 1356
f 1361 1356 1360
f 1362 1354 1355
f 1362 1355 1361
f 1363 1353 1354
f 1363 1354 1362
f 1364 1352 1353
f 1364 1353 1363
f 1365 1351 1352
f 1365 1352 1364
f 1366 1350 1351
f 1366 1351 1365
f 1358 1349 1350
f 1358 1350 1366
f 1378 1374 1375
f 1378 1375 1377
f 1379 1373 1374
f 1379 1374 1378
f 1380 1372 1373
f 1380 1373 1379
f 1381 1371 1372
f 1381 1372 1380
f 1382 1370 1371
f 1382 1371 1381
f 1383 1369 1370
f 1383 1370 1382
f 1384 1368 1369
f 1384 1369 1383
f 1376 1367 1368
f 1376 1368 1384
f 1396 1392 1393
f 1396 1393 1395
f 1397 1391 1392
f 1397 1392 1396
f 1398 1390 1391
f 1398 1391 1397
f 1399 1389 1390
f 1399 1390 1398
f 1400 1388 1389
f 1400 1389 1399
f 1401 1387 1388
f 1401 1388 1400
f 1402 1386 1387
f 1402 1387 1401
f 1394 1385 1386
f 1394 1386 1402
f 1413 1410 1411
f 1414 1410 1413
f 1415 1409 1410
f 1415 1410 1414
f 1416 1408 1409
f 1416 1409 1415
f 1417 1407 1408
f 1417 1408 1416
f 1418 1406 1407
f 1418 1407 1417
f 1419 1405 1406
f 1419 1406 1418
f 1420 1404 1405
f 1420 1405 1419
f 1412 1403 1404
f 1412 1404 1420
f 1422 1421 1423
f 1438 1423 1424
f 1438 1422 1423
f 1437 1438 1424
f 1436 1424 1425
f 1436 1437 1424
f 1435 1425 1426
f 1435 1436 1425
f 1434 1426 1427
f 1434 1435 1426
f 1433 1427 1428
f 1433 1434 1427
f 1432 1428 1429
f 1432 1433 1428
f 1431 1429 1430
f 1431 1432 1429
f 1447 1448 1449
f 1447 1449 1450
f 1446 1450 1451
f 1446 1451 1452
f 1446 1447 1450
f 1445 1446 1452
f 1444 1452 1453
f 1444 1453 1454
f 1444 1445 1452
f 1443 1444 1454
f 1442 1454 1455
f 1442 1443 1454
f 1441 1455 1456
f 1441 1442 1455
f 1440 1456 1439
f 1440 1441 1456
f 1468 1464 1465
f 1468 1465 1467
f 1469 1463 1464
f 1469 1464 1468
f 1470 1462 1463
f 1470 1463 1469
f 1471 1461 1462
f 1471 1462 1470
f 1472 1460 1461
f 1472 1461 1471
f 1473 1459 1460
f 1473 1460 1472
f 1474 1458 1459
f 1474 1459 1473
f 1466 1457 1458
f 1466 1458 1474
f 1475 1478 1477
f 1475 1476 1478
f 1490 1486 1487
f 1490 1487 1489
f 1491 1485 1486
f 1491 1486 1490
f 1492 1484 1485
f 1492 1485 1491
f 1493 1482 1483
f 1493 1483 1484
f 1493 1484 1492
f 1494 1481 1482
f 1494 1482 1493
f 1495 1480 1481
f 1495 1481 1494
f 1496 1479 1480
f 1496 1480 1495
f 1488 1479 1496
f 1510 1498 1518
f 1497 1510 1511
f 1497 1498 1510
f 1506 1497 1511
f 1505 1511 1512
f 1505 1506 1511
f 1513 1505 1512
f 1504 1505 1513
f 1514 1503 1504
f 1514 1504 1513
f 1515 1502 1503
f 1515 1503 1514
f 1516 1501 1502
f 1516 1502 1515
f 1500 1501 1516
f 1517 1499 1500
f 1517 1500 1516
f 1509 1507 1499
f 1509 1499 1517
f 1508 1507 1509
f 1521 1530 1529
f 1521 1531 1530
f 1522 1539 1531
f 1522 1531 1521
f 1523 1538 1539
f 1523 1539 1522
f 1524 1537 1538
f 1524 1538 1523
f 1525 1537 1524
f 1536 1537 1525
f 1535 1525 1526
f 1535 1536 1525
f 1534 1526 1527
f 1534 1535 1526
f 1533 1527 1528
f 1533 1528 1519
f 1533 1534 1527
f 1532 1519 1520
f 1532 1533 1519
f 1540 1532 1520
f 1567 1555 1556
f 1566 1556 1557
f 1566 1567 1556
f 1568 1554 1555
f 1568 1555 1567
f 1565 1557 1558
f 1565 1566 1557
f 1569 1553 1554
f 1569 1554 1568
f 1564 1558 1559
f 1564 1559 1551
f 1564 1565 1558
f 1570 1552 1553
f 1570 1553 1569
f 1563 1564 1551
f 1562 1552 1570
f 1561 1560 1552
f 1561 1552 1562
f 1543 1563 1551
f 1571 1563 1543
f 1579 1543 1544
f 1579 1571 1543
f 1545 1579 1544
f 1578 1579 1545
f 1577 1545 1546
f 1577 1578 1545
f 1547 1576 1577
f 1547 1577 1546
f 1548 1576 1547
f 1548 1575 1576
f 1549 1575 1548
f 1549 1574 1575
f 1550 1574 1549
f 1550 1573 1574
f 1541 1573 1550
f 1541 1572 1573
f 1541 1580 1572
f 1542 1580 1541
f 1587 1598 1599
f 1588 1596 1597
f 1588 1597 1598
f 1588 1598 1587
f 1586 1599 1600
f 1586 1587 1599
f 1585 1600 1601
f 1585 1586 1600
f 1589 1596 1588
f 1584 1601 1593
f 1584 1585 1601
f 1590 1595 1596
f 1590 1596 1589
f 1581 1594 1595
f 1581 1595 1590
f 1583 1593 1592
f 1583 1584 1593
f 1591 1583 1592
f 1582 1602 1594
f 1582 1594 1581
f 1614 1610 1611
f 1614 1611 1613
f 1615 1608 1609
f 1615 1609 1610
f 1615 1610 1614
f 1616 1608 1615
f 1617 1606 1607
f 1617 1607 1608
f 1617 1608 1616
f 1618 1605 1606
f 1618 1606 1617
f 1619 1604 1605
f 1619 1605 1618
f 1620 1603 1604
f 1620 1604 1619
f 1612 1603 1620
f 1622 1623 1621
f 1622 1624 1623
f 1636 1632 1633
f 1636 1633 1635
f 1637 1631 1632
f 1637 1632 1636
f 1638 1630 1631
f 1638 1631 1637
f 1639 1629 1630
f 1639 1630 1638
f 1640 1628 1629
f 1640 1629 1639
f 1641 1627 1628
f 1641 1628 1640
f 1642 1626 1627
f 1642 1627 1641
f 1634 1625 1626
f 1634 1626 1642
f 1660 1648 1649
f 1659 1649 1650
f 1659 1660 1649
f 1661 1647 1648
f 1661 1648 1660
f 1658 1650 1651
f 1658 1659 1650
f 1662 1646 1647
f 1662 1647 1661
f 1657 1651 1652
f 1657 1652 1643
f 1657 1658 1651
f 1663 1645 1646
f 1663 1646 1662
f 1656 1657 1643
f 1655 1645 1663
f 1654 1653 1645
f 1654 1645 1655
f 1644 1656 1643
f 1664 1656 1644
f 1667 1665 1666
f 1667 1666 1668
f 1671 1669 1670
f 1671 1670 1672
f 1676 1673 1674
f 1676 1675 1673
f 1680 1677 1678
f 1680 1679 1677
f 1682 1683 1681
f 1682 1684 1683
f 1686 1687 1685
f 1686 1688 1687
f 1689 1692 1691
f 1689 1690 1692
f 1693 1696 1695
f 1693 1694 1696
f 1698 1699 1697
f 1698 1700 1699
f 1703 1701 1702
f 1703 1702 1704
f 1722 1706 1705
f 1722 1705 1707
f 1721 1707 1708
f 1721 1722 1707
f 1720 1708 1709
f 1720 1721 1708
f 1719 1709 1710
f 1719 1720 1709
f 1718 1710 1711
f 1718 1719 1710
f 1717 1711 1712
f 1717 1718 1711
f 1716 1712 1713
f 1716 1717 1712
f 1715 1713 1714
f 1715 1716 1713
f 1740 1724 1723
f 1740 1723 1725
f 1739 1725 1726
f 1739 1740 1725
f 1738 1726 1727
f 1738 1739 1726
f 1737 1727 1728
f 1737 1738 1727
f 1736 1728 1729
f 1736 1737 1728
f 1735 1729 1730
f 1735 1736 1729
f 1734 1730 1731
f 1734 1735 1730
f 1733 1731 1732
f 1733 1734 1731
f 1758 1742 1741
f 1758 1741 1743
f 1757 1743 1744
f 1757 1758 1743
f 1756 1744 1745
f 1756 1757 1744
f 1755 1745 1746
f 1755 1756 1745
f 1754 1746 1747
f 1754 1755 1746
f 1753 1747 1748
f 1753 1754 1747
f 1752 1748 1749
f 1752 1753 1748
f 1751 1749 1750
f 1751 1752 1749
f 1776 1759 1760
f 1776 1760 1761
f 1775 1761 1762
f 1775 1776 1761
f 1774 1762 1763
f 1774 1775 1762
f 1773 1763 1764
f 1773 1774 1763
f 1772 1764 1765
f 1772 1773 1764
f 1771 1765 1766
f 1771 1772 1765
f 1770 1766 1767
f 1770 1771 1766
f 1769 1767 1768
f 1769 1770 1767
f 1794 1778 1777
f 1794 1777 1779
f 1793 1779 1780
f 1793 1794 1779
f 1792 1780 1781
f 1792 1793 1780
f 1791 1781 1782
f 1791 1792 1781
f 1790 1782 1783
f 1790 1791 1782
f 1789 1783 1784
f 1789 1790 1783
f 1788 1784 1785
f 1788 1789 1784
f 1787 1785 1786
f 1787 1788 1785
f 1803 1804 1805
f 1803 1805 1806
f 1802 1806 1807
f 1802 1803 1806
f 1801 1807 1808
f 1801 1808 1809
f 1801 1802 1807
f 1800 1801 1809
f 1799 1809 1810
f 1799 1800 1809
f 1798 1810 1811
f 1798 1799 1810
f 1797 1811 1812
f 1797 1798 1811
f 1795 1812 1796
f 1795 1797 1812
f 1821 1822 1823
f 1821 1823 1824
f 1820 1824 1825
f 1820 1821 1824
f 1819 1825 1826
f 1819 1820 1825
f 1818 1826 1827
f 1818 1819 1826
f 1817 1827 1828
f 1817 1818 1827
f 1816 1828 1829
f 1816 1817 1828
f 1815 1829 1830
f 1815 1816 1829
f 1813 1830 1814
f 1813 1815 1830
f 1848 1832 1831
f 1848 1831 1833
f 1847 1833 1834
f 1847 1848 1833
f 1846 1834 1835
f 1846 1847 1834
f 1845 1835 1836
f 1845 1846 1835
f 1844 1836 1837
f 1844 1845 1836
f 1843 1837 1838
f 1843 1844 1837
f 1842 1838 1839
f 1842 1843 1838
f 1841 1839 1840
f 1841 1842 1839
f 1849 1852 1851
f 1849 1850 1852
f 1856 1853 1854
f 1856 1855 1853
f 1872 1858 1857
f 1872 1857 1859
f 1872 1859 1860
f 1871 1860 1861
f 1871 1872 1860
f 1870 1861 1862
f 1870 1871 1861
f 1869 1862 1863
f 1869 1870 1862
f 1868 1863 1864
f 1868 1869 1863
f 1867 1868 1864
f 1866 1864 1865
f 1866 1867 1864
f 1883 1879 1880
f 1883 1880 1882
f 1884 1878 1879
f 1884 1879 1883
f 1885 1877 1878
f 1885 1878 1884
f 1886 1876 1877
f 1886 1877 1885
f 1887 1875 1876
f 1887 1876 1886
f 1888 1874 1875
f 1888 1875 1887
f 1881 1873 1874
f 1881 1874 1888
f 1890 1897 1889
f 1890 1904 1897
f 1891 1903 1904
f 1891 1904 1890
f 1892 1902 1903
f 1892 1903 1891
f 1893 1901 1902
f 1893 1902 1892
f 1894 1900 1901
f 1894 1901 1893
f 1895 1899 1900
f 1895 1900 1894
f 1896 1898 1899
f 1896 1899 1895
f 1912 1913 1914
f 1912 1914 1915
f 1911 1915 1916
f 1911 1912 1915
f 1910 1916 1917
f 1910 1911 1916
f 1909 1917 1918
f 1909 1910 1917
f 1908 1918 1919
f 1908 1909 1918
f 1907 1919 1920
f 1907 1908 1919
f 1905 1920 1906
f 1905 1907 1920
f 1932 1928 1929
f 1932 1929 1931
f 1933 1927 1928
f 1933 1928 1932
f 1934 1926 1927
f 1934 1927 1933
f 1935 1925 1926
f 1935 1926 1934
f 1936 1924 1925
f 1936 1925 1935
f 1937 1923 1924
f 1937 1924 1936
f 1938 1922 1923
f 1938 1923 1937
f 1930 1921 1922
f 1930 1922 1938
f 1939 1956 1948
f 1940 1955 1956
f 1940 1956 1939
f 1941 1954 1955
f 1941 1955 1940
f 1942 1953 1954
f 1942 1954 1941
f 1943 1952 1953
f 1943 1953 1942
f 1944 1951 1952
f 1944 1952 1943
f 1945 1950 1951
f 1945 1951 1944
f 1946 1950 1945
f 1947 1949 1950
f 1947 1950 1946
f 1967 1964 1965
f 1968 1963 1964
f 1968 1964 1967
f 1969 1962 1963
f 1969 1963 1968
f 1970 1961 1962
f 1970 1962 1969
f 1971 1960 1961
f 1971 1961 1970
f 1972 1959 1960
f 1972 1960 1971
f 1973 1958 1959
f 1973 1959 1972
f 1974 1958 1973
f 1966 1957 1958
f 1966 1958 1974
f 1976 1984 1975
f 1976 1992 1984
f 1977 1991 1992
f 1977 1992 1976
f 1978 1990 1991
f 1978 1991 1977
f 1979 1989 1990
f 1979 1990 1978
f 1980 1988 1989
f 1980 1989 1979
f 1981 1987 1988
f 1981 1988 1980
f 1982 1986 1987
f 1982 1987 1981
f 1983 1985 1986
f 1983 1986 1982
f 2003 2000 2001
f 2004 1999 2000
f 2004 2000 2003
f 2005 1998 1999
f 2005 1999 2004
f 2006 1997 1998
f 2006 1998 2005
f 2007 1996 1997
f 2007 1997 2006
f 2008 1995 1996
f 2008 1996 2007
f 2009 1994 1995
f 2009 1995 2008
f 2010 1993 1994
f 2010 1994 2009
f 2002 1993 2010
f 2011 2028 2020
f 2012 2027 2028
f 2012 2028 2011
f 2013 2027 2012
f 2014 2026 2027
f 2014 2027 2013
f 2015 2025 2026
f 2015 2026 2014
f 2016 2024 2025
f 2016 2025 2015
f 2017 2023 2024
f 2017 2024 2016
f 2018 2022 2023
f 2018 2023 2017
f 2019 2021 2022
f 2019 2022 2018
f 2030 2038 2029
f 2030 2046 2038
f 2031 2045 2046
f 2031 2046 2030
f 2032 2044 2045
f 2032 2045 2031
f 2033 2043 2044
f 2033 2044 2032
f 2034 2042 2043
f 2034 2043 2033
f 2035 2041 2042
f 2035 2042 2034
f 2036 2040 2041
f 2036 2041 2035
f 2037 2039 2040
f 2037 2040 2036
f 2057 2054 2055
f 2058 2053 2054
f 2058 2054 2057
f 2059 2052 2053
f 2059 2053 2058
f 2060 2051 2052
f 2060 2052 2059
f 2061 2050 2051
f 2061 2051 2060
f 2062 2049 2050
f 2062 2050 2061
f 2063 2048 2049
f 2063 2049 2062
f 2064 2047 2048
f 2064 2048 2063
f 2056 2047 2064
f 2065 2082 2074
f 2066 2081 2082
f 2066 2082 2065
f 2067 2080 2081
f 2067 2081 2066
f 2068 2079 2080
f 2068 2080 2067
f 2069 2078 2079
f 2069 2079 2068
f 2070 2077 2078
f 2070 2078 2069
f 2071 2076 2077
f 2071 2077 2070
f 2072 2076 2071
f 2073 2075 2076
f 2073 2076 2072
f 2093 2090 2091
f 2094 2089 2090
f 2094 2090 2093
f 2095 2088 2089
f 2095 2089 2094
f 2096 2087 2088
f 2096 2088 2095
f 2097 2086 2087
f 2097 2087 2096
f 2098 2085 2086
f 2098 2086 2097
f 2099 2084 2085
f 2099 2085 2098
f 2100 2084 2099
f 2092 2083 2084
f 2092 2084 2100
f 2101 2118 2110
f 2102 2117 2118
f 2102 2118 2101
f 2103 2116 2117
f 2103 2117 2102
f 2104 2115 2116
f 2104 2116 2103
f 2105 2114 2115
f 2105 2115 2104
f 2106 2113 2114
f 2106 2114 2105
f 2107 2112 2113
f 2107 2113 2106
f 2108 2112 2107
f 2109 2111 2112
f 2109 2112 2108
f 2130 2125 2126
f 2130 2126 2127
f 2130 2127 2129
f 2131 2124 2125
f 2131 2125 2130
f 2132 2124 2131
f 2133 2123 2124
f 2133 2124 2132
f 2134 2122 2123
f 2134 2123 2133
f 2135 2121 2122
f 2135 2122 2134
f 2136 2120 2121
f 2136 2121 2135
f 2128 2119 2120
f 2128 2120 2136
f 2140 2137 2138
f 2140 2139 2137
f 2144 2141 2142
f 2144 2143 2141
f 2147 2145 2146
f 2147 2146 2148
f 2151 2149 2150
f 2151 2150 2152
f 2154 2155 2153
f 2154 2156 2155
f 2157 2161 2162
f 2157 2162 2163
f 2157 2163 2164
f 2157 2164 2165
f 2157 2165 2166
f 2159 2160 2161
f 2159 2161 2157
f 2169 2157 2158
f 2169 2158 2170
f 2169 2170 2171
f 2169 2171 2172
f 2169 2172 2173
f 2169 2173 2174
f 2169 2174 2175
f 2169 2175 2176
f 2169 2159 2157
f 2168 2167 2159
f 2168 2159 2169
f 2178 2179 2177
f 2178 2180 2179
f 2199 2200 2193
f 2197 2198 2199
f 2197 2199 2193
f 2195 2196 2197
f 2182 2194 2195
f 2182 2195 2197
f 2182 2197 2193
f 2183 2181 2182
f 2183 2192 2191
f 2183 2193 2192
f 2183 2182 2193
f 2189 2190 2181
f 2187 2183 2184
f 2187 2184 2185
f 2187 2185 2186
f 2187 2188 2189
f 2187 2189 2181
f 2187 2181 2183
f 2205 2207 2208
f 2204 2208 2209
f 2204 2205 2208
f 2203 2209 2210
f 2203 2204 2209
f 2202 2210 2211
f 2202 2203 2210
f 2201 2211 2206
f 2201 2202 2211
f 2214 2220 2219
f 2215 2223 2220
f 2215 2220 2214
f 2216 2222 2223
f 2216 2223 2215
f 2217 2221 2222
f 2217 2222 2216
f 2218 2213 2221
f 2218 2221 2217
f 2212 2213 2218
f 2235 2224 2225
f 2235 2230 2224
f 2234 2225 2226
f 2234 2235 2225
f 2233 2226 2227
f 2233 2227 2228
f 2233 2234 2226
f 2232 2233 2228
f 2231 2228 2229
f 2231 2232 2228
f 2242 2243 2244
f 2241 2244 2245
f 2241 2242 2244
f 2240 2245 2246
f 2240 2241 2245
f 2239 2246 2247
f 2239 2240 2246
f 2238 2247 2248
f 2238 2239 2247
f 2237 2248 2236
f 2237 2238 2248
f 2250 2252 2249
f 2251 2252 2250
f 2254 2255 2256
f 2254 2256 2253
f 2257 2258 2259
f 2257 2259 2260
f 2257 2260 2261
f 2257 2261 2262
f 2257 2262 2263
f 2257 2263 2264
f 2257 2264 2265
f 2274 2275 2276
f 2268 2269 2270
f 2268 2270 2271
f 2268 2271 2272
f 2268 2272 2273
f 2268 2273 2274
f 2268 2276 2257
f 2268 2257 2265
f 2268 2274 2276
f 2267 2265 2266
f 2267 2268 2265
f 2278 2279 2280
f 2278 2280 2277
f 2294 2292 2293
f 2296 2294 2295
f 2299 2296 2297
f 2299 2297 2298
f 2300 2292 2294
f 2300 2294 2296
f 2300 2296 2299
f 2289 2290 2291
f 2289 2291 2292
f 2281 2289 2292
f 2281 2292 2300
f 2287 2288 2289
f 2283 2281 2282
f 2285 2283 2284
f 2285 2286 2287
f 2285 2289 2281
f 2285 2281 2283
f 2285 2287 2289
f 2309 2306 2307
f 2309 2307 2308
f 2310 2305 2306
f 2310 2306 2309
f 2311 2304 2305
f 2311 2305 2310
f 2312 2303 2304
f 2312 2304 2311
f 2301 2312 2302
f 2301 2303 2312
f 2313 2319 2318
f 2313 2324 2319
f 2314 2323 2324
f 2314 2324 2313
f 2315 2322 2323
f 2315 2323 2314
f 2316 2321 2322
f 2316 2322 2315
f 2317 2320 2321
f 2317 2321 2316
f 2327 2325 2326
f 2327 2335 2325
f 2328 2334 2335
f 2328 2335 2327
f 2329 2333 2334
f 2329 2334 2328
f 2330 2332 2333
f 2330 2333 2329
f 2331 2332 2330
f 2341 2342 2343
f 2341 2343 2344
f 2340 2344 2345
f 2340 2341 2344
f 2339 2345 2346
f 2339 2340 2345
f 2338 2346 2347
f 2338 2339 2346
f 2337 2347 2348
f 2337 2338 2347
f 2336 2337 2348
f 2351 2349 2350
f 2351 2352 2349
f 2361 2362 2363
f 2361 2363 2364
f 2360 2364 2365
f 2360 2361 2364
f 2359 2365 2366
f 2359 2360 2365
f 2358 2366 2367
f 2358 2359 2366
f 2357 2367 2368
f 2357 2358 2367
f 2356 2368 2369
f 2356 2357 2368
f 2355 2369 2370
f 2355 2356 2369
f 2353 2370 2354
f 2353 2355 2370
f 2379 2380 2381
f 2379 2381 2382
f 2378 2382 2383
f 2378 2379 2382
f 2377 2383 2384
f 2377 2378 2383
f 2376 2384 2385
f 2376 2377 2384
f 2375 2385 2386
f 2375 2376 2385
f 2374 2386 2387
f 2374 2375 2386
f 2373 2387 2388
f 2373 2374 2387
f 2371 2388 2372
f 2371 2373 2388
f 2390 2398 2389
f 2390 2405 2406
f 2390 2406 2398
f 2391 2404 2405
f 2391 2405 2390
f 2392 2403 2404
f 2392 2404 2391
f 2393 2402 2403
f 2393 2403 2392
f 2394 2401 2402
f 2394 2402 2393
f 2395 2401 2394
f 2396 2400 2401
f 2396 2401 2395
f 2397 2399 2400
f 2397 2400 2396
f 2408 2416 2407
f 2408 2423 2424
f 2408 2424 2416
f 2409 2422 2423
f 2409 2423 2408
f 2410 2421 2422
f 2410 2422 2409
f 2411 2420 2421
f 2411 2421 2410
f 2412 2419 2420
f 2412 2420 2411
f 2413 2419 2412
f 2414 2418 2419
f 2414 2419 2413
f 2415 2417 2418
f 2415 2418 2414
f 2426 2434 2425
f 2426 2442 2434
f 2427 2441 2442
f 2427 2442 2426
f 2428 2440 2441
f 2428 2441 2427
f 2429 2439 2440
f 2429 2440 2428
f 2430 2438 2439
f 2430 2439 2429
f 2431 2437 2438
f 2431 2438 2430
f 2432 2436 2437
f 2432 2437 2431
f 2433 2435 2436
f 2433 2436 2432
f 2455 2450 2451
f 2456 2449 2450
f 2456 2450 2455
f 2457 2448 2449
f 2457 2449 2456
f 2458 2447 2448
f 2458 2448 2457
f 2459 2446 2447
f 2459 2447 2458
f 2460 2446 2459
f 2461 2445 2446
f 2461 2446 2460
f 2462 2444 2445
f 2462 2445 2461
f 2454 2443 2444
f 2454 2444 2462
f 2453 2452 2443
f 2453 2443 2454
f 2464 2472 2463
f 2464 2479 2480
f 2464 2480 2472
f 2465 2478 2479
f 2465 2479 2464
f 2466 2477 2478
f 2466 2478 2465
f 2467 2476 2477
f 2467 2477 2466
f 2468 2475 2476
f 2468 2476 2467
f 2469 2475 2468
f 2470 2474 2475
f 2470 2475 2469
f 2471 2473 2474
f 2471 2474 2470
f 2484 2491 2483
f 2484 2499 2491
f 2485 2498 2499
f 2485 2499 2484
f 2486 2497 2498
f 2486 2498 2485
f 2487 2496 2497
f 2487 2497 2486
f 2488 2495 2496
f 2488 2496 2487
f 2489 2494 2495
f 2489 2495 2488
f 2490 2493 2494
f 2490 2494 2489
f 2481 2492 2493
f 2481 2500 2492
f 2481 2493 2490
f 2482 2500 2481
f 2510 2511 2512
f 2509 2512 2513
f 2509 2510 2512
f 2508 2513 2514
f 2508 2509 2513
f 2507 2514 2515
f 2507 2508 2514
f 2506 2515 2516
f 2506 2507 2515
f 2505 2516 2517
f 2505 2506 2516
f 2504 2505 2517
f 2503 2517 2518
f 2503 2504 2517
f 2501 2518 2502
f 2501 2503 2518
f 2520 2519 2521
f 2536 2521 2522
f 2536 2520 2521
f 2535 2522 2523
f 2535 2536 2522
f 2534 2523 2524
f 2534 2535 2523
f 2533 2524 2525
f 2533 2534 2524
f 2532 2525 2526
f 2532 2533 2525
f 2531 2526 2527
f 2531 2532 2526
f 2530 2527 2528
f 2530 2531 2527
f 2529 2530 2528
f 2545 2546 2547
f 2545 2547 2548
f 2544 2548 2549
f 2544 2545 2548
f 2543 2549 2550
f 2543 2544 2549
f 2542 2550 2551
f 2542 2543 2550
f 2541 2551 2552
f 2541 2542 2551
f 2540 2552 2553
f 2540 2541 2552
f 2539 2553 2554
f 2539 2540 2553
f 2537 2554 2538
f 2537 2539 2554
f 2572 2556 2555
f 2572 2555 2557
f 2571 2557 2558
f 2571 2572 2557
f 2570 2558 2559
f 2570 2571 2558
f 2569 2559 2560
f 2569 2570 2559
f 2568 2560 2561
f 2568 2569 2560
f 2567 2561 2562
f 2567 2568 2561
f 2566 2562 2563
f 2566 2567 2562
f 2565 2563 2564
f 2565 2566 2563
f 2574 2573 2578
f 2574 2578 2582
f 2575 2582 2581
f 2575 2574 2582
f 2576 2581 2580
f 2576 2575 2581
f 2577 2580 2579
f 2577 2576 2580
f 2596 2606 2597
f 2607 2586 2587
f 2607 2587 2595
f 2608 2585 2586
f 2608 2586 2607
f 2609 2583 2584
f 2609 2584 2585
f 2609 2600 2583
f 2609 2585 2608
f 2610 2595 2594
f 2610 2607 2595
f 2611 2607 2610
f 2611 2608 2607
f 2612 2601 2600
f 2612 2608 2611
f 2612 2600 2609
f 2612 2609 2608
f 2613 2594 2593
f 2613 2610 2594
f 2614 2611 2610
f 2614 2610 2613
f 2615 2602 2601
f 2615 2612 2611
f 2615 2601 2612
f 2615 2611 2614
f 2616 2593 2592
f 2616 2613 2593
f 2617 2613 2616
f 2617 2614 2613
f 2618 2603 2602
f 2618 2615 2614
f 2618 2602 2615
f 2618 2614 2617
f 2619 2592 2591
f 2619 2616 2592
f 2620 2617 2616
f 2620 2616 2619
f 2621 2604 2603
f 2621 2603 2618
f 2621 2618 2617
f 2621 2617 2620
f 2622 2591 2590
f 2622 2619 2591
f 2623 2620 2619
f 2623 2619 2622
f 2624 2605 2604
f 2624 2604 2621
f 2624 2621 2620
f 2624 2620 2623
f 2625 2589 2588
f 2625 2590 2589
f 2625 2588 2599
f 2625 2622 2590
f 2626 2599 2598
f 2626 2623 2622
f 2626 2625 2599
f 2626 2622 2625
f 2627 2626 2598
f 2627 2598 2597
f 2627 2606 2605
f 2627 2623 2626
f 2627 2597 2606
f 2627 2605 2624
f 2627 2624 2623
f 2652 2631 2632
f 2652 2632 2640
f 2653 2630 2631
f 2653 2631 2652
f 2654 2628 2629
f 2654 2629 2630
f 2654 2645 2628
f 2654 2630 2653
f 2655 2640 2639
f 2655 2652 2640
f 2656 2652 2655
f 2656 2653 2652
f 2657 2646 2645
f 2657 2653 2656
f 2657 2645 2654
f 2657 2654 2653
f 2658 2639 2638
f 2658 2655 2639
f 2659 2656 2655
f 2659 2655 2658
f 2660 2647 2646
f 2660 2657 2656
f 2660 2646 2657
f 2660 2656 2659
f 2661 2638 2637
f 2661 2658 2638
f 2662 2658 2661
f 2662 2659 2658
f 2663 2648 2647
f 2663 2660 2659
f 2663 2647 2660
f 2663 2659 2662
f 2664 2637 2636
f 2664 2661 2637
f 2665 2662 2661
f 2665 2661 2664
f 2666 2649 2648
f 2666 2648 2663
f 2666 2663 2662
f 2666 2662 2665
f 2667 2636 2635
f 2667 2664 2636
f 2668 2665 2664
f 2668 2664 2667
f 2669 2650 2649
f 2669 2649 2666
f 2669 2666 2665
f 2669 2665 2668
f 2670 2634 2633
f 2670 2635 2634
f 2670 2633 2644
f 2670 2667 2635
f 2671 2644 2643
f 2671 2668 2667
f 2671 2670 2644
f 2671 2667 2670
f 2672 2671 2643
f 2672 2642 2641
f 2672 2643 2642
f 2672 2651 2650
f 2672 2641 2651
f 2672 2668 2671
f 2672 2650 2669
f 2672 2669 2668
f 2676 2677 2678
f 2676 2678 2682
f 2675 2682 2681
f 2675 2676 2682
f 2674 2680 2679
f 2674 2681 2680
f 2674 2675 2681
f 2673 2674 2679
f 2690 2683 2684
f 2690 2689 2683
f 2691 2684 2685
f 2691 2690 2684
f 2692 2685 2686
f 2692 2686 2687
f 2692 2691 2685
f 2688 2692 2687
f 2709 2699 2698
f 2717 2696 2697
f 2717 2697 2705
f 2718 2695 2696
f 2718 2696 2717
f 2719 2693 2694
f 2719 2694 2695
f 2719 2710 2693
f 2719 2695 2718
f 2720 2705 2704
f 2720 2717 2705
f 2721 2717 2720
f 2721 2718 2717
f 2722 2711 2710
f 2722 2718 2721
f 2722 2710 2719
f 2722 2719 2718
f 2723 2704 2703
f 2723 2720 2704
f 2724 2721 2720
f 2724 2720 2723
f 2725 2712 2711
f 2725 2722 2721
f 2725 2711 2722
f 2725 2721 2724
f 2726 2703 2702
f 2726 2723 2703
f 2727 2723 2726
f 2727 2724 2723
f 2728 2713 2712
f 2728 2725 2724
f 2728 2712 2725
f 2728 2724 2727
f 2729 2702 2701
f 2729 2726 2702
f 2730 2727 2726
f 2730 2726 2729
f 2731 2714 2713
f 2731 2713 2728
f 2731 2728 2727
f 2731 2727 2730
f 2732 2701 2700
f 2732 2729 2701
f 2733 2730 2729
f 2733 2729 2732
f 2734 2715 2714
f 2734 2714 2731
f 2734 2731 2730
f 2734 2730 2733
f 2735 2700 2699
f 2735 2732 2700
f 2735 2699 2709
f 2736 2709 2708
f 2736 2733 2732
f 2736 2735 2709
f 2736 2732 2735
f 2737 2736 2708
f 2737 2707 2706
f 2737 2708 2707
f 2737 2716 2715
f 2737 2706 2716
f 2737 2733 2736
f 2737 2715 2734
f 2737 2734 2733
f 2762 2741 2742
f 2762 2742 2750
f 2763 2740 2741
f 2763 2741 2762
f 2764 2738 2739
f 2764 2739 2740
f 2764 2755 2738
f 2764 2740 2763
f 2765 2750 2749
f 2765 2762 2750
f 2766 2762 2765
f 2766 2763 2762
f 2767 2756 2755
f 2767 2763 2766
f 2767 2755 2764
f 2767 2764 2763
f 2768 2749 2748
f 2768 2765 2749
f 2769 2765 2768
f 2769 2766 2765
f 2770 2757 2756
f 2770 2767 2766
f 2770 2756 2767
f 2770 2766 2769
f 2771 2748 2747
f 2771 2768 2748
f 2772 2768 2771
f 2772 2769 2768
f 2773 2758 2757
f 2773 2770 2769
f 2773 2757 2770
f 2773 2769 2772
f 2774 2747 2746
f 2774 2771 2747
f 2775 2772 2771
f 2775 2771 2774
f 2776 2759 2758
f 2776 2758 2773
f 2776 2773 2772
f 2776 2772 2775
f 2777 2746 2745
f 2777 2774 2746
f 2778 2775 2774
f 2778 2774 2777
f 2779 2760 2759
f 2779 2775 2778
f 2779 2759 2776
f 2779 2776 2775
f 2780 2744 2743
f 2780 2745 2744
f 2780 2743 2754
f 2780 2777 2745
f 2781 2777 2780
f 2781 2754 2753
f 2781 2780 2754
f 2781 2778 2777
f 2782 2778 2781
f 2782 2752 2751
f 2782 2753 2752
f 2782 2761 2760
f 2782 2751 2761
f 2782 2781 2753
f 2782 2760 2779
f 2782 2779 2778
f 2786 2787 2788
f 2786 2792 2791
f 2786 2788 2792
f 2785 2791 2790
f 2785 2786 2791
f 2784 2790 2789
f 2784 2785 2790
f 2783 2784 2789
f 2817 2796 2797
f 2817 2797 2805
f 2818 2795 2796
f 2818 2796 2817
f 2819 2793 2794
f 2819 2794 2795
f 2819 2810 2793
f 2819 2795 2818
f 2820 2805 2804
f 2820 2817 2805
f 2821 2817 2820
f 2821 2818 2817
f 2822 2811 2810
f 2822 2818 2821
f 2822 2810 2819
f 2822 2819 2818
f 2823 2804 2803
f 2823 2820 2804
f 2824 2820 2823
f 2824 2821 2820
f 2825 2812 2811
f 2825 2822 2821
f 2825 2811 2822
f 2825 2821 2824
f 2826 2803 2802
f 2826 2823 2803
f 2827 2823 2826
f 2827 2824 2823
f 2828 2813 2812
f 2828 2825 2824
f 2828 2812 2825
f 2828 2824 2827
f 2829 2802 2801
f 2829 2826 2802
f 2830 2827 2826
f 2830 2826 2829
f 2831 2814 2813
f 2831 2813 2828
f 2831 2828 2827
f 2831 2827 2830
f 2832 2801 2800
f 2832 2829 2801
f 2833 2830 2829
f 2833 2829 2832
f 2834 2815 2814
f 2834 2830 2833
f 2834 2814 2831
f 2834 2831 2830
f 2835 2799 2798
f 2835 2800 2799
f 2835 2798 2809
f 2835 2832 2800
f 2836 2832 2835
f 2836 2809 2808
f 2836 2835 2809
f 2836 2833 2832
f 2837 2833 2836
f 2837 2807 2806
f 2837 2808 2807
f 2837 2816 2815
f 2837 2806 2816
f 2837 2836 2808
f 2837 2815 2834
f 2837 2834 2833
f 2862 2852 2851
f 2862 2851 2861
f 2863 2853 2852
f 2863 2852 2862
f 2864 2844 2843
f 2864 2854 2853
f 2864 2843 2854
f 2864 2853 2863
f 2865 2861 2860
f 2865 2862 2861
f 2866 2863 2862
f 2866 2862 2865
f 2867 2845 2844
f 2867 2864 2863
f 2867 2863 2866
f 2867 2844 2864
f 2868 2860 2859
f 2868 2865 2860
f 2869 2866 2865
f 2869 2865 2868
f 2870 2846 2845
f 2870 2867 2866
f 2870 2866 2869
f 2870 2845 2867
f 2871 2859 2858
f 2871 2868 2859
f 2872 2868 2871
f 2872 2869 2868
f 2873 2847 2846
f 2873 2870 2869
f 2873 2846 2870
f 2873 2869 2872
f 2874 2858 2857
f 2874 2871 2858
f 2875 2872 2871
f 2875 2871 2874
f 2876 2848 2847
f 2876 2872 2875
f 2876 2847 2873
f 2876 2873 2872
f 2877 2857 2856
f 2877 2874 2857
f 2878 2875 2874
f 2878 2874 2877
f 2879 2849 2848
f 2879 2848 2876
f 2879 2876 2875
f 2879 2875 2878
f 2880 2838 2839
f 2880 2855 2838
f 2880 2856 2855
f 2880 2877 2856
f 2880 2878 2877
f 2881 2878 2880
f 2881 2839 2840
f 2881 2880 2839
f 2882 2878 2881
f 2882 2840 2841
f 2882 2841 2842
f 2882 2850 2849
f 2882 2842 2850
f 2882 2849 2879
f 2882 2881 2840
f 2882 2879 2878
f 2886 2887 2888
f 2886 2888 2892
f 2885 2892 2891
f 2885 2886 2892
f 2884 2891 2890
f 2884 2885 2891
f 2883 2890 2889
f 2883 2884 2890
f 2896 2897 2898
f 2896 2898 2902
f 2895 2902 2901
f 2895 2896 2902
f 2894 2901 2900
f 2894 2895 2901
f 2893 2900 2899
f 2893 2894 2900
f 2925 2916 2915
f 2925 2915 2924
f 2926 2917 2916
f 2926 2916 2925
f 2927 2924 2923
f 2927 2925 2924
f 2928 2909 2908
f 2928 2918 2917
f 2928 2908 2918
f 2928 2917 2926
f 2929 2925 2927
f 2929 2926 2925
f 2930 2923 2922
f 2930 2927 2923
f 2931 2910 2909
f 2931 2928 2926
f 2931 2909 2928
f 2931 2926 2929
f 2932 2929 2927
f 2932 2927 2930
f 2933 2922 2921
f 2933 2930 2922
f 2934 2911 2910
f 2934 2931 2929
f 2934 2910 2931
f 2934 2929 2932
f 2935 2930 2933
f 2935 2932 2930
f 2936 2921 2920
f 2936 2933 2921
f 2937 2912 2911
f 2937 2934 2932
f 2937 2911 2934
f 2937 2932 2935
f 2938 2935 2933
f 2938 2933 2936
f 2939 2903 2904
f 2939 2919 2903
f 2939 2920 2919
f 2939 2936 2920
f 2940 2913 2912
f 2940 2912 2937
f 2940 2937 2935
f 2940 2935 2938
f 2941 2904 2905
f 2941 2939 2904
f 2941 2938 2936
f 2941 2936 2939
f 2942 2905 2906
f 2942 2906 2907
f 2942 2914 2913
f 2942 2907 2914
f 2942 2913 2940
f 2942 2941 2905
f 2942 2940 2938
f 2942 2938 2941
f 2967 2957 2956
f 2967 2956 2966
f 2968 2958 2957
f 2968 2957 2967
f 2969 2949 2948
f 2969 2959 2958
f 2969 2948 2959
f 2969 2958 2968
f 2970 2966 2965
f 2970 2967 2966
f 2971 2968 2967
f 2971 2967 2970
f 2972 2950 2949
f 2972 2969 2968
f 2972 2968 2971
f 2972 2949 2969
f 2973 2965 2964
f 2973 2970 2965
f 2974 2971 2970
f 2974 2970 2973
f 2975 2951 2950
f 2975 2971 2974
f 2975 2972 2971
f 2975 2950 2972
f 2976 2964 2963
f 2976 2973 2964
f 2977 2973 2976
f 2977 2974 2973
f 2978 2952 2951
f 2978 2975 2974
f 2978 2951 2975
f 2978 2974 2977
f 2979 2963 2962
f 2979 2976 2963
f 2980 2977 2976
f 2980 2976 2979
f 2981 2953 2952
f 2981 2977 2980
f 2981 2952 2978
f 2981 2978 2977
f 2982 2962 2961
f 2982 2979 2962
f 2983 2980 2979
f 2983 2979 2982
f 2984 2954 2953
f 2984 2953 2981
f 2984 2981 2980
f 2984 2980 2983
f 2985 2943 2944
f 2985 2960 2943
f 2985 2961 2960
f 2985 2982 2961
f 2986 2982 2985
f 2986 2944 2945
f 2986 2983 2982
f 2986 2985 2944
f 2987 2945 2946
f 2987 2946 2947
f 2987 2983 2986
f 2987 2955 2954
f 2987 2947 2955
f 2987 2986 2945
f 2987 2954 2984
f 2987 2984 2983
f 2994 2988 2989
f 2995 2989 2990
f 2995 2994 2989
f 2996 2990 2991
f 2996 2995 2990
f 2997 2996 2991
f 2993 2991 2992
f 2993 2997 2991
f 3022 3012 3011
f 3022 3011 3021
f 3023 3013 3012
f 3023 3012 3022
f 3024 3004 3003
f 3024 3014 3013
f 3024 3003 3014
f 3024 3013 3023
f 3025 3021 3020
f 3025 3022 3021
f 3026 3023 3022
f 3026 3022 3025
f 3027 3005 3004
f 3027 3024 3023
f 3027 3023 3026
f 3027 3004 3024
f 3028 3020 3019
f 3028 3025 3020
f 3029 3026 3025
f 3029 3025 3028
f 3030 3006 3005
f 3030 3026 3029
f 3030 3027 3026
f 3030 3005 3027
f 3031 3019 3018
f 3031 3028 3019
f 3032 3028 3031
f 3032 3029 3028
f 3033 3007 3006
f 3033 3030 3029
f 3033 3006 3030
f 3033 3029 3032
f 3034 3018 3017
f 3034 3031 3018
f 3035 3032 3031
f 3035 3031 3034
f 3036 3008 3007
f 3036 3032 3035
f 3036 3007 3033
f 3036 3033 3032
f 3037 3017 3016
f 3037 3034 3017
f 3038 3035 3034
f 3038 3034 3037
f 3039 3009 3008
f 3039 3008 3036
f 3039 3036 3035
f 3039 3035 3038
f 3040 2998 2999
f 3040 3015 2998
f 3040 3016 3015
f 3040 3037 3016
f 3041 3037 3040
f 3041 2999 3000
f 3041 3038 3037
f 3041 3040 2999
f 3042 3000 3001
f 3042 3001 3002
f 3042 3038 3041
f 3042 3010 3009
f 3042 3002 3010
f 3042 3041 3000
f 3042 3009 3039
f 3042 3039 3038
f 3065 3046 3047
f 3065 3047 3054
f 3066 3045 3046
f 3066 3046 3065
f 3067 3054 3053
f 3067 3065 3054
f 3068 3043 3044
f 3068 3044 3045
f 3068 3059 3043
f 3068 3045 3066
f 3069 3065 3067
f 3069 3066 3065
f 3070 3053 3052
f 3070 3067 3053
f 3071 3060 3059
f 3071 3066 3069
f 3071 3059 3068
f 3071 3068 3066
f 3072 3069 3067
f 3072 3067 3070
f 3073 3052 3051
f 3073 3070 3052
f 3074 3061 3060
f 3074 3071 3069
f 3074 3069 3072
f 3074 3060 3071
f 3075 3072 3070
f 3075 3070 3073
f 3076 3051 3050
f 3076 3073 3051
f 3077 3062 3061
f 3077 3061 3074
f 3077 3074 3072
f 3077 3072 3075
f 3078 3075 3073
f 3078 3073 3076
f 3079 3049 3048
f 3079 3050 3049
f 3079 3048 3058
f 3079 3076 3050
f 3080 3063 3062
f 3080 3062 3077
f 3080 3077 3075
f 3080 3075 3078
f 3081 3058 3057
f 3081 3079 3058
f 3081 3078 3076
f 3081 3076 3079
f 3082 3056 3055
f 3082 3057 3056
f 3082 3064 3063
f 3082 3055 3064
f 3082 3078 3081
f 3082 3063 3080
f 3082 3080 3078
f 3082 3081 3057
f 3086 3087 3088
f 3086 3088 3092
f 3085 3092 3091
f 3085 3086 3092
f 3084 3091 3090
f 3084 3085 3091
f 3083 3090 3089
f 3083 3084 3090
f 3096 3097 3098
f 3096 3098 3102
f 3095 3102 3101
f 3095 3096 3102
f 3094 3101 3100
f 3094 3095 3101
f 3093 3100 3099
f 3093 3094 3100
f 3127 3106 3107
f 3127 3107 3115
f 3128 3105 3106
f 3128 3106 3127
f 3129 3103 3104
f 3129 3104 3105
f 3129 3120 3103
f 3129 3105 3128
f 3130 3115 3114
f 3130 3127 3115
f 3131 3127 3130
f 3131 3128 3127
f 3132 3121 3120
f 3132 3128 3131
f 3132 3120 3129
f 3132 3129 3128
f 3133 3114 3113
f 3133 3130 3114
f 3134 3131 3130
f 3134 3130 3133
f 3135 3122 3121
f 3135 3132 3131
f 3135 3121 3132
f 3135 3131 3134
f 3136 3113 3112
f 3136 3133 3113
f 3137 3133 3136
f 3137 3134 3133
f 3138 3123 3122
f 3138 3134 3137
f 3138 3135 3134
f 3138 3122 3135
f 3139 3112 3111
f 3139 3136 3112
f 3140 3137 3136
f 3140 3136 3139
f 3141 3124 3123
f 3141 3123 3138
f 3141 3138 3137
f 3141 3137 3140
f 3142 3111 3110
f 3142 3139 3111
f 3143 3140 3139
f 3143 3139 3142
f 3144 3125 3124
f 3144 3124 3141
f 3144 3141 3140
f 3144 3140 3143
f 3145 3109 3108
f 3145 3110 3109
f 3145 3108 3119
f 3145 3142 3110
f 3146 3119 3118
f 3146 3143 3142
f 3146 3145 3119
f 3146 3142 3145
f 3147 3146 3118
f 3147 3117 3116
f 3147 3118 3117
f 3147 3126 3125
f 3147 3116 3126
f 3147 3143 3146
f 3147 3125 3144
f 3147 3144 3143
f 3172 3163 3164
f 3172 3164 3171
f 3173 3162 3163
f 3173 3163 3172
f 3174 3154 3153
f 3174 3153 3161
f 3174 3161 3162
f 3174 3162 3173
f 3175 3171 3170
f 3175 3172 3171
f 3176 3173 3172
f 3176 3172 3175
f 3177 3155 3154
f 3177 3174 3173
f 3177 3173 3176
f 3177 3154 3174
f 3178 3170 3169
f 3178 3175 3170
f 3179 3176 3175
f 3179 3175 3178
f 3180 3156 3155
f 3180 3177 3176
f 3180 3155 3177
f 3180 3176 3179
f 3181 3169 3168
f 3181 3178 3169
f 3182 3178 3181
f 3182 3179 3178
f 3183 3157 3156
f 3183 3156 3180
f 3183 3180 3179
f 3183 3179 3182
f 3184 3168 3167
f 3184 3181 3168
f 3185 3182 3181
f 3185 3181 3184
f 3186 3158 3157
f 3186 3182 3185
f 3186 3157 3183
f 3186 3183 3182
f 3187 3167 3166
f 3187 3184 3167
f 3188 3185 3184
f 3188 3184 3187
f 3189 3159 3158
f 3189 3158 3186
f 3189 3186 3185
f 3189 3185 3188
f 3190 3148 3149
f 3190 3165 3148
f 3190 3166 3165
f 3190 3187 3166
f 3191 3187 3190
f 3191 3149 3150
f 3191 3188 3187
f 3191 3190 3149
f 3192 3150 3151
f 3192 3151 3152
f 3192 3188 3191
f 3192 3160 3159
f 3192 3152 3160
f 3192 3191 3150
f 3192 3159 3189
f 3192 3189 3188
f 3200 3197 3196
f 3200 3199 3197
f 3201 3195 3194
f 3201 3196 3195
f 3201 3200 3196
f 3202 3201 3194
f 3198 3194 3193
f 3198 3202 3194
f 3227 3217 3216
f 3227 3216 3226
f 3228 3218 3217
f 3228 3219 3218
f 3228 3217 3227
f 3229 3209 3208
f 3229 3208 3219
f 3229 3219 3228
f 3230 3226 3225
f 3230 3227 3226
f 3231 3227 3230
f 3231 3228 3227
f 3232 3210 3209
f 3232 3229 3228
f 3232 3228 3231
f 3232 3209 3229
f 3233 3225 3224
f 3233 3230 3225
f 3234 3230 3233
f 3234 3231 3230
f 3235 3211 3210
f 3235 3232 3231
f 3235 3231 3234
f 3235 3210 3232
f 3236 3224 3223
f 3236 3233 3224
f 3237 3234 3233
f 3237 3233 3236
f 3238 3212 3211
f 3238 3235 3234
f 3238 3211 3235
f 3238 3234 3237
f 3239 3223 3222
f 3239 3236 3223
f 3240 3237 3236
f 3240 3236 3239
f 3241 3213 3212
f 3241 3212 3238
f 3241 3238 3237
f 3241 3237 3240
f 3242 3222 3221
f 3242 3239 3222
f 3242 3240 3239
f 3243 3240 3242
f 3244 3214 3213
f 3244 3213 3241
f 3244 3241 3240
f 3244 3240 3243
f 3245 3203 3204
f 3245 3220 3203
f 3245 3221 3220
f 3245 3242 3221
f 3246 3242 3245
f 3246 3204 3205
f 3246 3245 3204
f 3246 3243 3242
f 3247 3205 3206
f 3247 3206 3207
f 3247 3243 3246
f 3247 3215 3214
f 3247 3207 3215
f 3247 3246 3205
f 3247 3214 3244
f 3247 3244 3243
f 3252 3260 3251
f 3272 3262 3261
f 3272 3261 3271
f 3273 3263 3262
f 3273 3262 3272
f 3274 3254 3253
f 3274 3264 3263
f 3274 3253 3264
f 3274 3263 3273
f 3275 3271 3270
f 3275 3272 3271
f 3276 3273 3272
f 3276 3272 3275
f 3277 3255 3254
f 3277 3274 3273
f 3277 3273 3276
f 3277 3254 3274
f 3278 3270 3269
f 3278 3275 3270
f 3279 3276 3275
f 3279 3275 3278
f 3280 3256 3255
f 3280 3276 3279
f 3280 3277 3276
f 3280 3255 3277
f 3281 3269 3268
f 3281 3278 3269
f 3282 3278 3281
f 3282 3279 3278
f 3283 3257 3256
f 3283 3280 3279
f 3283 3256 3280
f 3283 3279 3282
f 3284 3268 3267
f 3284 3281 3268
f 3285 3282 3281
f 3285 3281 3284
f 3286 3258 3257
f 3286 3282 3285
f 3286 3257 3283
f 3286 3283 3282
f 3287 3267 3266
f 3287 3284 3267
f 3288 3285 3284
f 3288 3284 3287
f 3289 3259 3258
f 3289 3258 3286
f 3289 3286 3285
f 3289 3285 3288
f 3290 3248 3249
f 3290 3265 3248
f 3290 3266 3265
f 3290 3287 3266
f 3291 3287 3290
f 3291 3249 3250
f 3291 3288 3287
f 3291 3290 3249
f 3292 3250 3251
f 3292 3288 3291
f 3292 3260 3259
f 3292 3291 3250
f 3292 3251 3260
f 3292 3259 3289
f 3292 3289 3288
f 3299 3293 3294
f 3300 3294 3295
f 3300 3299 3294
f 3301 3295 3296
f 3301 3300 3295
f 3302 3296 3297
f 3302 3301 3296
f 3298 3302 3297
f 3327 3317 3316
f 3327 3316 3326
f 3328 3318 3317
f 3328 3317 3327
f 3329 3309 3308
f 3329 3319 3318
f 3329 3308 3319
f 3329 3318 3328
f 3330 3326 3325
f 3330 3327 3326
f 3331 3328 3327
f 3331 3327 3330
f 3332 3310 3309
f 3332 3329 3328
f 3332 3328 3331
f 3332 3309 3329
f 3333 3325 3324
f 3333 3330 3325
f 3334 3331 3330
f 3334 3330 3333
f 3335 3311 3310
f 3335 3331 3334
f 3335 3332 3331
f 3335 3310 3332
f 3336 3324 3323
f 3336 3333 3324
f 3337 3333 3336
f 3337 3334 3333
f 3338 3312 3311
f 3338 3335 3334
f 3338 3311 3335
f 3338 3334 3337
f 3339 3323 3322
f 3339 3336 3323
f 3340 3337 3336
f 3340 3336 3339
f 3341 3313 3312
f 3341 3337 3340
f 3341 3312 3338
f 3341 3338 3337
f 3342 3322 3321
f 3342 3339 3322
f 3343 3340 3339
f 3343 3339 3342
f 3344 3314 3313
f 3344 3313 3341
f 3344 3341 3340
f 3344 3340 3343
f 3345 3303 3304
f 3345 3320 3303
f 3345 3321 3320
f 3345 3342 3321
f 3346 3342 3345
f 3346 3304 3305
f 3346 3343 3342
f 3346 3345 3304
f 3347 3305 3306
f 3347 3306 3307
f 3347 3343 3346
f 3347 3315 3314
f 3347 3307 3315
f 3347 3346 3305
f 3347 3314 3344
f 3347 3344 3343
f 3361 3371 3362
f 3372 3351 3352
f 3372 3352 3360
f 3373 3350 3351
f 3373 3351 3372
f 3374 3348 3349
f 3374 3349 3350
f 3374 3365 3348
f 3374 3350 3373
f 3375 3360 3359
f 3375 3372 3360
f 3376 3372 3375
f 3376 3373 3372
f 3377 3366 3365
f 3377 3373 3376
f 3377 3365 3374
f 3377 3374 3373
f 3378 3359 3358
f 3378 3375 3359
f 3379 3376 3375
f 3379 3375 3378
f 3380 3367 3366
f 3380 3377 3376
f 3380 3366 3377
f 3380 3376 3379
f 3381 3358 3357
f 3381 3378 3358
f 3382 3378 3381
f 3382 3379 3378
f 3383 3368 3367
f 3383 3380 3379
f 3383 3367 3380
f 3383 3379 3382
f 3384 3357 3356
f 3384 3381 3357
f 3385 3382 3381
f 3385 3381 3384
f 3386 3369 3368
f 3386 3368 3383
f 3386 3383 3382
f 3386 3382 3385
f 3387 3356 3355
f 3387 3384 3356
f 3388 3385 3384
f 3388 3384 3387
f 3389 3370 3369
f 3389 3369 3386
f 3389 3386 3385
f 3389 3385 3388
f 3390 3354 3353
f 3390 3355 3354
f 3390 3353 3364
f 3390 3387 3355
f 3391 3364 3363
f 3391 3388 3387
f 3391 3390 3364
f 3391 3387 3390
f 3392 3391 3363
f 3392 3363 3362
f 3392 3371 3370
f 3392 3388 3391
f 3392 3362 3371
f 3392 3370 3389
f 3392 3389 3388
f 3396 3397 3398
f 3396 3398 3402
f 3395 3402 3401
f 3395 3396 3402
f 3394 3401 3400
f 3394 3395 3401
f 3393 3400 3399
f 3393 3394 3400
f 3410 3403 3404
f 3410 3409 3403
f 3411 3404 3405
f 3411 3410 3404
f 3412 3405 3406
f 3412 3411 3405
f 3408 3406 3407
f 3408 3412 3406
f 3435 3416 3417
f 3435 3417 3424
f 3436 3415 3416
f 3436 3416 3435
f 3437 3424 3423
f 3437 3435 3424
f 3438 3413 3414
f 3438 3414 3415
f 3438 3429 3413
f 3438 3415 3436
f 3439 3435 3437
f 3439 3436 3435
f 3440 3423 3422
f 3440 3437 3423
f 3441 3430 3429
f 3441 3438 3436
f 3441 3436 3439
f 3441 3429 3438
f 3442 3437 3440
f 3442 3439 3437
f 3443 3422 3421
f 3443 3440 3422
f 3444 3431 3430
f 3444 3441 3439
f 3444 3439 3442
f 3444 3430 3441
f 3445 3442 3440
f 3445 3440 3443
f 3446 3421 3420
f 3446 3443 3421
f 3447 3432 3431
f 3447 3431 3444
f 3447 3442 3445
f 3447 3444 3442
f 3448 3445 3443
f 3448 3443 3446
f 3449 3419 3418
f 3449 3420 3419
f 3449 3418 3428
f 3449 3446 3420
f 3450 3433 3432
f 3450 3432 3447
f 3450 3447 3445
f 3450 3445 3448
f 3451 3428 3427
f 3451 3449 3428
f 3451 3448 3446
f 3451 3446 3449
f 3452 3426 3425
f 3452 3427 3426
f 3452 3434 3433
f 3452 3425 3434
f 3452 3433 3450
f 3452 3451 3427
f 3452 3450 3448
f 3452 3448 3451
f 3469 3459 3458
f 3477 3456 3457
f 3477 3457 3465
f 3478 3455 3456
f 3478 3456 3477
f 3479 3453 3454
f 3479 3454 3455
f 3479 3470 3453
f 3479 3455 3478
f 3480 3465 3464
f 3480 3477 3465
f 3481 3477 3480
f 3481 3478 3477
f 3482 3471 3470
f 3482 3478 3481
f 3482 3470 3479
f 3482 3479 3478
f 3483 3464 3463
f 3483 3480 3464
f 3484 3480 3483
f 3484 3481 3480
f 3485 3472 3471
f 3485 3482 3481
f 3485 3481 3484
f 3485 3471 3482
f 3486 3463 3462
f 3486 3483 3463
f 3487 3483 3486
f 3487 3484 3483
f 3488 3473 3472
f 3488 3472 3485
f 3488 3485 3484
f 3488 3484 3487
f 3489 3462 3461
f 3489 3486 3462
f 3490 3487 3486
f 3490 3486 3489
f 3491 3474 3473
f 3491 3473 3488
f 3491 3487 3490
f 3491 3488 3487
f 3492 3461 3460
f 3492 3489 3461
f 3493 3490 3489
f 3493 3489 3492
f 3494 3475 3474
f 3494 3474 3491
f 3494 3491 3490
f 3494 3490 3493
f 3495 3460 3459
f 3495 3459 3469
f 3495 3492 3460
f 3496 3492 3495
f 3496 3469 3468
f 3496 3495 3469
f 3496 3493 3492
f 3497 3496 3468
f 3497 3493 3496
f 3497 3467 3466
f 3497 3468 3467
f 3497 3476 3475
f 3497 3466 3476
f 3497 3475 3494
f 3497 3494 3493
f 3502 3503 3507
f 3501 3507 3506
f 3501 3502 3507
f 3500 3506 3505
f 3500 3501 3506
f 3499 3505 3504
f 3499 3500 3505
f 3498 3499 3504
f 3515 3508 3509
f 3515 3514 3508
f 3516 3509 3510
f 3516 3515 3509
f 3517 3510 3511
f 3517 3516 3510
f 3513 3511 3512
f 3513 3517 3511
f 3540 3531 3530
f 3540 3530 3539
f 3541 3532 3531
f 3541 3531 3540
f 3542 3539 3538
f 3542 3540 3539
f 3543 3524 3523
f 3543 3533 3532
f 3543 3523 3533
f 3543 3532 3541
f 3544 3540 3542
f 3544 3541 3540
f 3545 3538 3537
f 3545 3542 3538
f 3546 3525 3524
f 3546 3524 3543
f 3546 3541 3544
f 3546 3543 3541
f 3547 3544 3542
f 3547 3542 3545
f 3548 3537 3536
f 3548 3545 3537
f 3549 3526 3525
f 3549 3546 3544
f 3549 3544 3547
f 3549 3525 3546
f 3550 3547 3545
f 3550 3545 3548
f 3551 3536 3535
f 3551 3548 3536
f 3552 3527 3526
f 3552 3526 3549
f 3552 3549 3547
f 3552 3547 3550
f 3553 3550 3548
f 3553 3548 3551
f 3554 3518 3519
f 3554 3534 3518
f 3554 3535 3534
f 3554 3551 3535
f 3555 3528 3527
f 3555 3527 3552
f 3555 3552 3550
f 3555 3550 3553
f 3556 3519 3520
f 3556 3553 3551
f 3556 3554 3519
f 3556 3551 3554
f 3557 3520 3521
f 3557 3521 3522
f 3557 3529 3528
f 3557 3522 3529
f 3557 3528 3555
f 3557 3553 3556
f 3557 3556 3520
f 3557 3555 3553
f 3582 3572 3571
f 3582 3571 3581
f 3583 3573 3572
f 3583 3572 3582
f 3584 3564 3563
f 3584 3574 3573
f 3584 3563 3574
f 3584 3573 3583
f 3585 3581 3580
f 3585 3582 3581
f 3586 3583 3582
f 3586 3582 3585
f 3587 3565 3564
f 3587 3584 3583
f 3587 3583 3586
f 3587 3564 3584
f 3588 3580 3579
f 3588 3585 3580
f 3589 3586 3585
f 3589 3585 3588
f 3590 3566 3565
f 3590 3587 3586
f 3590 3586 3589
f 3590 3565 3587
f 3591 3579 3578
f 3591 3588 3579
f 3592 3588 3591
f 3592 3589 3588
f 3593 3567 3566
f 3593 3566 3590
f 3593 3590 3589
f 3593 3589 3592
f 3594 3578 3577
f 3594 3591 3578
f 3595 3592 3591
f 3595 3591 3594
f 3596 3568 3567
f 3596 3592 3595
f 3596 3567 3593
f 3596 3593 3592
f 3597 3577 3576
f 3597 3594 3577
f 3598 3595 3594
f 3598 3594 3597
f 3599 3569 3568
f 3599 3568 3596
f 3599 3596 3595
f 3599 3595 3598
f 3600 3558 3559
f 3600 3575 3558
f 3600 3576 3575
f 3600 3597 3576
f 3601 3597 3600
f 3601 3559 3560
f 3601 3598 3597
f 3601 3600 3559
f 3602 3560 3561
f 3602 3561 3562
f 3602 3598 3601
f 3602 3570 3569
f 3602 3562 3570
f 3602 3601 3560
f 3602 3569 3599
f 3602 3599 3598
f 3607 3608 3612
f 3606 3612 3611
f 3606 3607 3612
f 3605 3611 3610
f 3605 3606 3611
f 3604 3610 3609
f 3604 3605 3610
f 3603 3604 3609
f 3620 3613 3614
f 3620 3619 3613
f 3621 3614 3615
f 3621 3620 3614
f 3622 3615 3616
f 3622 3621 3615
f 3618 3616 3617
f 3618 3622 3616
f 3647 3626 3627
f 3647 3627 3635
f 3648 3625 3626
f 3648 3626 3647
f 3649 3623 3624
f 3649 3624 3625
f 3649 3640 3623
f 3649 3625 3648
f 3650 3635 3634
f 3650 3647 3635
f 3651 3647 3650
f 3651 3648 3647
f 3652 3641 3640
f 3652 3648 3651
f 3652 3640 3649
f 3652 3649 3648
f 3653 3634 3633
f 3653 3650 3634
f 3654 3651 3650
f 3654 3650 3653
f 3655 3642 3641
f 3655 3652 3651
f 3655 3641 3652
f 3655 3651 3654
f 3656 3633 3632
f 3656 3653 3633
f 3657 3653 3656
f 3657 3654 3653
f 3658 3643 3642
f 3658 3655 3654
f 3658 3642 3655
f 3658 3654 3657
f 3659 3632 3631
f 3659 3656 3632
f 3660 3657 3656
f 3660 3656 3659
f 3661 3644 3643
f 3661 3643 3658
f 3661 3658 3657
f 3661 3657 3660
f 3662 3631 3630
f 3662 3659 3631
f 3663 3660 3659
f 3663 3659 3662
f 3664 3645 3644
f 3664 3644 3661
f 3664 3661 3660
f 3664 3660 3663
f 3665 3629 3628
f 3665 3630 3629
f 3665 3628 3639
f 3665 3662 3630
f 3666 3639 3638
f 3666 3663 3662
f 3666 3665 3639
f 3666 3662 3665
f 3667 3666 3638
f 3667 3637 3636
f 3667 3638 3637
f 3667 3646 3645
f 3667 3636 3646
f 3667 3663 3666
f 3667 3645 3664
f 3667 3664 3663
f 3692 3671 3672
f 3692 3672 3680
f 3693 3670 3671
f 3693 3671 3692
f 3694 3668 3669
f 3694 3669 3670
f 3694 3685 3668
f 3694 3670 3693
f 3695 3680 3679
f 3695 3692 3680
f 3696 3692 3695
f 3696 3693 3692
f 3697 3686 3685
f 3697 3693 3696
f 3697 3685 3694
f 3697 3694 3693
f 3698 3679 3678
f 3698 3695 3679
f 3699 3695 3698
f 3699 3696 3695
f 3700 3687 3686
f 3700 3697 3696
f 3700 3686 3697
f 3700 3696 3699
f 3701 3678 3677
f 3701 3698 3678
f 3702 3698 3701
f 3702 3699 3698
f 3703 3688 3687
f 3703 3700 3699
f 3703 3687 3700
f 3703 3699 3702
f 3704 3677 3676
f 3704 3701 3677
f 3705 3702 3701
f 3705 3701 3704
f 3706 3689 3688
f 3706 3688 3703
f 3706 3703 3702
f 3706 3702 3705
f 3707 3676 3675
f 3707 3704 3676
f 3708 3705 3704
f 3708 3704 3707
f 3709 3690 3689
f 3709 3705 3708
f 3709 3689 3706
f 3709 3706 3705
f 3710 3674 3673
f 3710 3675 3674
f 3710 3673 3684
f 3710 3707 3675
f 3711 3707 3710
f 3711 3684 3683
f 3711 3710 3684
f 3711 3708 3707
f 3712 3708 3711
f 3712 3682 3681
f 3712 3683 3682
f 3712 3691 3690
f 3712 3681 3691
f 3712 3711 3683
f 3712 3690 3709
f 3712 3709 3708
f 3737 3716 3717
f 3737 3717 3725
f 3738 3715 3716
f 3738 3716 3737
f 3739 3713 3714
f 3739 3714 3715
f 3739 3730 3713
f 3739 3715 3738
f 3740 3725 3724
f 3740 3737 3725
f 3741 3737 3740
f 3741 3738 3737
f 3742 3731 3730
f 3742 3738 3741
f 3742 3730 3739
f 3742 3739 3738
f 3743 3724 3723
f 3743 3740 3724
f 3744 3741 3740
f 3744 3740 3743
f 3745 3732 3731
f 3745 3742 3741
f 3745 3731 3742
f 3745 3741 3744
f 3746 3723 3722
f 3746 3743 3723
f 3747 3743 3746
f 3747 3744 3743
f 3748 3733 3732
f 3748 3745 3744
f 3748 3732 3745
f 3748 3744 3747
f 3749 3722 3721
f 3749 3746 3722
f 3750 3747 3746
f 3750 3746 3749
f 3751 3734 3733
f 3751 3733 3748
f 3751 3748 3747
f 3751 3747 3750
f 3752 3721 3720
f 3752 3749 3721
f 3753 3750 3749
f 3753 3749 3752
f 3754 3735 3734
f 3754 3734 3751
f 3754 3751 3750
f 3754 3750 3753
f 3755 3719 3718
f 3755 3720 3719
f 3755 3718 3729
f 3755 3752 3720
f 3756 3729 3728
f 3756 3753 3752
f 3756 3752 3755
f 3756 3755 3729
f 3757 3756 3728
f 3757 3727 3726
f 3757 3728 3727
f 3757 3736 3735
f 3757 3726 3736
f 3757 3753 3756
f 3757 3735 3754
f 3757 3754 3753
f 3782 3761 3762
f 3782 3762 3770
f 3783 3760 3761
f 3783 3761 3782
f 3784 3758 3759
f 3784 3759 3760
f 3784 3775 3758
f 3784 3760 3783
f 3785 3770 3769
f 3785 3782 3770
f 3786 3782 3785
f 3786 3783 3782
f 3787 3776 3775
f 3787 3783 3786
f 3787 3775 3784
f 3787 3784 3783
f 3788 3769 3768
f 3788 3785 3769
f 3789 3785 3788
f 3789 3786 3785
f 3790 3777 3776
f 3790 3787 3786
f 3790 3776 3787
f 3790 3786 3789
f 3791 3768 3767
f 3791 3788 3768
f 3792 3788 3791
f 3792 3789 3788
f 3793 3778 3777
f 3793 3790 3789
f 3793 3777 3790
f 3793 3789 3792
f 3794 3767 3766
f 3794 3791 3767
f 3795 3792 3791
f 3795 3791 3794
f 3796 3779 3778
f 3796 3778 3793
f 3796 3793 3792
f 3796 3792 3795
f 3797 3766 3765
f 3797 3794 3766
f 3798 3795 3794
f 3798 3794 3797
f 3799 3780 3779
f 3799 3795 3798
f 3799 3779 3796
f 3799 3796 3795
f 3800 3764 3763
f 3800 3765 3764
f 3800 3763 3774
f 3800 3797 3765
f 3801 3797 3800
f 3801 3774 3773
f 3801 3800 3774
f 3801 3798 3797
f 3802 3798 3801
f 3802 3772 3771
f 3802 3773 3772
f 3802 3781 3780
f 3802 3771 3781
f 3802 3801 3773
f 3802 3780 3799
f 3802 3799 3798
f 3811 3803 3804
f 3811 3812 3803
f 3810 3804 3805
f 3810 3811 3804
f 3809 3805 3806
f 3809 3810 3805
f 3808 3806 3807
f 3808 3809 3806
f 3819 3817 3816
f 3820 3816 3815
f 3820 3819 3816
f 3821 3815 3814
f 3821 3820 3815
f 3822 3814 3813
f 3822 3821 3814
f 3818 3822 3813
f 3845 3836 3835
f 3845 3835 3844
f 3846 3837 3836
f 3846 3836 3845
f 3847 3844 3843
f 3847 3845 3844
f 3848 3829 3828
f 3848 3838 3837
f 3848 3828 3838
f 3848 3837 3846
f 3849 3845 3847
f 3849 3846 3845
f 3850 3843 3842
f 3850 3847 3843
f 3851 3830 3829
f 3851 3829 3848
f 3851 3848 3846
f 3851 3846 3849
f 3852 3849 3847
f 3852 3847 3850
f 3853 3842 3841
f 3853 3850 3842
f 3854 3831 3830
f 3854 3851 3849
f 3854 3830 3851
f 3854 3849 3852
f 3855 3850 3853
f 3855 3852 3850
f 3856 3841 3840
f 3856 3853 3841
f 3857 3832 3831
f 3857 3831 3854
f 3857 3854 3852
f 3857 3852 3855
f 3858 3855 3853
f 3858 3853 3856
f 3859 3823 3824
f 3859 3839 3823
f 3859 3840 3839
f 3859 3856 3840
f 3860 3833 3832
f 3860 3832 3857
f 3860 3857 3855
f 3860 3855 3858
f 3861 3824 3825
f 3861 3859 3824
f 3861 3858 3856
f 3861 3856 3859
f 3862 3825 3826
f 3862 3826 3827
f 3862 3834 3833
f 3862 3827 3834
f 3862 3833 3860
f 3862 3861 3825
f 3862 3860 3858
f 3862 3858 3861
f 3885 3876 3875
f 3885 3875 3884
f 3886 3877 3876
f 3886 3876 3885
f 3887 3884 3883
f 3887 3885 3884
f 3888 3869 3868
f 3888 3878 3877
f 3888 3868 3878
f 3888 3877 3886
f 3889 3885 3887
f 3889 3886 3885
f 3890 3883 3882
f 3890 3887 3883
f 3891 3870 3869
f 3891 3869 3888
f 3891 3886 3889
f 3891 3888 3886
f 3892 3889 3887
f 3892 3887 3890
f 3893 3882 3881
f 3893 3890 3882
f 3894 3871 3870
f 3894 3891 3889
f 3894 3889 3892
f 3894 3870 3891
f 3895 3892 3890
f 3895 3890 3893
f 3896 3881 3880
f 3896 3893 3881
f 3897 3872 3871
f 3897 3871 3894
f 3897 3894 3892
f 3897 3892 3895
f 3898 3895 3893
f 3898 3893 3896
f 3899 3863 3864
f 3899 3879 3863
f 3899 3880 3879
f 3899 3896 3880
f 3900 3873 3872
f 3900 3872 3897
f 3900 3897 3895
f 3900 3895 3898
f 3901 3864 3865
f 3901 3898 3896
f 3901 3899 3864
f 3901 3896 3899
f 3902 3865 3866
f 3902 3866 3867
f 3902 3874 3873
f 3902 3867 3874
f 3902 3873 3900
f 3902 3898 3901
f 3902 3901 3865
f 3902 3900 3898
f 3910 3903 3904
f 3910 3909 3903
f 3911 3904 3905
f 3911 3910 3904
f 3912 3905 3906
f 3912 3911 3905
f 3908 3906 3907
f 3908 3912 3906
f 3916 3917 3918
f 3916 3918 3922
f 3915 3922 3921
f 3915 3916 3922
f 3914 3921 3920
f 3914 3915 3921
f 3913 3920 3919
f 3913 3914 3920
f 3947 3926 3927
f 3947 3927 3935
f 3948 3925 3926
f 3948 3926 3947
f 3949 3923 3924
f 3949 3924 3925
f 3949 3940 3923
f 3949 3925 3948
f 3950 3935 3934
f 3950 3947 3935
f 3951 3947 3950
f 3951 3948 3947
f 3952 3941 3940
f 3952 3948 3951
f 3952 3940 3949
f 3952 3949 3948
f 3953 3934 3933
f 3953 3950 3934
f 3954 3950 3953
f 3954 3951 3950
f 3955 3942 3941
f 3955 3952 3951
f 3955 3941 3952
f 3955 3951 3954
f 3956 3933 3932
f 3956 3953 3933
f 3957 3953 3956
f 3957 3954 3953
f 3958 3943 3942
f 3958 3955 3954
f 3958 3942 3955
f 3958 3954 3957
f 3959 3932 3931
f 3959 3956 3932
f 3960 3957 3956
f 3960 3956 3959
f 3961 3944 3943
f 3961 3943 3958
f 3961 3958 3957
f 3961 3957 3960
f 3962 3931 3930
f 3962 3959 3931
f 3963 3960 3959
f 3963 3959 3962
f 3964 3945 3944
f 3964 3960 3963
f 3964 3944 3961
f 3964 3961 3960
f 3965 3929 3928
f 3965 3930 3929
f 3965 3928 3939
f 3965 3962 3930
f 3966 3962 3965
f 3966 3939 3938
f 3966 3965 3939
f 3966 3963 3962
f 3967 3963 3966
f 3967 3937 3936
f 3967 3938 3937
f 3967 3946 3945
f 3967 3936 3946
f 3967 3966 3938
f 3967 3945 3964
f 3967 3964 3963
f 3992 3971 3972
f 3992 3972 3980
f 3993 3970 3971
f 3993 3971 3992
f 3994 3968 3969
f 3994 3969 3970
f 3994 3985 3968
f 3994 3970 3993
f 3995 3980 3979
f 3995 3992 3980
f 3996 3992 3995
f 3996 3993 3992
f 3997 3986 3985
f 3997 3993 3996
f 3997 3985 3994
f 3997 3994 3993
f 3998 3979 3978
f 3998 3995 3979
f 3999 3996 3995
f 3999 3995 3998
f 4000 3987 3986
f 4000 3997 3996
f 4000 3986 3997
f 4000 3996 3999
f 4001 3978 3977
f 4001 3998 3978
f 4002 3998 4001
f 4002 3999 3998
f 4003 3988 3987
f 4003 4000 3999
f 4003 3987 4000
f 4003 3999 4002
f 4004 3977 3976
f 4004 4001 3977
f 4005 4002 4001
f 4005 4001 4004
f 4006 3989 3988
f 4006 3988 4003
f 4006 4003 4002
f 4006 4002 4005
f 4007 3976 3975
f 4007 4004 3976
f 4008 4005 4004
f 4008 4004 4007
f 4009 3990 3989
f 4009 3989 4006
f 4009 4006 4005
f 4009 4005 4008
f 4010 3974 3973
f 4010 3975 3974
f 4010 3973 3984
f 4010 4007 3975
f 4011 3984 3983
f 4011 4008 4007
f 4011 4010 3984
f 4011 4007 4010
f 4012 4011 3983
f 4012 3982 3981
f 4012 3983 3982
f 4012 3991 3990
f 4012 3981 3991
f 4012 4008 4011
f 4012 3990 4009
f 4012 4009 4008
f 4037 4016 4017
f 4037 4017 4025
f 4038 4015 4016
f 4038 4016 4037
f 4039 4013 4014
f 4039 4014 4015
f 4039 4030 4013
f 4039 4015 4038
f 4040 4025 4024
f 4040 4037 4025
f 4041 4037 4040
f 4041 4038 4037
f 4042 4031 4030
f 4042 4038 4041
f 4042 4030 4039
f 4042 4039 4038
f 4043 4024 4023
f 4043 4040 4024
f 4044 4041 4040
f 4044 4040 4043
f 4045 4032 4031
f 4045 4042 4041
f 4045 4031 4042
f 4045 4041 4044
f 4046 4023 4022
f 4046 4043 4023
f 4047 4044 4043
f 4047 4043 4046
f 4048 4033 4032
f 4048 4045 4044
f 4048 4032 4045
f 4048 4044 4047
f 4049 4022 4021
f 4049 4046 4022
f 4050 4047 4046
f 4050 4046 4049
f 4051 4034 4033
f 4051 4033 4048
f 4051 4047 4050
f 4051 4048 4047
f 4052 4021 4020
f 4052 4049 4021
f 4053 4050 4049
f 4053 4049 4052
f 4054 4035 4034
f 4054 4034 4051
f 4054 4051 4050
f 4054 4050 4053
f 4055 4019 4018
f 4055 4020 4019
f 4055 4018 4029
f 4055 4052 4020
f 4056 4052 4055
f 4056 4029 4028
f 4056 4055 4029
f 4056 4053 4052
f 4057 4053 4056
f 4057 4027 4026
f 4057 4028 4027
f 4057 4036 4035
f 4057 4026 4036
f 4057 4035 4054
f 4057 4056 4028
f 4057 4054 4053
f 4082 4061 4062
f 4082 4062 4070
f 4083 4060 4061
f 4083 4061 4082
f 4084 4058 4059
f 4084 4059 4060
f 4084 4075 4058
f 4084 4060 4083
f 4085 4070 4069
f 4085 4082 4070
f 4086 4082 4085
f 4086 4083 4082
f 4087 4076 4075
f 4087 4083 4086
f 4087 4075 4084
f 4087 4084 4083
f 4088 4069 4068
f 4088 4085 4069
f 4089 4086 4085
f 4089 4085 4088
f 4090 4077 4076
f 4090 4087 4086
f 4090 4076 4087
f 4090 4086 4089
f 4091 4068 4067
f 4091 4088 4068
f 4092 4088 4091
f 4092 4089 4088
f 4093 4078 4077
f 4093 4090 4089
f 4093 4077 4090
f 4093 4089 4092
f 4094 4067 4066
f 4094 4091 4067
f 4095 4092 4091
f 4095 4091 4094
f 4096 4079 4078
f 4096 4078 4093
f 4096 4093 4092
f 4096 4092 4095
f 4097 4066 4065
f 4097 4094 4066
f 4098 4095 4094
f 4098 4094 4097
f 4099 4080 4079
f 4099 4079 4096
f 4099 4096 4095
f 4099 4095 4098
f 4100 4064 4063
f 4100 4065 4064
f 4100 4063 4074
f 4100 4097 4065
f 4101 4074 4073
f 4101 4098 4097
f 4101 4097 4100
f 4101 4100 4074
f 4102 4101 4073
f 4102 4072 4071
f 4102 4073 4072
f 4102 4081 4080
f 4102 4071 4081
f 4102 4098 4101
f 4102 4080 4099
f 4102 4099 4098
f 4110 4103 4104
f 4110 4104 4105
f 4110 4109 4103
f 4111 4105 4106
f 4111 4110 4105
f 4112 4111 4106
f 4108 4106 4107
f 4108 4112 4106
f 4120 4113 4114
f 4120 4119 4113
f 4121 4114 4115
f 4121 4120 4114
f 4122 4115 4116
f 4122 4121 4115
f 4118 4116 4117
f 4118 4122 4116
f 4147 4126 4127
f 4147 4127 4135
f 4148 4125 4126
f 4148 4126 4147
f 4149 4123 4124
f 4149 4124 4125
f 4149 4140 4123
f 4149 4125 4148
f 4150 4135 4134
f 4150 4147 4135
f 4151 4147 4150
f 4151 4148 4147
f 4152 4141 4140
f 4152 4148 4151
f 4152 4140 4149
f 4152 4149 4148
f 4153 4134 4133
f 4153 4150 4134
f 4154 4151 4150
f 4154 4150 4153
f 4155 4142 4141
f 4155 4152 4151
f 4155 4141 4152
f 4155 4151 4154
f 4156 4133 4132
f 4156 4153 4133
f 4157 4153 4156
f 4157 4154 4153
f 4158 4143 4142
f 4158 4155 4154
f 4158 4142 4155
f 4158 4154 4157
f 4159 4131 4130
f 4159 4132 4131
f 4159 4156 4132
f 4160 4157 4156
f 4160 4156 4159
f 4161 4144 4143
f 4161 4143 4158
f 4161 4158 4157
f 4161 4157 4160
f 4162 4159 4130
f 4163 4160 4159
f 4163 4159 4162
f 4164 4145 4144
f 4164 4144 4161
f 4164 4161 4160
f 4164 4160 4163
f 4165 4129 4128
f 4165 4130 4129
f 4165 4128 4139
f 4165 4162 4130
f 4166 4139 4138
f 4166 4163 4162
f 4166 4165 4139
f 4166 4162 4165
f 4167 4166 4138
f 4167 4137 4136
f 4167 4138 4137
f 4167 4146 4145
f 4167 4136 4146
f 4167 4163 4166
f 4167 4145 4164
f 4167 4164 4163
f 4192 4182 4181
f 4192 4181 4191
f 4193 4183 4182
f 4193 4182 4192
f 4194 4174 4173
f 4194 4184 4183
f 4194 4173 4184
f 4194 4183 4193
f 4195 4191 4190
f 4195 4192 4191
f 4196 4193 4192
f 4196 4192 4195
f 4197 4175 4174
f 4197 4194 4193
f 4197 4193 4196
f 4197 4174 4194
f 4198 4190 4189
f 4198 4195 4190
f 4199 4196 4195
f 4199 4195 4198
f 4200 4176 4175
f 4200 4196 4199
f 4200 4197 4196
f 4200 4175 4197
f 4201 4189 4188
f 4201 4198 4189
f 4202 4198 4201
f 4202 4199 4198
f 4203 4177 4176
f 4203 4200 4199
f 4203 4176 4200
f 4203 4199 4202
f 4204 4188 4187
f 4204 4201 4188
f 4205 4202 4201
f 4205 4201 4204
f 4206 4178 4177
f 4206 4202 4205
f 4206 4177 4203
f 4206 4203 4202
f 4207 4187 4186
f 4207 4204 4187
f 4208 4205 4204
f 4208 4204 4207
f 4209 4179 4178
f 4209 4178 4206
f 4209 4206 4205
f 4209 4205 4208
f 4210 4168 4169
f 4210 4185 4168
f 4210 4186 4185
f 4210 4207 4186
f 4211 4207 4210
f 4211 4169 4170
f 4211 4208 4207
f 4211 4210 4169
f 4212 4170 4171
f 4212 4171 4172
f 4212 4208 4211
f 4212 4180 4179
f 4212 4172 4180
f 4212 4211 4170
f 4212 4179 4209
f 4212 4209 4208
f 4220 4213 4214
f 4220 4219 4213
f 4221 4214 4215
f 4221 4220 4214
f 4222 4215 4216
f 4222 4216 4217
f 4222 4221 4215
f 4218 4222 4217
f 4247 4237 4236
f 4247 4236 4246
f 4248 4238 4237
f 4248 4237 4247
f 4249 4229 4228
f 4249 4239 4238
f 4249 4228 4239
f 4249 4238 4248
f 4250 4246 4245
f 4250 4247 4246
f 4251 4248 4247
f 4251 4247 4250
f 4252 4230 4229
f 4252 4249 4248
f 4252 4248 4251
f 4252 4229 4249
f 4253 4245 4244
f 4253 4250 4245
f 4254 4251 4250
f 4254 4250 4253
f 4255 4231 4230
f 4255 4251 4254
f 4255 4252 4251
f 4255 4230 4252
f 4256 4244 4243
f 4256 4253 4244
f 4257 4253 4256
f 4257 4254 4253
f 4258 4232 4231
f 4258 4255 4254
f 4258 4231 4255
f 4258 4254 4257
f 4259 4243 4242
f 4259 4256 4243
f 4260 4257 4256
f 4260 4256 4259
f 4261 4233 4232
f 4261 4257 4260
f 4261 4232 4258
f 4261 4258 4257
f 4262 4242 4241
f 4262 4259 4242
f 4263 4260 4259
f 4263 4259 4262
f 4264 4234 4233
f 4264 4233 4261
f 4264 4261 4260
f 4264 4260 4263
f 4265 4223 4224
f 4265 4240 4223
f 4265 4241 4240
f 4265 4262 4241
f 4266 4262 4265
f 4266 4224 4225
f 4266 4263 4262
f 4266 4265 4224
f 4267 4225 4226
f 4267 4226 4227
f 4267 4263 4266
f 4267 4235 4234
f 4267 4227 4235
f 4267 4266 4225
f 4267 4234 4264
f 4267 4264 4263
f 4272 4280 4271
f 4292 4282 4281
f 4292 4281 4291
f 4293 4283 4282
f 4293 4282 4292
f 4294 4274 4273
f 4294 4284 4283
f 4294 4273 4284
f 4294 4283 4293
f 4295 4291 4290
f 4295 4292 4291
f 4296 4293 4292
f 4296 4292 4295
f 4297 4275 4274
f 4297 4294 4293
f 4297 4293 4296
f 4297 4274 4294
f 4298 4290 4289
f 4298 4295 4290
f 4299 4296 4295
f 4299 4295 4298
f 4300 4276 4275
f 4300 4297 4296
f 4300 4296 4299
f 4300 4275 4297
f 4301 4289 4288
f 4301 4298 4289
f 4302 4298 4301
f 4302 4299 4298
f 4303 4277 4276
f 4303 4276 4300
f 4303 4300 4299
f 4303 4299 4302
f 4304 4288 4287
f 4304 4301 4288
f 4305 4302 4301
f 4305 4301 4304
f 4306 4278 4277
f 4306 4302 4305
f 4306 4277 4303
f 4306 4303 4302
f 4307 4287 4286
f 4307 4304 4287
f 4308 4305 4304
f 4308 4304 4307
f 4309 4279 4278
f 4309 4278 4306
f 4309 4306 4305
f 4309 4305 4308
f 4310 4268 4269
f 4310 4285 4268
f 4310 4286 4285
f 4310 4307 4286
f 4311 4307 4310
f 4311 4269 4270
f 4311 4308 4307
f 4311 4310 4269
f 4312 4270 4271
f 4312 4308 4311
f 4312 4280 4279
f 4312 4311 4270
f 4312 4271 4280
f 4312 4279 4309
f 4312 4309 4308
f 4316 4317 4318
f 4316 4318 4322
f 4315 4322 4321
f 4315 4316 4322
f 4314 4320 4319
f 4314 4321 4320
f 4314 4315 4321
f 4313 4314 4319
f 4330 4323 4324
f 4330 4329 4323
f 4331 4324 4325
f 4331 4330 4324
f 4332 4325 4326
f 4332 4331 4325
f 4328 4326 4327
f 4328 4332 4326
f 4357 4347 4346
f 4357 4346 4356
f 4358 4348 4347
f 4358 4347 4357
f 4359 4339 4338
f 4359 4349 4348
f 4359 4338 4349
f 4359 4348 4358
f 4360 4356 4355
f 4360 4357 4356
f 4361 4358 4357
f 4361 4357 4360
f 4362 4340 4339
f 4362 4359 4358
f 4362 4358 4361
f 4362 4339 4359
f 4363 4355 4354
f 4363 4360 4355
f 4364 4361 4360
f 4364 4360 4363
f 4365 4341 4340
f 4365 4362 4361
f 4365 4361 4364
f 4365 4340 4362
f 4366 4354 4353
f 4366 4363 4354
f 4367 4363 4366
f 4367 4364 4363
f 4368 4342 4341
f 4368 4365 4364
f 4368 4341 4365
f 4368 4364 4367
f 4369 4353 4352
f 4369 4366 4353
f 4370 4367 4366
f 4370 4366 4369
f 4371 4343 4342
f 4371 4367 4370
f 4371 4342 4368
f 4371 4368 4367
f 4372 4352 4351
f 4372 4369 4352
f 4373 4370 4369
f 4373 4369 4372
f 4374 4344 4343
f 4374 4343 4371
f 4374 4371 4370
f 4374 4370 4373
f 4375 4333 4334
f 4375 4350 4333
f 4375 4351 4350
f 4375 4372 4351
f 4376 4372 4375
f 4376 4334 4335
f 4376 4373 4372
f 4376 4375 4334
f 4377 4335 4336
f 4377 4336 4337
f 4377 4373 4376
f 4377 4345 4344
f 4377 4337 4345
f 4377 4376 4335
f 4377 4344 4374
f 4377 4374 4373
f 4402 4392 4391
f 4402 4391 4401
f 4403 4393 4392
f 4403 4392 4402
f 4404 4384 4383
f 4404 4394 4393
f 4404 4383 4394
f 4404 4393 4403
f 4405 4401 4400
f 4405 4402 4401
f 4406 4403 4402
f 4406 4402 4405
f 4407 4385 4384
f 4407 4404 4403
f 4407 4403 4406
f 4407 4384 4404
f 4408 4400 4399
f 4408 4405 4400
f 4409 4406 4405
f 4409 4405 4408
f 4410 4386 4385
f 4410 4407 4406
f 4410 4406 4409
f 4410 4385 4407
f 4411 4399 4398
f 4411 4408 4399
f 4412 4408 4411
f 4412 4409 4408
f 4413 4387 4386
f 4413 4386 4410
f 4413 4410 4409
f 4413 4409 4412
f 4414 4398 4397
f 4414 4411 4398
f 4415 4412 4411
f 4415 4411 4414
f 4416 4388 4387
f 4416 4412 4415
f 4416 4387 4413
f 4416 4413 4412
f 4417 4397 4396
f 4417 4414 4397
f 4418 4415 4414
f 4418 4414 4417
f 4419 4389 4388
f 4419 4388 4416
f 4419 4416 4415
f 4419 4415 4418
f 4420 4378 4379
f 4420 4395 4378
f 4420 4396 4395
f 4420 4417 4396
f 4421 4417 4420
f 4421 4379 4380
f 4421 4418 4417
f 4421 4420 4379
f 4422 4380 4381
f 4422 4381 4382
f 4422 4418 4421
f 4422 4390 4389
f 4422 4382 4390
f 4422 4421 4380
f 4422 4389 4419
f 4422 4419 4418
f 4426 4427 4428
f 4426 4428 4429
f 4425 4429 4430
f 4425 4426 4429
f 4424 4430 4431
f 4424 4425 4430
f 4423 4431 4432
f 4423 4424 4431
f 4434 4433 4438
f 4434 4438 4442
f 4435 4442 4441
f 4435 4434 4442
f 4436 4441 4440
f 4436 4435 4441
f 4437 4440 4439
f 4437 4436 4440
f 4447 4455 4446
f 4467 4457 4456
f 4467 4456 4466
f 4468 4458 4457
f 4468 4457 4467
f 4469 4449 4448
f 4469 4459 4458
f 4469 4448 4459
f 4469 4458 4468
f 4470 4466 4465
f 4470 4467 4466
f 4471 4468 4467
f 4471 4467 4470
f 4472 4450 4449
f 4472 4469 4468
f 4472 4468 4471
f 4472 4449 4469
f 4473 4465 4464
f 4473 4470 4465
f 4474 4471 4470
f 4474 4470 4473
f 4475 4451 4450
f 4475 4472 4471
f 4475 4471 4474
f 4475 4450 4472
f 4476 4464 4463
f 4476 4473 4464
f 4477 4473 4476
f 4477 4474 4473
f 4478 4452 4451
f 4478 4451 4475
f 4478 4475 4474
f 4478 4474 4477
f 4479 4463 4462
f 4479 4476 4463
f 4480 4477 4476
f 4480 4476 4479
f 4481 4453 4452
f 4481 4477 4480
f 4481 4452 4478
f 4481 4478 4477
f 4482 4462 4461
f 4482 4479 4462
f 4483 4480 4479
f 4483 4479 4482
f 4484 4454 4453
f 4484 4453 4481
f 4484 4481 4480
f 4484 4480 4483
f 4485 4443 4444
f 4485 4460 4443
f 4485 4461 4460
f 4485 4482 4461
f 4486 4482 4485
f 4486 4444 4445
f 4486 4483 4482
f 4486 4485 4444
f 4487 4445 4446
f 4487 4483 4486
f 4487 4455 4454
f 4487 4486 4445
f 4487 4446 4455
f 4487 4454 4484
f 4487 4484 4483
f 4489 4505 4488
f 4512 4502 4501
f 4512 4501 4511
f 4513 4503 4502
f 4513 4502 4512
f 4514 4494 4493
f 4514 4504 4503
f 4514 4493 4504
f 4514 4503 4513
f 4515 4511 4510
f 4515 4512 4511
f 4516 4513 4512
f 4516 4512 4515
f 4517 4495 4494
f 4517 4514 4513
f 4517 4513 4516
f 4517 4494 4514
f 4518 4510 4509
f 4518 4515 4510
f 4519 4516 4515
f 4519 4515 4518
f 4520 4496 4495
f 4520 4517 4516
f 4520 4516 4519
f 4520 4495 4517
f 4521 4509 4508
f 4521 4518 4509
f 4522 4518 4521
f 4522 4519 4518
f 4523 4497 4496
f 4523 4496 4520
f 4523 4520 4519
f 4523 4519 4522
f 4524 4508 4507
f 4524 4521 4508
f 4525 4522 4521
f 4525 4521 4524
f 4526 4498 4497
f 4526 4522 4525
f 4526 4497 4523
f 4526 4523 4522
f 4527 4507 4506
f 4527 4524 4507
f 4528 4525 4524
f 4528 4524 4527
f 4529 4499 4498
f 4529 4498 4526
f 4529 4526 4525
f 4529 4525 4528
f 4530 4506 4505
f 4530 4527 4506
f 4530 4505 4489
f 4531 4489 4490
f 4531 4528 4527
f 4531 4530 4489
f 4531 4527 4530
f 4532 4531 4490
f 4532 4528 4531
f 4532 4490 4491
f 4532 4491 4492
f 4532 4500 4499
f 4532 4492 4500
f 4532 4499 4529
f 4532 4529 4528
f 4537 4538 4542
f 4536 4542 4541
f 4536 4537 4542
f 4535 4541 4540
f 4535 4536 4541
f 4534 4540 4539
f 4534 4535 4540
f 4533 4534 4539
f 4550 4543 4544
f 4550 4549 4543
f 4551 4544 4545
f 4551 4550 4544
f 4552 4545 4546
f 4552 4551 4545
f 4548 4546 4547
f 4548 4552 4546
f 4577 4567 4566
f 4577 4566 4576
f 4578 4568 4567
f 4578 4567 4577
f 4579 4559 4558
f 4579 4569 4568
f 4579 4558 4569
f 4579 4568 4578
f 4580 4576 4575
f 4580 4577 4576
f 4581 4578 4577
f 4581 4577 4580
f 4582 4560 4559
f 4582 4579 4578
f 4582 4578 4581
f 4582 4559 4579
f 4583 4575 4574
f 4583 4580 4575
f 4584 4581 4580
f 4584 4580 4583
f 4585 4561 4560
f 4585 4582 4581
f 4585 4581 4584
f 4585 4560 4582
f 4586 4574 4573
f 4586 4583 4574
f 4587 4583 4586
f 4587 4584 4583
f 4588 4562 4561
f 4588 4561 4585
f 4588 4585 4584
f 4588 4584 4587
f 4589 4573 4572
f 4589 4586 4573
f 4590 4587 4586
f 4590 4586 4589
f 4591 4563 4562
f 4591 4587 4590
f 4591 4562 4588
f 4591 4588 4587
f 4592 4572 4571
f 4592 4589 4572
f 4593 4590 4589
f 4593 4589 4592
f 4594 4564 4563
f 4594 4563 4591
f 4594 4591 4590
f 4594 4590 4593
f 4595 4553 4554
f 4595 4570 4553
f 4595 4571 4570
f 4595 4592 4571
f 4596 4592 4595
f 4596 4554 4555
f 4596 4593 4592
f 4596 4595 4554
f 4597 4555 4556
f 4597 4556 4557
f 4597 4593 4596
f 4597 4565 4564
f 4597 4557 4565
f 4597 4596 4555
f 4597 4564 4594
f 4597 4594 4593
f 4622 4601 4602
f 4622 4602 4610
f 4623 4600 4601
f 4623 4601 4622
f 4624 4598 4599
f 4624 4599 4600
f 4624 4615 4598
f 4624 4600 4623
f 4625 4610 4609
f 4625 4622 4610
f 4626 4622 4625
f 4626 4623 4622
f 4627 4616 4615
f 4627 4623 4626
f 4627 4615 4624
f 4627 4624 4623
f 4628 4609 4608
f 4628 4625 4609
f 4629 4626 4625
f 4629 4625 4628
f 4630 4617 4616
f 4630 4627 4626
f 4630 4616 4627
f 4630 4626 4629
f 4631 4608 4607
f 4631 4628 4608
f 4632 4629 4628
f 4632 4628 4631
f 4633 4618 4617
f 4633 4630 4629
f 4633 4617 4630
f 4633 4629 4632
f 4634 4607 4606
f 4634 4631 4607
f 4635 4632 4631
f 4635 4631 4634
f 4636 4619 4618
f 4636 4632 4635
f 4636 4618 4633
f 4636 4633 4632
f 4637 4606 4605
f 4637 4634 4606
f 4638 4635 4634
f 4638 4634 4637
f 4639 4620 4619
f 4639 4619 4636
f 4639 4636 4635
f 4639 4635 4638
f 4640 4604 4603
f 4640 4605 4604
f 4640 4603 4614
f 4640 4637 4605
f 4641 4637 4640
f 4641 4614 4613
f 4641 4640 4614
f 4641 4638 4637
f 4642 4638 4641
f 4642 4612 4611
f 4642 4613 4612
f 4642 4621 4620
f 4642 4611 4621
f 4642 4620 4639
f 4642 4641 4613
f 4642 4639 4638
f 4647 4648 4652
f 4646 4652 4651
f 4646 4647 4652
f 4645 4651 4650
f 4645 4646 4651
f 4644 4650 4649
f 4644 4645 4650
f 4643 4644 4649
f 4665 4656 4657
f 4666 4676 4667
f 4677 4656 4665
f 4678 4655 4656
f 4678 4656 4677
f 4679 4653 4654
f 4679 4654 4655
f 4679 4670 4653
f 4679 4655 4678
f 4680 4665 4664
f 4680 4677 4665
f 4681 4677 4680
f 4681 4678 4677
f 4682 4671 4670
f 4682 4678 4681
f 4682 4670 4679
f 4682 4679 4678
f 4683 4664 4663
f 4683 4680 4664
f 4684 4681 4680
f 4684 4680 4683
f 4685 4672 4671
f 4685 4682 4681
f 4685 4671 4682
f 4685 4681 4684
f 4686 4663 4662
f 4686 4683 4663
f 4687 4684 4683
f 4687 4683 4686
f 4688 4673 4672
f 4688 4685 4684
f 4688 4672 4685
f 4688 4684 4687
f 4689 4662 4661
f 4689 4686 4662
f 4690 4687 4686
f 4690 4686 4689
f 4691 4674 4673
f 4691 4673 4688
f 4691 4687 4690
f 4691 4688 4687
f 4692 4661 4660
f 4692 4689 4661
f 4693 4690 4689
f 4693 4689 4692
f 4694 4675 4674
f 4694 4674 4691
f 4694 4691 4690
f 4694 4690 4693
f 4695 4659 4658
f 4695 4660 4659
f 4695 4658 4669
f 4695 4692 4660
f 4696 4692 4695
f 4696 4669 4668
f 4696 4695 4669
f 4696 4693 4692
f 4697 4693 4696
f 4697 4668 4667
f 4697 4676 4675
f 4697 4675 4694
f 4697 4696 4668
f 4697 4667 4676
f 4697 4694 4693
f 4711 4721 4712
f 4722 4701 4702
f 4722 4702 4710
f 4723 4700 4701
f 4723 4701 4722
f 4724 4698 4699
f 4724 4699 4700
f 4724 4715 4698
f 4724 4700 4723
f 4725 4710 4709
f 4725 4722 4710
f 4726 4722 4725
f 4726 4723 4722
f 4727 4716 4715
f 4727 4723 4726
f 4727 4715 4724
f 4727 4724 4723
f 4728 4709 4708
f 4728 4725 4709
f 4729 4726 4725
f 4729 4725 4728
f 4730 4717 4716
f 4730 4727 4726
f 4730 4716 4727
f 4730 4726 4729
f 4731 4708 4707
f 4731 4728 4708
f 4732 4728 4731
f 4732 4729 4728
f 4733 4718 4717
f 4733 4730 4729
f 4733 4717 4730
f 4733 4729 4732
f 4734 4707 4706
f 4734 4731 4707
f 4735 4732 4731
f 4735 4731 4734
f 4736 4719 4718
f 4736 4718 4733
f 4736 4733 4732
f 4736 4732 4735
f 4737 4706 4705
f 4737 4734 4706
f 4738 4735 4734
f 4738 4734 4737
f 4739 4720 4719
f 4739 4719 4736
f 4739 4736 4735
f 4739 4735 4738
f 4740 4704 4703
f 4740 4705 4704
f 4740 4703 4714
f 4740 4737 4705
f 4741 4737 4740
f 4741 4713 4712
f 4741 4714 4713
f 4741 4738 4737
f 4741 4740 4714
f 4742 4738 4741
f 4742 4721 4720
f 4742 4741 4712
f 4742 4712 4721
f 4742 4720 4739
f 4742 4739 4738
f 4746 4747 4748
f 4746 4748 4752
f 4745 4752 4751
f 4745 4746 4752
f 4744 4751 4750
f 4744 4745 4751
f 4743 4750 4749
f 4743 4744 4750
f 4756 4757 4758
f 4756 4758 4762
f 4755 4762 4761
f 4755 4756 4762
f 4754 4761 4760
f 4754 4755 4761
f 4753 4760 4759
f 4753 4754 4760
f 4785 4776 4775
f 4785 4775 4784
f 4786 4777 4776
f 4786 4776 4785
f 4787 4784 4783
f 4787 4785 4784
f 4788 4769 4768
f 4788 4778 4777
f 4788 4768 4778
f 4788 4777 4786
f 4789 4785 4787
f 4789 4786 4785
f 4790 4783 4782
f 4790 4787 4783
f 4791 4770 4769
f 4791 4769 4788
f 4791 4788 4786
f 4791 4786 4789
f 4792 4789 4787
f 4792 4787 4790
f 4793 4782 4781
f 4793 4790 4782
f 4794 4771 4770
f 4794 4791 4789
f 4794 4770 4791
f 4794 4789 4792
f 4795 4790 4793
f 4795 4792 4790
f 4796 4781 4780
f 4796 4793 4781
f 4797 4772 4771
f 4797 4771 4794
f 4797 4794 4792
f 4797 4792 4795
f 4798 4795 4793
f 4798 4793 4796
f 4799 4763 4764
f 4799 4779 4763
f 4799 4780 4779
f 4799 4796 4780
f 4800 4773 4772
f 4800 4772 4797
f 4800 4797 4795
f 4800 4795 4798
f 4801 4764 4765
f 4801 4799 4764
f 4801 4798 4796
f 4801 4796 4799
f 4802 4765 4766
f 4802 4766 4767
f 4802 4774 4773
f 4802 4767 4774
f 4802 4773 4800
f 4802 4801 4765
f 4802 4800 4798
f 4802 4798 4801
f 4827 4817 4816
f 4827 4816 4826
f 4828 4818 4817
f 4828 4817 4827
f 4829 4809 4808
f 4829 4819 4818
f 4829 4808 4819
f 4829 4818 4828
f 4830 4826 4825
f 4830 4827 4826
f 4831 4828 4827
f 4831 4827 4830
f 4832 4810 4809
f 4832 4829 4828
f 4832 4828 4831
f 4832 4809 4829
f 4833 4825 4824
f 4833 4830 4825
f 4834 4831 4830
f 4834 4830 4833
f 4835 4811 4810
f 4835 4831 4834
f 4835 4832 4831
f 4835 4810 4832
f 4836 4824 4823
f 4836 4833 4824
f 4837 4833 4836
f 4837 4834 4833
f 4838 4812 4811
f 4838 4835 4834
f 4838 4811 4835
f 4838 4834 4837
f 4839 4823 4822
f 4839 4836 4823
f 4840 4837 4836
f 4840 4836 4839
f 4841 4813 4812
f 4841 4837 4840
f 4841 4812 4838
f 4841 4838 4837
f 4842 4822 4821
f 4842 4839 4822
f 4843 4840 4839
f 4843 4839 4842
f 4844 4814 4813
f 4844 4813 4841
f 4844 4841 4840
f 4844 4840 4843
f 4845 4803 4804
f 4845 4820 4803
f 4845 4821 4820
f 4845 4842 4821
f 4846 4842 4845
f 4846 4804 4805
f 4846 4843 4842
f 4846 4845 4804
f 4847 4805 4806
f 4847 4806 4807
f 4847 4843 4846
f 4847 4815 4814
f 4847 4807 4815
f 4847 4846 4805
f 4847 4814 4844
f 4847 4844 4843
f 4855 4848 4849
f 4855 4854 4848
f 4856 4849 4850
f 4856 4855 4849
f 4857 4850 4851
f 4857 4856 4850
f 4853 4851 4852
f 4853 4857 4851
f 4882 4872 4871
f 4882 4871 4881
f 4883 4873 4872
f 4883 4872 4882
f 4884 4864 4863
f 4884 4874 4873
f 4884 4863 4874
f 4884 4873 4883
f 4885 4881 4880
f 4885 4882 4881
f 4886 4883 4882
f 4886 4882 4885
f 4887 4865 4864
f 4887 4884 4883
f 4887 4883 4886
f 4887 4864 4884
f 4888 4880 4879
f 4888 4885 4880
f 4889 4886 4885
f 4889 4885 4888
f 4890 4866 4865
f 4890 4886 4889
f 4890 4887 4886
f 4890 4865 4887
f 4891 4879 4878
f 4891 4888 4879
f 4892 4888 4891
f 4892 4889 4888
f 4893 4867 4866
f 4893 4890 4889
f 4893 4866 4890
f 4893 4889 4892
f 4894 4878 4877
f 4894 4891 4878
f 4895 4892 4891
f 4895 4891 4894
f 4896 4868 4867
f 4896 4892 4895
f 4896 4867 4893
f 4896 4893 4892
f 4897 4877 4876
f 4897 4894 4877
f 4898 4895 4894
f 4898 4894 4897
f 4899 4869 4868
f 4899 4868 4896
f 4899 4896 4895
f 4899 4895 4898
f 4900 4858 4859
f 4900 4875 4858
f 4900 4876 4875
f 4900 4897 4876
f 4901 4897 4900
f 4901 4859 4860
f 4901 4898 4897
f 4901 4900 4859
f 4902 4860 4861
f 4902 4861 4862
f 4902 4898 4901
f 4902 4870 4869
f 4902 4862 4870
f 4902 4901 4860
f 4902 4869 4899
f 4902 4899 4898
f 4925 4906 4907
f 4925 4907 4914
f 4926 4905 4906
f 4926 4906 4925
f 4927 4914 4913
f 4927 4925 4914
f 4928 4903 4904
f 4928 4904 4905
f 4928 4919 4903
f 4928 4905 4926
f 4929 4925 4927
f 4929 4926 4925
f 4930 4913 4912
f 4930 4927 4913
f 4931 4920 4919
f 4931 4926 4929
f 4931 4919 4928
f 4931 4928 4926
f 4932 4929 4927
f 4932 4927 4930
f 4933 4912 4911
f 4933 4930 4912
f 4934 4921 4920
f 4934 4931 4929
f 4934 4929 4932
f 4934 4920 4931
f 4935 4932 4930
f 4935 4930 4933
f 4936 4911 4910
f 4936 4933 4911
f 4937 4922 4921
f 4937 4921 4934
f 4937 4934 4932
f 4937 4932 4935
f 4938 4935 4933
f 4938 4933 4936
f 4939 4909 4908
f 4939 4910 4909
f 4939 4908 4918
f 4939 4936 4910
f 4940 4923 4922
f 4940 4922 4937
f 4940 4937 4935
f 4940 4935 4938
f 4941 4918 4917
f 4941 4939 4918
f 4941 4938 4936
f 4941 4936 4939
f 4942 4916 4915
f 4942 4917 4916
f 4942 4924 4923
f 4942 4915 4924
f 4942 4938 4941
f 4942 4923 4940
f 4942 4940 4938
f 4942 4941 4917
f 4946 4947 4948
f 4946 4948 4952
f 4945 4952 4951
f 4945 4946 4952
f 4944 4951 4950
f 4944 4945 4951
f 4943 4950 4949
f 4943 4944 4950
f 4960 4953 4954
f 4960 4959 4953
f 4961 4954 4955
f 4961 4960 4954
f 4962 4955 4956
f 4962 4961 4955
f 4958 4956 4957
f 4958 4962 4956
f 4987 4966 4967
f 4987 4967 4975
f 4988 4965 4966
f 4988 4966 4987
f 4989 4963 4964
f 4989 4964 4965
f 4989 4980 4963
f 4989 4965 4988
f 4990 4975 4974
f 4990 4987 4975
f 4991 4987 4990
f 4991 4988 4987
f 4992 4981 4980
f 4992 4988 4991
f 4992 4980 4989
f 4992 4989 4988
f 4993 4974 4973
f 4993 4990 4974
f 4994 4991 4990
f 4994 4990 4993
f 4995 4982 4981
f 4995 4992 4991
f 4995 4981 4992
f 4995 4991 4994
f 4996 4973 4972
f 4996 4993 4973
f 4997 4993 4996
f 4997 4994 4993
f 4998 4983 4982
f 4998 4994 4997
f 4998 4995 4994
f 4998 4982 4995
f 4999 4972 4971
f 4999 4996 4972
f 5000 4997 4996
f 5000 4996 4999
f 5001 4984 4983
f 5001 4983 4998
f 5001 4998 4997
f 5001 4997 5000
f 5002 4971 4970
f 5002 4999 4971
f 5003 5000 4999
f 5003 4999 5002
f 5004 4985 4984
f 5004 4984 5001
f 5004 5001 5000
f 5004 5000 5003
f 5005 4969 4968
f 5005 4970 4969
f 5005 4968 4979
f 5005 5002 4970
f 5006 4979 4978
f 5006 5003 5002
f 5006 5005 4979
f 5006 5002 5005
f 5007 5006 4978
f 5007 4977 4976
f 5007 4978 4977
f 5007 4986 4985
f 5007 4976 4986
f 5007 5003 5006
f 5007 4985 5004
f 5007 5004 5003
f 5032 5023 5024
f 5032 5024 5031
f 5033 5022 5023
f 5033 5023 5032
f 5034 5014 5013
f 5034 5013 5021
f 5034 5021 5022
f 5034 5022 5033
f 5035 5031 5030
f 5035 5032 5031
f 5036 5033 5032
f 5036 5032 5035
f 5037 5015 5014
f 5037 5034 5033
f 5037 5033 5036
f 5037 5014 5034
f 5038 5030 5029
f 5038 5035 5030
f 5039 5036 5035
f 5039 5035 5038
f 5040 5016 5015
f 5040 5037 5036
f 5040 5015 5037
f 5040 5036 5039
f 5041 5029 5028
f 5041 5038 5029
f 5042 5038 5041
f 5042 5039 5038
f 5043 5017 5016
f 5043 5016 5040
f 5043 5040 5039
f 5043 5039 5042
f 5044 5028 5027
f 5044 5041 5028
f 5045 5042 5041
f 5045 5041 5044
f 5046 5018 5017
f 5046 5042 5045
f 5046 5017 5043
f 5046 5043 5042
f 5047 5027 5026
f 5047 5044 5027
f 5048 5045 5044
f 5048 5044 5047
f 5049 5019 5018
f 5049 5018 5046
f 5049 5046 5045
f 5049 5045 5048
f 5050 5008 5009
f 5050 5025 5008
f 5050 5026 5025
f 5050 5047 5026
f 5051 5047 5050
f 5051 5009 5010
f 5051 5048 5047
f 5051 5050 5009
f 5052 5010 5011
f 5052 5011 5012
f 5052 5048 5051
f 5052 5020 5019
f 5052 5012 5020
f 5052 5051 5010
f 5052 5019 5049
f 5052 5049 5048
f 5053 5058 5062
f 5054 5062 5061
f 5054 5053 5062
f 5055 5061 5060
f 5055 5054 5061
f 5056 5060 5059
f 5056 5055 5060
f 5057 5056 5059
f 5081 5074 5073
f 5081 5073 5080
f 5082 5075 5074
f 5082 5074 5081
f 5083 5069 5068
f 5083 5076 5075
f 5083 5068 5076
f 5083 5075 5082
f 5084 5080 5079
f 5084 5081 5080
f 5085 5082 5081
f 5085 5081 5084
f 5086 5070 5069
f 5086 5069 5083
f 5086 5083 5082
f 5086 5082 5085
f 5087 5079 5078
f 5087 5084 5079
f 5088 5085 5084
f 5088 5084 5087
f 5089 5071 5070
f 5089 5085 5088
f 5089 5070 5086
f 5089 5086 5085
f 5090 5063 5064
f 5090 5077 5063
f 5090 5078 5077
f 5090 5087 5078
f 5091 5064 5065
f 5091 5090 5064
f 5091 5088 5087
f 5091 5087 5090
f 5092 5065 5066
f 5092 5066 5067
f 5092 5072 5071
f 5092 5067 5072
f 5092 5071 5089
f 5092 5089 5088
f 5092 5091 5065
f 5092 5088 5091
f 5111 5104 5103
f 5111 5103 5110
f 5112 5105 5104
f 5112 5104 5111
f 5113 5099 5098
f 5113 5106 5105
f 5113 5098 5106
f 5113 5105 5112
f 5114 5110 5109
f 5114 5111 5110
f 5115 5112 5111
f 5115 5111 5114
f 5116 5100 5099
f 5116 5099 5113
f 5116 5113 5112
f 5116 5112 5115
f 5117 5109 5108
f 5117 5114 5109
f 5118 5115 5114
f 5118 5114 5117
f 5119 5101 5100
f 5119 5115 5118
f 5119 5100 5116
f 5119 5116 5115
f 5120 5093 5094
f 5120 5107 5093
f 5120 5108 5107
f 5120 5117 5108
f 5121 5094 5095
f 5121 5120 5094
f 5121 5118 5117
f 5121 5117 5120
f 5122 5095 5096
f 5122 5096 5097
f 5122 5102 5101
f 5122 5097 5102
f 5122 5101 5119
f 5122 5119 5118
f 5122 5121 5095
f 5122 5118 5121
f 5129 5123 5124
f 5130 5124 5125
f 5130 5129 5124
f 5131 5125 5126
f 5131 5130 5125
f 5132 5126 5127
f 5132 5131 5126
f 5128 5132 5127
f 5139 5133 5134
f 5140 5134 5135
f 5140 5139 5134
f 5141 5135 5136
f 5141 5140 5135
f 5142 5136 5137
f 5142 5141 5136
f 5138 5142 5137
f 5167 5146 5147
f 5167 5147 5155
f 5168 5145 5146
f 5168 5146 5167
f 5169 5143 5144
f 5169 5144 5145
f 5169 5160 5143
f 5169 5145 5168
f 5170 5155 5154
f 5170 5167 5155
f 5171 5167 5170
f 5171 5168 5167
f 5172 5161 5160
f 5172 5168 5171
f 5172 5160 5169
f 5172 5169 5168
f 5173 5154 5153
f 5173 5170 5154
f 5174 5171 5170
f 5174 5170 5173
f 5175 5162 5161
f 5175 5172 5171
f 5175 5161 5172
f 5175 5171 5174
f 5176 5153 5152
f 5176 5173 5153
f 5177 5173 5176
f 5177 5174 5173
f 5178 5163 5162
f 5178 5175 5174
f 5178 5162 5175
f 5178 5174 5177
f 5179 5152 5151
f 5179 5176 5152
f 5180 5177 5176
f 5180 5176 5179
f 5181 5164 5163
f 5181 5163 5178
f 5181 5178 5177
f 5181 5177 5180
f 5182 5151 5150
f 5182 5179 5151
f 5183 5180 5179
f 5183 5179 5182
f 5184 5165 5164
f 5184 5164 5181
f 5184 5181 5180
f 5184 5180 5183
f 5185 5149 5148
f 5185 5150 5149
f 5185 5148 5159
f 5185 5182 5150
f 5186 5159 5158
f 5186 5183 5182
f 5186 5185 5159
f 5186 5182 5185
f 5187 5186 5158
f 5187 5157 5156
f 5187 5158 5157
f 5187 5166 5165
f 5187 5156 5166
f 5187 5183 5186
f 5187 5165 5184
f 5187 5184 5183
f 5200 5191 5192
f 5212 5191 5200
f 5213 5190 5191
f 5213 5191 5212
f 5214 5188 5189
f 5214 5189 5190
f 5214 5205 5188
f 5214 5190 5213
f 5215 5200 5199
f 5215 5212 5200
f 5216 5212 5215
f 5216 5213 5212
f 5217 5206 5205
f 5217 5213 5216
f 5217 5205 5214
f 5217 5214 5213
f 5218 5199 5198
f 5218 5215 5199
f 5219 5215 5218
f 5219 5216 5215
f 5220 5207 5206
f 5220 5217 5216
f 5220 5216 5219
f 5220 5206 5217
f 5221 5198 5197
f 5221 5218 5198
f 5222 5218 5221
f 5222 5219 5218
f 5223 5208 5207
f 5223 5207 5220
f 5223 5220 5219
f 5223 5219 5222
f 5224 5197 5196
f 5224 5221 5197
f 5225 5222 5221
f 5225 5221 5224
f 5226 5209 5208
f 5226 5222 5225
f 5226 5208 5223
f 5226 5223 5222
f 5227 5196 5195
f 5227 5224 5196
f 5228 5225 5224
f 5228 5224 5227
f 5229 5210 5209
f 5229 5209 5226
f 5229 5226 5225
f 5229 5225 5228
f 5230 5194 5193
f 5230 5195 5194
f 5230 5193 5204
f 5230 5227 5195
f 5231 5227 5230
f 5231 5204 5203
f 5231 5230 5204
f 5231 5228 5227
f 5232 5228 5231
f 5232 5202 5201
f 5232 5203 5202
f 5232 5211 5210
f 5232 5201 5211
f 5232 5210 5229
f 5232 5231 5203
f 5232 5229 5228
f 5239 5233 5234
f 5240 5234 5235
f 5240 5239 5234
f 5241 5235 5236
f 5241 5240 5235
f 5242 5241 5236
f 5238 5236 5237
f 5238 5242 5236
f 5247 5248 5252
f 5246 5252 5251
f 5246 5247 5252
f 5245 5251 5250
f 5245 5246 5251
f 5244 5245 5250
f 5243 5250 5249
f 5243 5244 5250
f 5265 5256 5257
f 5277 5256 5265
f 5278 5255 5256
f 5278 5256 5277
f 5279 5253 5254
f 5279 5254 5255
f 5279 5270 5253
f 5279 5255 5278
f 5280 5265 5264
f 5280 5277 5265
f 5281 5277 5280
f 5281 5278 5277
f 5282 5271 5270
f 5282 5278 5281
f 5282 5270 5279
f 5282 5279 5278
f 5283 5264 5263
f 5283 5280 5264
f 5284 5280 5283
f 5284 5281 5280
f 5285 5272 5271
f 5285 5282 5281
f 5285 5281 5284
f 5285 5271 5282
f 5286 5263 5262
f 5286 5283 5263
f 5287 5283 5286
f 5287 5284 5283
f 5288 5273 5272
f 5288 5272 5285
f 5288 5285 5284
f 5288 5284 5287
f 5289 5262 5261
f 5289 5286 5262
f 5290 5287 5286
f 5290 5286 5289
f 5291 5274 5273
f 5291 5287 5290
f 5291 5273 5288
f 5291 5288 5287
f 5292 5261 5260
f 5292 5289 5261
f 5293 5290 5289
f 5293 5289 5292
f 5294 5275 5274
f 5294 5274 5291
f 5294 5291 5290
f 5294 5290 5293
f 5295 5259 5258
f 5295 5260 5259
f 5295 5258 5269
f 5295 5292 5260
f 5296 5292 5295
f 5296 5269 5268
f 5296 5295 5269
f 5296 5293 5292
f 5297 5296 5268
f 5297 5293 5296
f 5297 5267 5266
f 5297 5268 5267
f 5297 5276 5275
f 5297 5266 5276
f 5297 5275 5294
f 5297 5294 5293
f 5322 5301 5302
f 5322 5302 5310
f 5323 5300 5301
f 5323 5301 5322
f 5324 5298 5299
f 5324 5299 5300
f 5324 5315 5298
f 5324 5300 5323
f 5325 5310 5309
f 5325 5322 5310
f 5326 5322 5325
f 5326 5323 5322
f 5327 5316 5315
f 5327 5323 5326
f 5327 5315 5324
f 5327 5324 5323
f 5328 5309 5308
f 5328 5325 5309
f 5329 5326 5325
f 5329 5325 5328
f 5330 5317 5316
f 5330 5327 5326
f 5330 5316 5327
f 5330 5326 5329
f 5331 5308 5307
f 5331 5328 5308
f 5332 5328 5331
f 5332 5329 5328
f 5333 5318 5317
f 5333 5330 5329
f 5333 5317 5330
f 5333 5329 5332
f 5334 5307 5306
f 5334 5331 5307
f 5335 5332 5331
f 5335 5331 5334
f 5336 5319 5318
f 5336 5318 5333
f 5336 5333 5332
f 5336 5332 5335
f 5337 5306 5305
f 5337 5334 5306
f 5338 5335 5334
f 5338 5334 5337
f 5339 5320 5319
f 5339 5319 5336
f 5339 5336 5335
f 5339 5335 5338
f 5340 5304 5303
f 5340 5305 5304
f 5340 5303 5314
f 5340 5337 5305
f 5341 5314 5313
f 5341 5338 5337
f 5341 5340 5314
f 5341 5337 5340
f 5342 5341 5313
f 5342 5312 5311
f 5342 5313 5312
f 5342 5321 5320
f 5342 5311 5321
f 5342 5338 5341
f 5342 5320 5339
f 5342 5339 5338
f 5346 5347 5348
f 5346 5348 5352
f 5345 5352 5351
f 5345 5346 5352
f 5344 5351 5350
f 5344 5345 5351
f 5343 5350 5349
f 5343 5344 5350
f 5357 5358 5362
f 5356 5357 5362
f 5355 5362 5361
f 5355 5356 5362
f 5354 5360 5359
f 5354 5361 5360
f 5354 5355 5361
f 5353 5354 5359
f 5381 5374 5373
f 5381 5373 5380
f 5382 5375 5374
f 5382 5374 5381
f 5383 5369 5368
f 5383 5376 5375
f 5383 5368 5376
f 5383 5375 5382
f 5384 5380 5379
f 5384 5381 5380
f 5385 5382 5381
f 5385 5381 5384
f 5386 5370 5369
f 5386 5369 5383
f 5386 5383 5382
f 5386 5382 5385
f 5387 5379 5378
f 5387 5384 5379
f 5388 5385 5384
f 5388 5384 5387
f 5389 5371 5370
f 5389 5385 5388
f 5389 5370 5386
f 5389 5386 5385
f 5390 5363 5364
f 5390 5377 5363
f 5390 5378 5377
f 5390 5387 5378
f 5391 5364 5365
f 5391 5390 5364
f 5391 5388 5387
f 5391 5387 5390
f 5392 5365 5366
f 5392 5366 5367
f 5392 5372 5371
f 5392 5367 5372
f 5392 5371 5389
f 5392 5389 5388
f 5392 5391 5365
f 5392 5388 5391
f 5411 5404 5403
f 5411 5403 5410
f 5412 5405 5404
f 5412 5404 5411
f 5413 5399 5398
f 5413 5406 5405
f 5413 5398 5406
f 5413 5405 5412
f 5414 5410 5409
f 5414 5411 5410
f 5415 5412 5411
f 5415 5411 5414
f 5416 5400 5399
f 5416 5399 5413
f 5416 5413 5412
f 5416 5412 5415
f 5417 5409 5408
f 5417 5414 5409
f 5418 5415 5414
f 5418 5414 5417
f 5419 5401 5400
f 5419 5415 5418
f 5419 5400 5416
f 5419 5416 5415
f 5420 5393 5394
f 5420 5407 5393
f 5420 5408 5407
f 5420 5417 5408
f 5421 5394 5395
f 5421 5420 5394
f 5421 5418 5417
f 5421 5417 5420
f 5422 5395 5396
f 5422 5396 5397
f 5422 5402 5401
f 5422 5397 5402
f 5422 5401 5419
f 5422 5419 5418
f 5422 5421 5395
f 5422 5418 5421
f 5424 5430 5429
f 5424 5429 5423
f 5427 5428 5432
f 5427 5432 5426
f 5433 5424 5425
f 5433 5425 5426
f 5433 5431 5430
f 5433 5432 5431
f 5433 5430 5424
f 5433 5426 5432
f 5434 5441 5440
f 5435 5441 5434
f 5438 5439 5443
f 5438 5443 5437
f 5444 5435 5436
f 5444 5436 5437
f 5444 5442 5441
f 5444 5443 5442
f 5444 5441 5435
f 5444 5437 5443
f 5469 5459 5458
f 5469 5458 5468
f 5470 5460 5459
f 5470 5459 5469
f 5471 5451 5450
f 5471 5461 5460
f 5471 5450 5461
f 5471 5460 5470
f 5472 5468 5467
f 5472 5469 5468
f 5473 5470 5469
f 5473 5469 5472
f 5474 5452 5451
f 5474 5471 5470
f 5474 5470 5473
f 5474 5451 5471
f 5475 5467 5466
f 5475 5472 5467
f 5476 5473 5472
f 5476 5472 5475
f 5477 5453 5452
f 5477 5473 5476
f 5477 5474 5473
f 5477 5452 5474
f 5478 5466 5465
f 5478 5475 5466
f 5479 5475 5478
f 5479 5476 5475
f 5480 5454 5453
f 5480 5477 5476
f 5480 5453 5477
f 5480 5476 5479
f 5481 5465 5464
f 5481 5478 5465
f 5482 5479 5478
f 5482 5478 5481
f 5483 5455 5454
f 5483 5479 5482
f 5483 5454 5480
f 5483 5480 5479
f 5484 5464 5463
f 5484 5481 5464
f 5485 5482 5481
f 5485 5481 5484
f 5486 5456 5455
f 5486 5455 5483
f 5486 5483 5482
f 5486 5482 5485
f 5487 5445 5446
f 5487 5462 5445
f 5487 5463 5462
f 5487 5484 5463
f 5488 5484 5487
f 5488 5446 5447
f 5488 5485 5484
f 5488 5487 5446
f 5489 5447 5448
f 5489 5448 5449
f 5489 5485 5488
f 5489 5457 5456
f 5489 5449 5457
f 5489 5488 5447
f 5489 5456 5486
f 5489 5486 5485
f 5503 5513 5504
f 5514 5493 5494
f 5514 5494 5502
f 5515 5492 5493
f 5515 5493 5514
f 5516 5490 5491
f 5516 5491 5492
f 5516 5507 5490
f 5516 5492 5515
f 5517 5502 5501
f 5517 5514 5502
f 5518 5514 5517
f 5518 5515 5514
f 5519 5508 5507
f 5519 5515 5518
f 5519 5507 5516
f 5519 5516 5515
f 5520 5501 5500
f 5520 5517 5501
f 5521 5517 5520
f 5521 5518 5517
f 5522 5509 5508
f 5522 5519 5518
f 5522 5508 5519
f 5522 5518 5521
f 5523 5500 5499
f 5523 5520 5500
f 5524 5520 5523
f 5524 5521 5520
f 5525 5510 5509
f 5525 5522 5521
f 5525 5509 5522
f 5525 5521 5524
f 5526 5499 5498
f 5526 5523 5499
f 5527 5524 5523
f 5527 5523 5526
f 5528 5511 5510
f 5528 5510 5525
f 5528 5525 5524
f 5528 5524 5527
f 5529 5498 5497
f 5529 5526 5498
f 5530 5527 5526
f 5530 5526 5529
f 5531 5512 5511
f 5531 5527 5530
f 5531 5511 5528
f 5531 5528 5527
f 5532 5496 5495
f 5532 5497 5496
f 5532 5495 5506
f 5532 5529 5497
f 5533 5529 5532
f 5533 5506 5505
f 5533 5532 5506
f 5533 5530 5529
f 5534 5530 5533
f 5534 5505 5504
f 5534 5513 5512
f 5534 5533 5505
f 5534 5504 5513
f 5534 5512 5531
f 5534 5531 5530
f 5559 5549 5548
f 5559 5548 5558
f 5560 5550 5549
f 5560 5549 5559
f 5561 5541 5540
f 5561 5551 5550
f 5561 5540 5551
f 5561 5550 5560
f 5562 5558 5557
f 5562 5559 5558
f 5563 5560 5559
f 5563 5559 5562
f 5564 5542 5541
f 5564 5561 5560
f 5564 5560 5563
f 5564 5541 5561
f 5565 5557 5556
f 5565 5562 5557
f 5566 5563 5562
f 5566 5562 5565
f 5567 5543 5542
f 5567 5563 5566
f 5567 5564 5563
f 5567 5542 5564
f 5568 5556 5555
f 5568 5565 5556
f 5569 5565 5568
f 5569 5566 5565
f 5570 5544 5543
f 5570 5567 5566
f 5570 5543 5567
f 5570 5566 5569
f 5571 5555 5554
f 5571 5568 5555
f 5572 5569 5568
f 5572 5568 5571
f 5573 5545 5544
f 5573 5569 5572
f 5573 5544 5570
f 5573 5570 5569
f 5574 5554 5553
f 5574 5571 5554
f 5575 5572 5571
f 5575 5571 5574
f 5576 5546 5545
f 5576 5545 5573
f 5576 5573 5572
f 5576 5572 5575
f 5577 5535 5536
f 5577 5552 5535
f 5577 5553 5552
f 5577 5574 5553
f 5578 5574 5577
f 5578 5536 5537
f 5578 5575 5574
f 5578 5577 5536
f 5579 5537 5538
f 5579 5538 5539
f 5579 5575 5578
f 5579 5547 5546
f 5579 5539 5547
f 5579 5578 5537
f 5579 5546 5576
f 5579 5576 5575
f 5604 5583 5584
f 5604 5584 5592
f 5605 5582 5583
f 5605 5583 5604
f 5606 5580 5581
f 5606 5581 5582
f 5606 5597 5580
f 5606 5582 5605
f 5607 5592 5591
f 5607 5604 5592
f 5608 5604 5607
f 5608 5605 5604
f 5609 5598 5597
f 5609 5605 5608
f 5609 5597 5606
f 5609 5606 5605
f 5610 5591 5590
f 5610 5607 5591
f 5611 5607 5610
f 5611 5608 5607
f 5612 5599 5598
f 5612 5609 5608
f 5612 5598 5609
f 5612 5608 5611
f 5613 5590 5589
f 5613 5610 5590
f 5614 5610 5613
f 5614 5611 5610
f 5615 5600 5599
f 5615 5612 5611
f 5615 5599 5612
f 5615 5611 5614
f 5616 5589 5588
f 5616 5613 5589
f 5617 5614 5613
f 5617 5613 5616
f 5618 5601 5600
f 5618 5600 5615
f 5618 5615 5614
f 5618 5614 5617
f 5619 5588 5587
f 5619 5616 5588
f 5620 5617 5616
f 5620 5616 5619
f 5621 5602 5601
f 5621 5617 5620
f 5621 5601 5618
f 5621 5618 5617
f 5622 5586 5585
f 5622 5587 5586
f 5622 5585 5596
f 5622 5619 5587
f 5623 5619 5622
f 5623 5596 5595
f 5623 5622 5596
f 5623 5620 5619
f 5624 5623 5595
f 5624 5620 5623
f 5624 5594 5593
f 5624 5595 5594
f 5624 5603 5602
f 5624 5593 5603
f 5624 5602 5621
f 5624 5621 5620
f 5632 5625 5626
f 5632 5631 5625
f 5633 5626 5627
f 5633 5632 5626
f 5634 5627 5628
f 5634 5633 5627
f 5630 5628 5629
f 5630 5634 5628
f 5638 5639 5640
f 5638 5640 5644
f 5637 5644 5643
f 5637 5638 5644
f 5636 5643 5642
f 5636 5637 5643
f 5635 5642 5641
f 5635 5636 5642
f 5669 5659 5658
f 5669 5658 5668
f 5670 5660 5659
f 5670 5659 5669
f 5671 5651 5650
f 5671 5661 5660
f 5671 5650 5661
f 5671 5660 5670
f 5672 5668 5667
f 5672 5669 5668
f 5673 5670 5669
f 5673 5669 5672
f 5674 5652 5651
f 5674 5671 5670
f 5674 5670 5673
f 5674 5651 5671
f 5675 5667 5666
f 5675 5672 5667
f 5676 5673 5672
f 5676 5672 5675
f 5677 5653 5652
f 5677 5673 5676
f 5677 5674 5673
f 5677 5652 5674
f 5678 5666 5665
f 5678 5675 5666
f 5679 5675 5678
f 5679 5676 5675
f 5680 5654 5653
f 5680 5677 5676
f 5680 5653 5677
f 5680 5676 5679
f 5681 5665 5664
f 5681 5678 5665
f 5682 5679 5678
f 5682 5678 5681
f 5683 5655 5654
f 5683 5679 5682
f 5683 5654 5680
f 5683 5680 5679
f 5684 5664 5663
f 5684 5681 5664
f 5685 5682 5681
f 5685 5681 5684
f 5686 5656 5655
f 5686 5655 5683
f 5686 5683 5682
f 5686 5682 5685
f 5687 5645 5646
f 5687 5662 5645
f 5687 5663 5662
f 5687 5684 5663
f 5688 5684 5687
f 5688 5646 5647
f 5688 5685 5684
f 5688 5687 5646
f 5689 5647 5648
f 5689 5648 5649
f 5689 5685 5688
f 5689 5657 5656
f 5689 5649 5657
f 5689 5688 5647
f 5689 5656 5686
f 5689 5686 5685
f 5714 5693 5694
f 5714 5694 5702
f 5715 5692 5693
f 5715 5693 5714
f 5716 5690 5691
f 5716 5691 5692
f 5716 5707 5690
f 5716 5692 5715
f 5717 5702 5701
f 5717 5714 5702
f 5718 5714 5717
f 5718 5715 5714
f 5719 5708 5707
f 5719 5715 5718
f 5719 5707 5716
f 5719 5716 5715
f 5720 5701 5700
f 5720 5717 5701
f 5721 5717 5720
f 5721 5718 5717
f 5722 5709 5708
f 5722 5719 5718
f 5722 5708 5719
f 5722 5718 5721
f 5723 5700 5699
f 5723 5720 5700
f 5724 5720 5723
f 5724 5721 5720
f 5725 5710 5709
f 5725 5722 5721
f 5725 5709 5722
f 5725 5721 5724
f 5726 5699 5698
f 5726 5723 5699
f 5727 5724 5723
f 5727 5723 5726
f 5728 5711 5710
f 5728 5710 5725
f 5728 5725 5724
f 5728 5724 5727
f 5729 5698 5697
f 5729 5726 5698
f 5730 5727 5726
f 5730 5726 5729
f 5731 5712 5711
f 5731 5727 5730
f 5731 5711 5728
f 5731 5728 5727
f 5732 5696 5695
f 5732 5697 5696
f 5732 5695 5706
f 5732 5729 5697
f 5733 5729 5732
f 5733 5706 5705
f 5733 5732 5706
f 5733 5730 5729
f 5734 5730 5733
f 5734 5704 5703
f 5734 5705 5704
f 5734 5713 5712
f 5734 5703 5713
f 5734 5733 5705
f 5734 5712 5731
f 5734 5731 5730
f 5742 5735 5736
f 5742 5741 5735
f 5743 5736 5737
f 5743 5742 5736
f 5744 5737 5738
f 5744 5743 5737
f 5740 5738 5739
f 5740 5744 5738
f 5748 5749 5750
f 5748 5754 5753
f 5748 5750 5754
f 5747 5753 5752
f 5747 5748 5753
f 5746 5752 5751
f 5746 5747 5752
f 5745 5746 5751
f 5779 5758 5759
f 5779 5759 5767
f 5780 5757 5758
f 5780 5758 5779
f 5781 5755 5756
f 5781 5756 5757
f 5781 5772 5755
f 5781 5757 5780
f 5782 5767 5766
f 5782 5779 5767
f 5783 5779 5782
f 5783 5780 5779
f 5784 5773 5772
f 5784 5780 5783
f 5784 5772 5781
f 5784 5781 5780
f 5785 5766 5765
f 5785 5782 5766
f 5786 5782 5785
f 5786 5783 5782
f 5787 5774 5773
f 5787 5784 5783
f 5787 5773 5784
f 5787 5783 5786
f 5788 5765 5764
f 5788 5785 5765
f 5789 5785 5788
f 5789 5786 5785
f 5790 5775 5774
f 5790 5787 5786
f 5790 5774 5787
f 5790 5786 5789
f 5791 5764 5763
f 5791 5788 5764
f 5792 5789 5788
f 5792 5788 5791
f 5793 5776 5775
f 5793 5775 5790
f 5793 5790 5789
f 5793 5789 5792
f 5794 5763 5762
f 5794 5791 5763
f 5795 5792 5791
f 5795 5791 5794
f 5796 5777 5776
f 5796 5792 5795
f 5796 5776 5793
f 5796 5793 5792
f 5797 5761 5760
f 5797 5762 5761
f 5797 5760 5771
f 5797 5794 5762
f 5798 5794 5797
f 5798 5771 5770
f 5798 5797 5771
f 5798 5795 5794
f 5799 5795 5798
f 5799 5769 5768
f 5799 5770 5769
f 5799 5778 5777
f 5799 5768 5778
f 5799 5798 5770
f 5799 5777 5796
f 5799 5796 5795
f 5806 5805 5816
f 5824 5814 5813
f 5824 5813 5823
f 5825 5815 5814
f 5825 5814 5824
f 5826 5816 5815
f 5826 5806 5816
f 5826 5815 5825
f 5827 5823 5822
f 5827 5824 5823
f 5828 5824 5827
f 5828 5825 5824
f 5829 5807 5806
f 5829 5825 5828
f 5829 5826 5825
f 5829 5806 5826
f 5830 5822 5821
f 5830 5827 5822
f 5831 5827 5830
f 5831 5828 5827
f 5832 5808 5807
f 5832 5829 5828
f 5832 5828 5831
f 5832 5807 5829
f 5833 5821 5820
f 5833 5830 5821
f 5834 5830 5833
f 5834 5831 5830
f 5835 5809 5808
f 5835 5832 5831
f 5835 5808 5832
f 5835 5831 5834
f 5836 5820 5819
f 5836 5833 5820
f 5837 5834 5833
f 5837 5833 5836
f 5838 5810 5809
f 5838 5834 5837
f 5838 5809 5835
f 5838 5835 5834
f 5839 5819 5818
f 5839 5836 5819
f 5840 5837 5836
f 5840 5836 5839
f 5841 5811 5810
f 5841 5810 5838
f 5841 5838 5837
f 5841 5837 5840
f 5842 5800 5801
f 5842 5817 5800
f 5842 5818 5817
f 5842 5839 5818
f 5843 5839 5842
f 5843 5801 5802
f 5843 5840 5839
f 5843 5842 5801
f 5844 5802 5803
f 5844 5803 5804
f 5844 5840 5843
f 5844 5812 5811
f 5844 5804 5812
f 5844 5843 5802
f 5844 5811 5841
f 5844 5841 5840
f 5848 5849 5850
f 5848 5850 5854
f 5847 5854 5853
f 5847 5848 5854
f 5846 5853 5852
f 5846 5847 5853
f 5845 5852 5851
f 5845 5846 5852
f 5861 5855 5856
f 5862 5856 5857
f 5862 5861 5856
f 5863 5857 5858
f 5863 5862 5857
f 5864 5858 5859
f 5864 5863 5858
f 5860 5864 5859
f 5889 5879 5878
f 5889 5878 5888
f 5890 5880 5879
f 5890 5879 5889
f 5891 5871 5870
f 5891 5881 5880
f 5891 5870 5881
f 5891 5880 5890
f 5892 5888 5887
f 5892 5889 5888
f 5893 5890 5889
f 5893 5889 5892
f 5894 5872 5871
f 5894 5891 5890
f 5894 5890 5893
f 5894 5871 5891
f 5895 5887 5886
f 5895 5892 5887
f 5896 5893 5892
f 5896 5892 5895
f 5897 5873 5872
f 5897 5894 5893
f 5897 5893 5896
f 5897 5872 5894
f 5898 5886 5885
f 5898 5895 5886
f 5899 5895 5898
f 5899 5896 5895
f 5900 5874 5873
f 5900 5897 5896
f 5900 5873 5897
f 5900 5896 5899
f 5901 5885 5884
f 5901 5898 5885
f 5902 5899 5898
f 5902 5898 5901
f 5903 5875 5874
f 5903 5899 5902
f 5903 5874 5900
f 5903 5900 5899
f 5904 5884 5883
f 5904 5901 5884
f 5905 5902 5901
f 5905 5901 5904
f 5906 5876 5875
f 5906 5875 5903
f 5906 5903 5902
f 5906 5902 5905
f 5907 5865 5866
f 5907 5866 5867
f 5907 5882 5865
f 5907 5883 5882
f 5907 5904 5883
f 5908 5904 5907
f 5908 5867 5868
f 5908 5907 5867
f 5908 5905 5904
f 5909 5868 5869
f 5909 5905 5908
f 5909 5877 5876
f 5909 5869 5877
f 5909 5908 5868
f 5909 5876 5906
f 5909 5906 5905
f 5923 5933 5924
f 5934 5913 5914
f 5934 5914 5922
f 5935 5912 5913
f 5935 5913 5934
f 5936 5910 5911
f 5936 5911 5912
f 5936 5927 5910
f 5936 5912 5935
f 5937 5922 5921
f 5937 5934 5922
f 5938 5934 5937
f 5938 5935 5934
f 5939 5928 5927
f 5939 5935 5938
f 5939 5927 5936
f 5939 5936 5935
f 5940 5921 5920
f 5940 5937 5921
f 5941 5938 5937
f 5941 5937 5940
f 5942 5929 5928
f 5942 5939 5938
f 5942 5928 5939
f 5942 5938 5941
f 5943 5920 5919
f 5943 5940 5920
f 5944 5940 5943
f 5944 5941 5940
f 5945 5930 5929
f 5945 5942 5941
f 5945 5929 5942
f 5945 5941 5944
f 5946 5919 5918
f 5946 5943 5919
f 5947 5944 5943
f 5947 5943 5946
f 5948 5931 5930
f 5948 5930 5945
f 5948 5945 5944
f 5948 5944 5947
f 5949 5918 5917
f 5949 5946 5918
f 5950 5947 5946
f 5950 5946 5949
f 5951 5932 5931
f 5951 5933 5932
f 5951 5931 5948
f 5951 5948 5947
f 5951 5947 5950
f 5952 5916 5915
f 5952 5917 5916
f 5952 5915 5926
f 5952 5949 5917
f 5953 5926 5925
f 5953 5950 5949
f 5953 5952 5926
f 5953 5951 5950
f 5953 5949 5952
f 5954 5953 5925
f 5954 5951 5953
f 5954 5925 5924
f 5954 5933 5951
f 5954 5924 5933
f 5962 5955 5956
f 5962 5961 5955
f 5963 5956 5957
f 5963 5962 5956
f 5964 5957 5958
f 5964 5963 5957
f 5960 5958 5959
f 5960 5964 5958
f 5972 5965 5966
f 5972 5971 5965
f 5973 5966 5967
f 5973 5972 5966
f 5974 5967 5968
f 5974 5973 5967
f 5970 5968 5969
f 5970 5974 5968
f 5988 5998 5989
f 5999 5978 5979
f 5999 5979 5987
f 6000 5977 5978
f 6000 5978 5999
f 6001 5975 5976
f 6001 5976 5977
f 6001 5992 5975
f 6001 5977 6000
f 6002 5987 5986
f 6002 5999 5987
f 6003 5999 6002
f 6003 6000 5999
f 6004 5993 5992
f 6004 6000 6003
f 6004 5992 6001
f 6004 6001 6000
f 6005 5986 5985
f 6005 6002 5986
f 6006 6003 6002
f 6006 6002 6005
f 6007 5994 5993
f 6007 6004 6003
f 6007 5993 6004
f 6007 6003 6006
f 6008 5985 5984
f 6008 6005 5985
f 6009 6005 6008
f 6009 6006 6005
f 6010 5995 5994
f 6010 6006 6009
f 6010 6007 6006
f 6010 5994 6007
f 6011 5984 5983
f 6011 6008 5984
f 6012 6009 6008
f 6012 6008 6011
f 6013 5996 5995
f 6013 5995 6010
f 6013 6010 6009
f 6013 6009 6012
f 6014 5983 5982
f 6014 6011 5983
f 6015 6012 6011
f 6015 6011 6014
f 6016 5997 5996
f 6016 5996 6013
f 6016 6013 6012
f 6016 6012 6015
f 6017 5981 5980
f 6017 5982 5981
f 6017 5980 5991
f 6017 6014 5982
f 6018 5991 5990
f 6018 6015 6014
f 6018 6017 5991
f 6018 6014 6017
f 6019 6018 5990
f 6019 5990 5989
f 6019 5998 5997
f 6019 6015 6018
f 6019 5989 5998
f 6019 5997 6016
f 6019 6016 6015
f 6044 6034 6033
f 6044 6033 6043
f 6045 6035 6034
f 6045 6034 6044
f 6046 6026 6025
f 6046 6036 6035
f 6046 6025 6036
f 6046 6035 6045
f 6047 6043 6042
f 6047 6044 6043
f 6048 6045 6044
f 6048 6044 6047
f 6049 6027 6026
f 6049 6046 6045
f 6049 6045 6048
f 6049 6026 6046
f 6050 6042 6041
f 6050 6047 6042
f 6051 6047 6050
f 6051 6048 6047
f 6052 6028 6027
f 6052 6048 6051
f 6052 6049 6048
f 6052 6027 6049
f 6053 6041 6040
f 6053 6050 6041
f 6054 6051 6050
f 6054 6050 6053
f 6055 6029 6028
f 6055 6052 6051
f 6055 6028 6052
f 6055 6051 6054
f 6056 6040 6039
f 6056 6053 6040
f 6057 6054 6053
f 6057 6053 6056
f 6058 6030 6029
f 6058 6054 6057
f 6058 6029 6055
f 6058 6055 6054
f 6059 6039 6038
f 6059 6056 6039
f 6060 6057 6056
f 6060 6056 6059
f 6061 6031 6030
f 6061 6030 6058
f 6061 6058 6057
f 6061 6057 6060
f 6062 6020 6021
f 6062 6037 6020
f 6062 6038 6037
f 6062 6059 6038
f 6063 6059 6062
f 6063 6021 6022
f 6063 6060 6059
f 6063 6062 6021
f 6064 6022 6023
f 6064 6023 6024
f 6064 6060 6063
f 6064 6032 6031
f 6064 6024 6032
f 6064 6063 6022
f 6064 6031 6061
f 6064 6061 6060
f 6072 6065 6066
f 6072 6071 6065
f 6073 6066 6067
f 6073 6072 6066
f 6074 6067 6068
f 6074 6073 6067
f 6070 6068 6069
f 6070 6074 6068
f 6078 6079 6080
f 6078 6080 6084
f 6077 6084 6083
f 6077 6078 6084
f 6076 6083 6082
f 6076 6077 6083
f 6075 6082 6081
f 6075 6076 6082
f 6109 6088 6089
f 6109 6089 6097
f 6110 6087 6088
f 6110 6088 6109
f 6111 6085 6086
f 6111 6086 6087
f 6111 6102 6085
f 6111 6087 6110
f 6112 6097 6096
f 6112 6109 6097
f 6113 6109 6112
f 6113 6110 6109
f 6114 6103 6102
f 6114 6110 6113
f 6114 6102 6111
f 6114 6111 6110
f 6115 6096 6095
f 6115 6112 6096
f 6116 6113 6112
f 6116 6112 6115
f 6117 6104 6103
f 6117 6114 6113
f 6117 6103 6114
f 6117 6113 6116
f 6118 6095 6094
f 6118 6115 6095
f 6119 6115 6118
f 6119 6116 6115
f 6120 6105 6104
f 6120 6117 6116
f 6120 6104 6117
f 6120 6116 6119
f 6121 6094 6093
f 6121 6118 6094
f 6122 6119 6118
f 6122 6118 6121
f 6123 6106 6105
f 6123 6105 6120
f 6123 6120 6119
f 6123 6119 6122
f 6124 6093 6092
f 6124 6121 6093
f 6125 6122 6121
f 6125 6121 6124
f 6126 6107 6106
f 6126 6106 6123
f 6126 6123 6122
f 6126 6122 6125
f 6127 6091 6090
f 6127 6092 6091
f 6127 6090 6101
f 6127 6124 6092
f 6128 6124 6127
f 6128 6101 6100
f 6128 6125 6124
f 6128 6127 6101
f 6129 6125 6128
f 6129 6099 6098
f 6129 6100 6099
f 6129 6108 6107
f 6129 6098 6108
f 6129 6128 6100
f 6129 6107 6126
f 6129 6126 6125
f 6154 6144 6143
f 6154 6143 6153
f 6155 6145 6144
f 6155 6144 6154
f 6156 6136 6135
f 6156 6146 6145
f 6156 6135 6146
f 6156 6145 6155
f 6157 6153 6152
f 6157 6154 6153
f 6158 6155 6154
f 6158 6154 6157
f 6159 6137 6136
f 6159 6156 6155
f 6159 6155 6158
f 6159 6136 6156
f 6160 6152 6151
f 6160 6157 6152
f 6161 6158 6157
f 6161 6157 6160
f 6162 6138 6137
f 6162 6159 6158
f 6162 6158 6161
f 6162 6137 6159
f 6163 6151 6150
f 6163 6160 6151
f 6164 6160 6163
f 6164 6161 6160
f 6165 6139 6138
f 6165 6162 6161
f 6165 6138 6162
f 6165 6161 6164
f 6166 6150 6149
f 6166 6163 6150
f 6167 6164 6163
f 6167 6163 6166
f 6168 6140 6139
f 6168 6164 6167
f 6168 6139 6165
f 6168 6165 6164
f 6169 6149 6148
f 6169 6166 6149
f 6170 6167 6166
f 6170 6166 6169
f 6171 6141 6140
f 6171 6140 6168
f 6171 6168 6167
f 6171 6167 6170
f 6172 6130 6131
f 6172 6147 6130
f 6172 6148 6147
f 6172 6169 6148
f 6173 6169 6172
f 6173 6131 6132
f 6173 6170 6169
f 6173 6172 6131
f 6174 6132 6133
f 6174 6133 6134
f 6174 6170 6173
f 6174 6142 6141
f 6174 6134 6142
f 6174 6173 6132
f 6174 6141 6171
f 6174 6171 6170
f 6182 6175 6176
f 6182 6181 6175
f 6183 6176 6177
f 6183 6182 6176
f 6184 6177 6178
f 6184 6183 6177
f 6180 6178 6179
f 6180 6184 6178
f 6192 6185 6186
f 6192 6191 6185
f 6193 6186 6187
f 6193 6192 6186
f 6194 6187 6188
f 6194 6193 6187
f 6190 6188 6189
f 6190 6194 6188
f 6219 6209 6208
f 6219 6208 6218
f 6220 6210 6209
f 6220 6209 6219
f 6221 6201 6200
f 6221 6211 6210
f 6221 6200 6211
f 6221 6210 6220
f 6222 6218 6217
f 6222 6219 6218
f 6223 6220 6219
f 6223 6219 6222
f 6224 6202 6201
f 6224 6221 6220
f 6224 6220 6223
f 6224 6201 6221
f 6225 6217 6216
f 6225 6222 6217
f 6226 6223 6222
f 6226 6222 6225
f 6227 6203 6202
f 6227 6223 6226
f 6227 6224 6223
f 6227 6202 6224
f 6228 6216 6215
f 6228 6225 6216
f 6229 6225 6228
f 6229 6226 6225
f 6230 6204 6203
f 6230 6227 6226
f 6230 6203 6227
f 6230 6226 6229
f 6231 6215 6214
f 6231 6228 6215
f 6232 6229 6228
f 6232 6228 6231
f 6233 6205 6204
f 6233 6229 6232
f 6233 6204 6230
f 6233 6230 6229
f 6234 6214 6213
f 6234 6231 6214
f 6235 6232 6231
f 6235 6231 6234
f 6236 6206 6205
f 6236 6205 6233
f 6236 6233 6232
f 6236 6232 6235
f 6237 6195 6196
f 6237 6212 6195
f 6237 6213 6212
f 6237 6234 6213
f 6238 6234 6237
f 6238 6196 6197
f 6238 6235 6234
f 6238 6237 6196
f 6239 6197 6198
f 6239 6198 6199
f 6239 6235 6238
f 6239 6207 6206
f 6239 6199 6207
f 6239 6238 6197
f 6239 6206 6236
f 6239 6236 6235
f 6264 6243 6244
f 6264 6244 6252
f 6265 6242 6243
f 6265 6243 6264
f 6266 6240 6241
f 6266 6241 6242
f 6266 6257 6240
f 6266 6242 6265
f 6267 6252 6251
f 6267 6264 6252
f 6268 6264 6267
f 6268 6265 6264
f 6269 6258 6257
f 6269 6265 6268
f 6269 6257 6266
f 6269 6266 6265
f 6270 6251 6250
f 6270 6267 6251
f 6271 6267 6270
f 6271 6268 6267
f 6272 6259 6258
f 6272 6268 6271
f 6272 6269 6268
f 6272 6258 6269
f 6273 6250 6249
f 6273 6270 6250
f 6274 6270 6273
f 6274 6271 6270
f 6275 6260 6259
f 6275 6272 6271
f 6275 6259 6272
f 6275 6271 6274
f 6276 6249 6248
f 6276 6273 6249
f 6277 6274 6273
f 6277 6273 6276
f 6278 6261 6260
f 6278 6274 6277
f 6278 6260 6275
f 6278 6275 6274
f 6279 6248 6247
f 6279 6276 6248
f 6280 6277 6276
f 6280 6276 6279
f 6281 6262 6261
f 6281 6261 6278
f 6281 6278 6277
f 6281 6277 6280
f 6282 6246 6245
f 6282 6247 6246
f 6282 6245 6256
f 6282 6279 6247
f 6283 6279 6282
f 6283 6256 6255
f 6283 6282 6256
f 6283 6280 6279
f 6284 6280 6283
f 6284 6254 6253
f 6284 6255 6254
f 6284 6263 6262
f 6284 6253 6263
f 6284 6262 6281
f 6284 6283 6255
f 6284 6281 6280
f 6292 6285 6286
f 6292 6291 6285
f 6293 6286 6287
f 6293 6292 6286
f 6294 6287 6288
f 6294 6293 6287
f 6290 6288 6289
f 6290 6294 6288
f 6298 6299 6300
f 6298 6300 6304
f 6297 6304 6303
f 6297 6298 6304
f 6296 6303 6302
f 6296 6297 6303
f 6295 6302 6301
f 6295 6296 6302
f 6329 6319 6318
f 6329 6318 6328
f 6330 6320 6319
f 6330 6319 6329
f 6331 6311 6310
f 6331 6321 6320
f 6331 6310 6321
f 6331 6320 6330
f 6332 6328 6327
f 6332 6329 6328
f 6333 6329 6332
f 6333 6330 6329
f 6334 6312 6311
f 6334 6331 6330
f 6334 6330 6333
f 6334 6311 6331
f 6335 6327 6326
f 6335 6332 6327
f 6336 6333 6332
f 6336 6332 6335
f 6337 6313 6312
f 6337 6334 6333
f 6337 6312 6334
f 6337 6333 6336
f 6338 6326 6325
f 6338 6335 6326
f 6339 6335 6338
f 6339 6336 6335
f 6340 6314 6313
f 6340 6337 6336
f 6340 6313 6337
f 6340 6336 6339
f 6341 6325 6324
f 6341 6338 6325
f 6342 6339 6338
f 6342 6338 6341
f 6343 6315 6314
f 6343 6314 6340
f 6343 6339 6342
f 6343 6340 6339
f 6344 6324 6323
f 6344 6341 6324
f 6345 6342 6341
f 6345 6341 6344
f 6346 6316 6315
f 6346 6315 6343
f 6346 6343 6342
f 6346 6342 6345
f 6347 6305 6306
f 6347 6322 6305
f 6347 6323 6322
f 6347 6344 6323
f 6348 6344 6347
f 6348 6306 6307
f 6348 6345 6344
f 6348 6347 6306
f 6349 6307 6308
f 6349 6308 6309
f 6349 6345 6348
f 6349 6317 6316
f 6349 6309 6317
f 6349 6348 6307
f 6349 6316 6346
f 6349 6346 6345
f 6374 6353 6354
f 6374 6354 6362
f 6375 6352 6353
f 6375 6353 6374
f 6376 6350 6351
f 6376 6351 6352
f 6376 6367 6350
f 6376 6352 6375
f 6377 6362 6361
f 6377 6374 6362
f 6378 6374 6377
f 6378 6375 6374
f 6379 6368 6367
f 6379 6375 6378
f 6379 6367 6376
f 6379 6376 6375
f 6380 6361 6360
f 6380 6377 6361
f 6381 6378 6377
f 6381 6377 6380
f 6382 6369 6368
f 6382 6379 6378
f 6382 6368 6379
f 6382 6378 6381
f 6383 6360 6359
f 6383 6380 6360
f 6384 6381 6380
f 6384 6380 6383
f 6385 6370 6369
f 6385 6382 6381
f 6385 6369 6382
f 6385 6381 6384
f 6386 6359 6358
f 6386 6383 6359
f 6387 6384 6383
f 6387 6383 6386
f 6388 6371 6370
f 6388 6370 6385
f 6388 6384 6387
f 6388 6385 6384
f 6389 6358 6357
f 6389 6386 6358
f 6390 6387 6386
f 6390 6386 6389
f 6391 6372 6371
f 6391 6371 6388
f 6391 6388 6387
f 6391 6387 6390
f 6392 6356 6355
f 6392 6357 6356
f 6392 6355 6366
f 6392 6389 6357
f 6393 6389 6392
f 6393 6366 6365
f 6393 6392 6366
f 6393 6390 6389
f 6394 6390 6393
f 6394 6364 6363
f 6394 6365 6364
f 6394 6373 6372
f 6394 6363 6373
f 6394 6372 6391
f 6394 6393 6365
f 6394 6391 6390
f 6402 6395 6396
f 6402 6401 6395
f 6403 6396 6397
f 6403 6402 6396
f 6404 6397 6398
f 6404 6403 6397
f 6400 6398 6399
f 6400 6404 6398
f 6412 6405 6406
f 6412 6411 6405
f 6413 6406 6407
f 6413 6412 6406
f 6414 6407 6408
f 6414 6413 6407
f 6410 6408 6409
f 6410 6414 6408
f 6439 6429 6428
f 6439 6428 6438
f 6440 6430 6429
f 6440 6429 6439
f 6441 6421 6420
f 6441 6431 6430
f 6441 6420 6431
f 6441 6430 6440
f 6442 6438 6437
f 6442 6439 6438
f 6443 6440 6439
f 6443 6439 6442
f 6444 6422 6421
f 6444 6441 6440
f 6444 6440 6443
f 6444 6421 6441
f 6445 6437 6436
f 6445 6442 6437
f 6446 6443 6442
f 6446 6442 6445
f 6447 6423 6422
f 6447 6444 6443
f 6447 6443 6446
f 6447 6422 6444
f 6448 6436 6435
f 6448 6445 6436
f 6449 6445 6448
f 6449 6446 6445
f 6450 6424 6423
f 6450 6447 6446
f 6450 6423 6447
f 6450 6446 6449
f 6451 6434 6433
f 6451 6435 6434
f 6451 6448 6435
f 6452 6449 6448
f 6452 6448 6451
f 6453 6425 6424
f 6453 6449 6452
f 6453 6424 6450
f 6453 6450 6449
f 6454 6451 6433
f 6455 6452 6451
f 6455 6451 6454
f 6456 6426 6425
f 6456 6425 6453
f 6456 6453 6452
f 6456 6452 6455
f 6457 6415 6416
f 6457 6432 6415
f 6457 6433 6432
f 6457 6454 6433
f 6458 6454 6457
f 6458 6416 6417
f 6458 6455 6454
f 6458 6457 6416
f 6458 6456 6455
f 6459 6417 6418
f 6459 6456 6458
f 6459 6418 6419
f 6459 6427 6426
f 6459 6419 6427
f 6459 6458 6417
f 6459 6426 6456
f 6484 6463 6464
f 6484 6464 6472
f 6485 6462 6463
f 6485 6463 6484
f 6486 6460 6461
f 6486 6461 6462
f 6486 6477 6460
f 6486 6462 6485
f 6487 6472 6471
f 6487 6484 6472
f 6488 6484 6487
f 6488 6485 6484
f 6489 6478 6477
f 6489 6485 6488
f 6489 6477 6486
f 6489 6486 6485
f 6490 6471 6470
f 6490 6487 6471
f 6491 6488 6487
f 6491 6487 6490
f 6492 6479 6478
f 6492 6489 6488
f 6492 6478 6489
f 6492 6488 6491
f 6493 6470 6469
f 6493 6490 6470
f 6494 6490 6493
f 6494 6491 6490
f 6495 6480 6479
f 6495 6492 6491
f 6495 6479 6492
f 6495 6491 6494
f 6496 6469 6468
f 6496 6493 6469
f 6497 6494 6493
f 6497 6493 6496
f 6498 6481 6480
f 6498 6480 6495
f 6498 6495 6494
f 6498 6494 6497
f 6499 6468 6467
f 6499 6496 6468
f 6500 6497 6496
f 6500 6496 6499
f 6501 6482 6481
f 6501 6481 6498
f 6501 6498 6497
f 6501 6497 6500
f 6502 6466 6465
f 6502 6467 6466
f 6502 6465 6476
f 6502 6499 6467
f 6503 6476 6475
f 6503 6500 6499
f 6503 6502 6476
f 6503 6499 6502
f 6504 6503 6475
f 6504 6474 6473
f 6504 6475 6474
f 6504 6483 6482
f 6504 6473 6483
f 6504 6500 6503
f 6504 6482 6501
f 6504 6501 6500
f 6509 6510 6511
f 6508 6511 6512
f 6508 6509 6511
f 6507 6508 6512
f 6506 6512 6513
f 6506 6507 6512
f 6505 6513 6514
f 6505 6506 6513
f 6522 6519 6518
f 6522 6521 6519
f 6523 6518 6517
f 6523 6522 6518
f 6524 6517 6516
f 6524 6523 6517
f 6520 6516 6515
f 6520 6524 6516
f 6549 6539 6538
f 6549 6538 6548
f 6550 6540 6539
f 6550 6539 6549
f 6551 6531 6530
f 6551 6541 6540
f 6551 6530 6541
f 6551 6540 6550
f 6552 6548 6547
f 6552 6549 6548
f 6553 6550 6549
f 6553 6549 6552
f 6554 6532 6531
f 6554 6551 6550
f 6554 6550 6553
f 6554 6531 6551
f 6555 6547 6546
f 6555 6552 6547
f 6556 6553 6552
f 6556 6552 6555
f 6557 6533 6532
f 6557 6554 6553
f 6557 6553 6556
f 6557 6532 6554
f 6558 6546 6545
f 6558 6555 6546
f 6559 6555 6558
f 6559 6556 6555
f 6560 6534 6533
f 6560 6533 6557
f 6560 6557 6556
f 6560 6556 6559
f 6561 6545 6544
f 6561 6558 6545
f 6562 6559 6558
f 6562 6558 6561
f 6563 6535 6534
f 6563 6559 6562
f 6563 6534 6560
f 6563 6560 6559
f 6564 6544 6543
f 6564 6561 6544
f 6565 6562 6561
f 6565 6561 6564
f 6566 6536 6535
f 6566 6535 6563
f 6566 6563 6562
f 6566 6562 6565
f 6567 6525 6526
f 6567 6542 6525
f 6567 6543 6542
f 6567 6564 6543
f 6568 6564 6567
f 6568 6526 6527
f 6568 6565 6564
f 6568 6567 6526
f 6569 6527 6528
f 6569 6528 6529
f 6569 6565 6568
f 6569 6537 6536
f 6569 6529 6537
f 6569 6568 6527
f 6569 6536 6566
f 6569 6566 6565
f 6586 6576 6575
f 6594 6573 6574
f 6594 6574 6582
f 6595 6572 6573
f 6595 6573 6594
f 6596 6570 6571
f 6596 6571 6572
f 6596 6587 6570
f 6596 6572 6595
f 6597 6582 6581
f 6597 6594 6582
f 6598 6594 6597
f 6598 6595 6594
f 6599 6588 6587
f 6599 6595 6598
f 6599 6587 6596
f 6599 6596 6595
f 6600 6581 6580
f 6600 6597 6581
f 6601 6597 6600
f 6601 6598 6597
f 6602 6589 6588
f 6602 6599 6598
f 6602 6598 6601
f 6602 6588 6599
f 6603 6580 6579
f 6603 6600 6580
f 6604 6600 6603
f 6604 6601 6600
f 6605 6590 6589
f 6605 6589 6602
f 6605 6602 6601
f 6605 6601 6604
f 6606 6579 6578
f 6606 6603 6579
f 6607 6604 6603
f 6607 6603 6606
f 6608 6591 6590
f 6608 6590 6605
f 6608 6604 6607
f 6608 6605 6604
f 6609 6578 6577
f 6609 6606 6578
f 6610 6607 6606
f 6610 6606 6609
f 6611 6592 6591
f 6611 6591 6608
f 6611 6608 6607
f 6611 6607 6610
f 6612 6577 6576
f 6612 6576 6586
f 6612 6609 6577
f 6613 6609 6612
f 6613 6586 6585
f 6613 6612 6586
f 6613 6610 6609
f 6614 6613 6585
f 6614 6610 6613
f 6614 6584 6583
f 6614 6585 6584
f 6614 6593 6592
f 6614 6583 6593
f 6614 6592 6611
f 6614 6611 6610
f 6619 6620 6624
f 6618 6619 6624
f 6617 6624 6623
f 6617 6618 6624
f 6616 6623 6622
f 6616 6617 6623
f 6615 6622 6621
f 6615 6616 6622
f 6628 6629 6630
f 6628 6630 6634
f 6627 6634 6633
f 6627 6628 6634
f 6626 6633 6632
f 6626 6627 6633
f 6625 6632 6631
f 6625 6626 6632
f 6650 6645 6644
f 6639 6643 6638
f 6651 6645 6650
f 6652 6646 6645
f 6652 6645 6651
f 6653 6650 6649
f 6653 6651 6650
f 6654 6641 6640
f 6654 6647 6646
f 6654 6640 6647
f 6654 6646 6652
f 6655 6652 6651
f 6655 6651 6653
f 6656 6635 6636
f 6656 6648 6635
f 6656 6649 6648
f 6656 6653 6649
f 6657 6642 6641
f 6657 6652 6655
f 6657 6641 6654
f 6657 6654 6652
f 6658 6636 6637
f 6658 6653 6656
f 6658 6656 6636
f 6658 6655 6653
f 6659 6637 6638
f 6659 6643 6642
f 6659 6658 6637
f 6659 6657 6655
f 6659 6642 6657
f 6659 6638 6643
f 6659 6655 6658
f 6678 6663 6664
f 6678 6664 6669
f 6679 6662 6663
f 6679 6663 6678
f 6680 6669 6668
f 6680 6678 6669
f 6681 6660 6661
f 6681 6661 6662
f 6681 6674 6660
f 6681 6662 6679
f 6682 6678 6680
f 6682 6679 6678
f 6683 6668 6667
f 6683 6680 6668
f 6684 6675 6674
f 6684 6679 6682
f 6684 6681 6679
f 6684 6674 6681
f 6685 6680 6683
f 6685 6682 6680
f 6686 6666 6665
f 6686 6667 6666
f 6686 6665 6673
f 6686 6683 6667
f 6687 6676 6675
f 6687 6675 6684
f 6687 6682 6685
f 6687 6684 6682
f 6688 6673 6672
f 6688 6685 6683
f 6688 6686 6673
f 6688 6683 6686
f 6689 6671 6670
f 6689 6672 6671
f 6689 6677 6676
f 6689 6670 6677
f 6689 6676 6687
f 6689 6687 6685
f 6689 6688 6672
f 6689 6685 6688
f 6693 6694 6695
f 6699 6693 6695
f 6690 6691 6697
f 6696 6690 6697
f 6700 6691 6692
f 6700 6692 6693
f 6700 6698 6697
f 6700 6699 6698
f 6700 6693 6699
f 6700 6697 6691
f 6702 6712 6701
f 6708 6707 6711
f 6708 6711 6712
f 6708 6712 6702
f 6709 6702 6703
f 6709 6708 6702
f 6710 6703 6704
f 6710 6704 6705
f 6710 6709 6703
f 6706 6710 6705
f 6717 6720 6716
f 6737 6727 6726
f 6737 6726 6736
f 6738 6728 6727
f 6738 6727 6737
f 6739 6722 6721
f 6739 6729 6728
f 6739 6721 6729
f 6739 6728 6738
f 6740 6736 6735
f 6740 6737 6736
f 6741 6738 6737
f 6741 6737 6740
f 6742 6723 6722
f 6742 6739 6738
f 6742 6738 6741
f 6742 6722 6739
f 6743 6735 6734
f 6743 6740 6735
f 6744 6741 6740
f 6744 6740 6743
f 6745 6724 6723
f 6745 6741 6744
f 6745 6742 6741
f 6745 6723 6742
f 6746 6734 6733
f 6746 6743 6734
f 6747 6744 6743
f 6747 6743 6746
f 6748 6725 6724
f 6748 6744 6747
f 6748 6724 6745
f 6748 6745 6744
f 6749 6733 6732
f 6749 6746 6733
f 6750 6747 6746
f 6750 6746 6749
f 6751 6718 6725
f 6751 6725 6748
f 6751 6748 6747
f 6751 6747 6750
f 6752 6732 6731
f 6752 6749 6732
f 6753 6750 6749
f 6753 6749 6752
f 6754 6719 6718
f 6754 6718 6751
f 6754 6750 6753
f 6754 6751 6750
f 6755 6713 6714
f 6755 6730 6713
f 6755 6731 6730
f 6755 6752 6731
f 6756 6714 6715
f 6756 6752 6755
f 6756 6753 6752
f 6756 6755 6714
f 6757 6756 6715
f 6757 6715 6716
f 6757 6753 6756
f 6757 6720 6719
f 6757 6716 6720
f 6757 6719 6754
f 6757 6754 6753
f 6776 6769 6768
f 6776 6768 6775
f 6777 6770 6769
f 6777 6769 6776
f 6778 6775 6774
f 6778 6776 6775
f 6779 6764 6763
f 6779 6771 6770
f 6779 6763 6771
f 6779 6770 6777
f 6780 6777 6776
f 6780 6776 6778
f 6781 6774 6773
f 6781 6778 6774
f 6782 6765 6764
f 6782 6779 6777
f 6782 6777 6780
f 6782 6764 6779
f 6783 6778 6781
f 6783 6780 6778
f 6784 6758 6759
f 6784 6772 6758
f 6784 6773 6772
f 6784 6781 6773
f 6785 6766 6765
f 6785 6765 6782
f 6785 6782 6780
f 6785 6780 6783
f 6786 6759 6760
f 6786 6783 6781
f 6786 6784 6759
f 6786 6781 6784
f 6787 6760 6761
f 6787 6761 6762
f 6787 6767 6766
f 6787 6762 6767
f 6787 6783 6786
f 6787 6766 6785
f 6787 6786 6760
f 6787 6785 6783
f 6812 6802 6801
f 6812 6801 6811
f 6813 6803 6802
f 6813 6802 6812
f 6814 6794 6793
f 6814 6804 6803
f 6814 6793 6804
f 6814 6803 6813
f 6815 6811 6810
f 6815 6812 6811
f 6816 6813 6812
f 6816 6812 6815
f 6817 6795 6794
f 6817 6814 6813
f 6817 6813 6816
f 6817 6794 6814
f 6818 6810 6809
f 6818 6815 6810
f 6819 6816 6815
f 6819 6815 6818
f 6820 6796 6795
f 6820 6816 6819
f 6820 6817 6816
f 6820 6795 6817
f 6821 6809 6808
f 6821 6818 6809
f 6822 6818 6821
f 6822 6819 6818
f 6823 6797 6796
f 6823 6820 6819
f 6823 6796 6820
f 6823 6819 6822
f 6824 6808 6807
f 6824 6821 6808
f 6825 6822 6821
f 6825 6821 6824
f 6826 6798 6797
f 6826 6822 6825
f 6826 6797 6823
f 6826 6823 6822
f 6827 6807 6806
f 6827 6824 6807
f 6828 6825 6824
f 6828 6824 6827
f 6829 6799 6798
f 6829 6798 6826
f 6829 6826 6825
f 6829 6825 6828
f 6830 6788 6789
f 6830 6805 6788
f 6830 6806 6805
f 6830 6827 6806
f 6831 6827 6830
f 6831 6789 6790
f 6831 6828 6827
f 6831 6830 6789
f 6832 6790 6791
f 6832 6791 6792
f 6832 6828 6831
f 6832 6800 6799
f 6832 6792 6800
f 6832 6831 6790
f 6832 6799 6829
f 6832 6829 6828
f 6839 6833 6834
f 6840 6834 6835
f 6840 6839 6834
f 6841 6835 6836
f 6841 6840 6835
f 6842 6836 6837
f 6842 6841 6836
f 6838 6842 6837
f 6850 6843 6844
f 6850 6849 6843
f 6851 6844 6845
f 6851 6850 6844
f 6852 6845 6846
f 6852 6851 6845
f 6848 6846 6847
f 6848 6852 6846
f 6879 6870 6869
f 6879 6869 6878
f 6880 6871 6870
f 6880 6870 6879
f 6881 6866 6871
f 6881 6871 6880
f 6882 6867 6866
f 6882 6866 6881
f 6883 6859 6858
f 6883 6868 6867
f 6883 6858 6868
f 6883 6867 6882
f 6884 6878 6877
f 6884 6879 6878
f 6885 6879 6884
f 6885 6880 6879
f 6886 6881 6880
f 6886 6880 6885
f 6887 6882 6881
f 6887 6881 6886
f 6888 6860 6859
f 6888 6883 6882
f 6888 6859 6883
f 6888 6882 6887
f 6889 6877 6876
f 6889 6884 6877
f 6890 6885 6884
f 6890 6884 6889
f 6891 6886 6885
f 6891 6885 6890
f 6892 6887 6886
f 6892 6886 6891
f 6893 6861 6860
f 6893 6888 6887
f 6893 6860 6888
f 6893 6887 6892
f 6894 6876 6875
f 6894 6889 6876
f 6895 6890 6889
f 6895 6889 6894
f 6896 6891 6890
f 6896 6890 6895
f 6897 6892 6891
f 6897 6891 6896
f 6898 6892 6897
f 6898 6862 6861
f 6898 6861 6893
f 6898 6893 6892
f 6899 6875 6874
f 6899 6894 6875
f 6900 6894 6899
f 6900 6895 6894
f 6901 6896 6895
f 6901 6895 6900
f 6902 6897 6896
f 6902 6896 6901
f 6903 6862 6898
f 6903 6863 6862
f 6903 6898 6897
f 6903 6897 6902
f 6904 6874 6873
f 6904 6899 6874
f 6905 6899 6904
f 6905 6900 6899
f 6906 6900 6905
f 6906 6901 6900
f 6907 6902 6901
f 6907 6901 6906
f 6908 6864 6863
f 6908 6903 6902
f 6908 6863 6903
f 6908 6902 6907
f 6909 6853 6854
f 6909 6872 6853
f 6909 6873 6872
f 6909 6904 6873
f 6910 6854 6855
f 6910 6905 6904
f 6910 6909 6854
f 6910 6904 6909
f 6911 6906 6905
f 6911 6905 6910
f 6911 6910 6855
f 6912 6855 6856
f 6912 6907 6906
f 6912 6906 6911
f 6912 6911 6855
f 6913 6856 6857
f 6913 6912 6856
f 6913 6865 6864
f 6913 6857 6865
f 6913 6907 6912
f 6913 6864 6908
f 6913 6908 6907
f 6938 6928 6927
f 6938 6927 6937
f 6939 6929 6928
f 6939 6928 6938
f 6940 6920 6919
f 6940 6930 6929
f 6940 6919 6930
f 6940 6929 6939
f 6941 6937 6936
f 6941 6938 6937
f 6942 6939 6938
f 6942 6938 6941
f 6943 6921 6920
f 6943 6940 6939
f 6943 6939 6942
f 6943 6920 6940
f 6944 6936 6935
f 6944 6941 6936
f 6945 6942 6941
f 6945 6941 6944
f 6946 6922 6921
f 6946 6942 6945
f 6946 6943 6942
f 6946 6921 6943
f 6947 6935 6934
f 6947 6944 6935
f 6948 6944 6947
f 6948 6945 6944
f 6949 6923 6922
f 6949 6946 6945
f 6949 6922 6946
f 6949 6945 6948
f 6950 6934 6933
f 6950 6947 6934
f 6951 6948 6947
f 6951 6947 6950
f 6952 6924 6923
f 6952 6948 6951
f 6952 6923 6949
f 6952 6949 6948
f 6953 6933 6932
f 6953 6950 6933
f 6954 6951 6950
f 6954 6950 6953
f 6955 6925 6924
f 6955 6924 6952
f 6955 6952 6951
f 6955 6951 6954
f 6956 6914 6915
f 6956 6931 6914
f 6956 6932 6931
f 6956 6953 6932
f 6957 6953 6956
f 6957 6915 6916
f 6957 6954 6953
f 6957 6956 6915
f 6958 6916 6917
f 6958 6917 6918
f 6958 6954 6957
f 6958 6926 6925
f 6958 6918 6926
f 6958 6957 6916
f 6958 6925 6955
f 6958 6955 6954
f 6966 6960 6959
f 6966 6959 6963
f 6965 6963 6962
f 6965 6966 6963
f 6964 6962 6961
f 6964 6965 6962
f 6974 6967 6968
f 6974 6973 6967
f 6975 6968 6969
f 6975 6974 6968
f 6976 6969 6970
f 6976 6975 6969
f 6972 6970 6971
f 6972 6976 6970
f 6983 6991 6982
f 7003 6993 6992
f 7003 6992 7002
f 7004 6994 6993
f 7004 6993 7003
f 7005 6994 7004
f 7006 6995 6994
f 7006 6994 7005
f 7007 6985 6984
f 7007 6984 6995
f 7007 6995 7006
f 7008 7002 7001
f 7008 7003 7002
f 7009 7004 7003
f 7009 7003 7008
f 7010 7004 7009
f 7010 7005 7004
f 7011 7006 7005
f 7011 7005 7010
f 7012 6986 6985
f 7012 6985 7007
f 7012 7007 7006
f 7012 7006 7011
f 7013 7001 7000
f 7013 7008 7001
f 7014 7008 7013
f 7014 7009 7008
f 7015 7010 7009
f 7015 7009 7014
f 7016 7010 7015
f 7016 7011 7010
f 7017 6987 6986
f 7017 7012 7011
f 7017 6986 7012
f 7017 7011 7016
f 7018 7000 6999
f 7018 7013 7000
f 7019 7014 7013
f 7019 7013 7018
f 7020 7014 7019
f 7020 7015 7014
f 7021 7015 7020
f 7021 7016 7015
f 7022 7016 7021
f 7022 6988 6987
f 7022 6987 7017
f 7022 7017 7016
f 7023 6999 6998
f 7023 7018 6999
f 7024 7018 7023
f 7024 7019 7018
f 7025 7020 7019
f 7025 7019 7024
f 7026 7020 7025
f 7026 7021 7020
f 7027 7022 7021
f 7027 6989 6988
f 7027 6988 7022
f 7027 7021 7026
f 7028 6998 6997
f 7028 7023 6998
f 7029 7023 7028
f 7029 7024 7023
f 7030 7024 7029
f 7030 7025 7024
f 7031 7026 7025
f 7031 7025 7030
f 7032 6989 7027
f 7032 6990 6989
f 7032 7026 7031
f 7032 7027 7026
f 7033 6977 6978
f 7033 6996 6977
f 7033 6997 6996
f 7033 7028 6997
f 7034 6978 6979
f 7034 7029 7028
f 7034 7033 6978
f 7034 7028 7033
f 7035 6979 6980
f 7035 7030 7029
f 7035 7029 7034
f 7035 7034 6979
f 7036 6980 6981
f 7036 7031 7030
f 7036 7035 6980
f 7036 7030 7035
f 7037 6981 6982
f 7037 6991 6990
f 7037 6990 7032
f 7037 7031 7036
f 7037 7032 7031
f 7037 7036 6981
f 7037 6982 6991
f 7062 7041 7042
f 7062 7042 7050
f 7063 7040 7041
f 7063 7041 7062
f 7064 7038 7039
f 7064 7039 7040
f 7064 7055 7038
f 7064 7040 7063
f 7065 7050 7049
f 7065 7062 7050
f 7066 7062 7065
f 7066 7063 7062
f 7067 7056 7055
f 7067 7063 7066
f 7067 7055 7064
f 7067 7064 7063
f 7068 7049 7048
f 7068 7065 7049
f 7069 7065 7068
f 7069 7066 7065
f 7070 7057 7056
f 7070 7067 7066
f 7070 7056 7067
f 7070 7066 7069
f 7071 7048 7047
f 7071 7068 7048
f 7072 7068 7071
f 7072 7069 7068
f 7073 7058 7057
f 7073 7070 7069
f 7073 7057 7070
f 7073 7069 7072
f 7074 7047 7046
f 7074 7071 7047
f 7075 7072 7071
f 7075 7071 7074
f 7076 7059 7058
f 7076 7058 7073
f 7076 7073 7072
f 7076 7072 7075
f 7077 7046 7045
f 7077 7074 7046
f 7078 7075 7074
f 7078 7074 7077
f 7079 7060 7059
f 7079 7075 7078
f 7079 7059 7076
f 7079 7076 7075
f 7080 7044 7043
f 7080 7045 7044
f 7080 7043 7054
f 7080 7077 7045
f 7081 7077 7080
f 7081 7054 7053
f 7081 7080 7054
f 7081 7078 7077
f 7082 7078 7081
f 7082 7052 7051
f 7082 7053 7052
f 7082 7061 7060
f 7082 7051 7061
f 7082 7081 7053
f 7082 7060 7079
f 7082 7079 7078
f 7087 7088 7092
f 7086 7092 7091
f 7086 7087 7092
f 7085 7091 7090
f 7085 7086 7091
f 7084 7090 7089
f 7084 7085 7090
f 7083 7084 7089
f 7096 7097 7098
f 7096 7098 7102
f 7095 7102 7101
f 7095 7096 7102
f 7094 7101 7100
f 7094 7095 7101
f 7093 7100 7099
f 7093 7094 7100
f 7107 7111 7106
f 7119 7113 7112
f 7119 7112 7118
f 7120 7114 7113
f 7120 7113 7119
f 7121 7118 7117
f 7121 7119 7118
f 7122 7109 7108
f 7122 7115 7114
f 7122 7108 7115
f 7122 7114 7120
f 7123 7120 7119
f 7123 7119 7121
f 7124 7103 7104
f 7124 7116 7103
f 7124 7117 7116
f 7124 7121 7117
f 7125 7110 7109
f 7125 7120 7123
f 7125 7109 7122
f 7125 7122 7120
f 7126 7104 7105
f 7126 7121 7124
f 7126 7124 7104
f 7126 7123 7121
f 7127 7105 7106
f 7127 7111 7110
f 7127 7126 7105
f 7127 7125 7123
f 7127 7110 7125
f 7127 7106 7111
f 7127 7123 7126
f 7144 7134 7133
f 7152 7131 7132
f 7152 7132 7140
f 7153 7130 7131
f 7153 7131 7152
f 7154 7128 7129
f 7154 7129 7130
f 7154 7145 7128
f 7154 7130 7153
f 7155 7140 7139
f 7155 7152 7140
f 7156 7152 7155
f 7156 7153 7152
f 7157 7146 7145
f 7157 7153 7156
f 7157 7145 7154
f 7157 7154 7153
f 7158 7139 7138
f 7158 7155 7139
f 7159 7156 7155
f 7159 7155 7158
f 7160 7147 7146
f 7160 7157 7156
f 7160 7146 7157
f 7160 7156 7159
f 7161 7138 7137
f 7161 7158 7138
f 7162 7158 7161
f 7162 7159 7158
f 7163 7148 7147
f 7163 7160 7159
f 7163 7147 7160
f 7163 7159 7162
f 7164 7137 7136
f 7164 7161 7137
f 7165 7162 7161
f 7165 7161 7164
f 7166 7149 7148
f 7166 7148 7163
f 7166 7163 7162
f 7166 7162 7165
f 7167 7136 7135
f 7167 7164 7136
f 7168 7165 7164
f 7168 7164 7167
f 7169 7150 7149
f 7169 7149 7166
f 7169 7166 7165
f 7169 7165 7168
f 7170 7135 7134
f 7170 7134 7144
f 7170 7167 7135
f 7171 7144 7143
f 7171 7168 7167
f 7171 7170 7144
f 7171 7167 7170
f 7172 7171 7143
f 7172 7142 7141
f 7172 7143 7142
f 7172 7151 7150
f 7172 7141 7151
f 7172 7168 7171
f 7172 7150 7169
f 7172 7169 7168
f 7182 7176 7177
f 7182 7177 7178
f 7179 7173 7174
f 7179 7174 7180
f 7183 7174 7175
f 7183 7175 7176
f 7183 7181 7180
f 7183 7182 7181
f 7183 7176 7182
f 7183 7180 7174
f 7194 7189 7190
f 7187 7188 7189
f 7187 7189 7194
f 7186 7194 7193
f 7186 7187 7194
f 7185 7193 7192
f 7185 7186 7193
f 7184 7192 7191
f 7184 7185 7192
f 7211 7201 7200
f 7219 7198 7199
f 7219 7199 7207
f 7220 7197 7198
f 7220 7198 7219
f 7221 7195 7196
f 7221 7196 7197
f 7221 7217 7195
f 7221 7197 7220
f 7222 7207 7206
f 7222 7219 7207
f 7223 7220 7219
f 7223 7219 7222
f 7224 7218 7217
f 7224 7220 7223
f 7224 7217 7221
f 7224 7221 7220
f 7225 7206 7205
f 7225 7222 7206
f 7226 7222 7225
f 7226 7223 7222
f 7227 7216 7218
f 7227 7224 7223
f 7227 7223 7226
f 7227 7218 7224
f 7228 7205 7204
f 7228 7225 7205
f 7229 7226 7225
f 7229 7225 7228
f 7230 7215 7216
f 7230 7226 7229
f 7230 7216 7227
f 7230 7227 7226
f 7231 7204 7203
f 7231 7228 7204
f 7232 7229 7228
f 7232 7228 7231
f 7233 7214 7215
f 7233 7215 7230
f 7233 7229 7232
f 7233 7230 7229
f 7234 7203 7202
f 7234 7231 7203
f 7235 7232 7231
f 7235 7231 7234
f 7236 7213 7214
f 7236 7214 7233
f 7236 7233 7232
f 7236 7232 7235
f 7237 7202 7201
f 7237 7201 7211
f 7237 7234 7202
f 7238 7211 7210
f 7238 7235 7234
f 7238 7237 7211
f 7238 7234 7237
f 7239 7238 7210
f 7239 7209 7208
f 7239 7210 7209
f 7239 7208 7212
f 7239 7212 7213
f 7239 7235 7238
f 7239 7213 7236
f 7239 7236 7235
f 7253 7263 7254
f 7264 7243 7244
f 7264 7244 7252
f 7265 7242 7243
f 7265 7243 7264
f 7266 7240 7241
f 7266 7241 7242
f 7266 7257 7240
f 7266 7242 7265
f 7267 7252 7251
f 7267 7264 7252
f 7268 7264 7267
f 7268 7265 7264
f 7269 7258 7257
f 7269 7265 7268
f 7269 7257 7266
f 7269 7266 7265
f 7270 7251 7250
f 7270 7267 7251
f 7271 7268 7267
f 7271 7267 7270
f 7272 7259 7258
f 7272 7269 7268
f 7272 7258 7269
f 7272 7268 7271
f 7273 7250 7249
f 7273 7270 7250
f 7274 7270 7273
f 7274 7271 7270
f 7275 7260 7259
f 7275 7271 7274
f 7275 7272 7271
f 7275 7259 7272
f 7276 7249 7248
f 7276 7273 7249
f 7277 7274 7273
f 7277 7273 7276
f 7278 7261 7260
f 7278 7260 7275
f 7278 7275 7274
f 7278 7274 7277
f 7279 7248 7247
f 7279 7276 7248
f 7280 7277 7276
f 7280 7276 7279
f 7281 7262 7261
f 7281 7261 7278
f 7281 7278 7277
f 7281 7277 7280
f 7282 7246 7245
f 7282 7247 7246
f 7282 7245 7256
f 7282 7279 7247
f 7283 7256 7255
f 7283 7280 7279
f 7283 7282 7256
f 7283 7279 7282
f 7284 7283 7255
f 7284 7255 7254
f 7284 7263 7262
f 7284 7280 7283
f 7284 7254 7263
f 7284 7262 7281
f 7284 7281 7280
f 7309 7288 7289
f 7309 7289 7297
f 7310 7287 7288
f 7310 7288 7309
f 7311 7285 7286
f 7311 7286 7287
f 7311 7302 7285
f 7311 7287 7310
f 7312 7297 7296
f 7312 7309 7297
f 7313 7309 7312
f 7313 7310 7309
f 7314 7303 7302
f 7314 7310 7313
f 7314 7302 7311
f 7314 7311 7310
f 7315 7296 7295
f 7315 7312 7296
f 7316 7312 7315
f 7316 7313 7312
f 7317 7304 7303
f 7317 7314 7313
f 7317 7303 7314
f 7317 7313 7316
f 7318 7295 7294
f 7318 7315 7295
f 7319 7315 7318
f 7319 7316 7315
f 7320 7305 7304
f 7320 7317 7316
f 7320 7304 7317
f 7320 7316 7319
f 7321 7294 7293
f 7321 7318 7294
f 7322 7319 7318
f 7322 7318 7321
f 7323 7306 7305
f 7323 7305 7320
f 7323 7320 7319
f 7323 7319 7322
f 7324 7293 7292
f 7324 7321 7293
f 7325 7322 7321
f 7325 7321 7324
f 7326 7307 7306
f 7326 7322 7325
f 7326 7306 7323
f 7326 7323 7322
f 7327 7291 7290
f 7327 7292 7291
f 7327 7290 7301
f 7327 7324 7292
f 7328 7324 7327
f 7328 7301 7300
f 7328 7327 7301
f 7328 7325 7324
f 7329 7325 7328
f 7329 7299 7298
f 7329 7300 7299
f 7329 7308 7307
f 7329 7298 7308
f 7329 7328 7300
f 7329 7307 7326
f 7329 7326 7325
f 7337 7330 7331
f 7337 7336 7330
f 7338 7331 7332
f 7338 7337 7331
f 7339 7332 7333
f 7339 7338 7332
f 7335 7333 7334
f 7335 7339 7333
f 7343 7344 7345
f 7343 7345 7349
f 7342 7349 7348
f 7342 7343 7349
f 7341 7348 7347
f 7341 7342 7348
f 7340 7347 7346
f 7340 7341 7347
f 7374 7353 7354
f 7374 7354 7362
f 7375 7352 7353
f 7375 7353 7374
f 7376 7350 7351
f 7376 7351 7352
f 7376 7367 7350
f 7376 7352 7375
f 7377 7362 7361
f 7377 7374 7362
f 7378 7374 7377
f 7378 7375 7374
f 7379 7368 7367
f 7379 7375 7378
f 7379 7367 7376
f 7379 7376 7375
f 7380 7361 7360
f 7380 7377 7361
f 7381 7378 7377
f 7381 7377 7380
f 7382 7369 7368
f 7382 7379 7378
f 7382 7368 7379
f 7382 7378 7381
f 7383 7360 7359
f 7383 7380 7360
f 7384 7380 7383
f 7384 7381 7380
f 7385 7370 7369
f 7385 7382 7381
f 7385 7369 7382
f 7385 7381 7384
f 7386 7359 7358
f 7386 7383 7359
f 7387 7384 7383
f 7387 7383 7386
f 7388 7371 7370
f 7388 7370 7385
f 7388 7385 7384
f 7388 7384 7387
f 7389 7358 7357
f 7389 7386 7358
f 7390 7387 7386
f 7390 7386 7389
f 7391 7372 7371
f 7391 7371 7388
f 7391 7388 7387
f 7391 7387 7390
f 7392 7356 7355
f 7392 7357 7356
f 7392 7355 7366
f 7392 7389 7357
f 7393 7389 7392
f 7393 7366 7365
f 7393 7390 7389
f 7393 7392 7366
f 7394 7390 7393
f 7394 7364 7363
f 7394 7365 7364
f 7394 7373 7372
f 7394 7363 7373
f 7394 7393 7365
f 7394 7372 7391
f 7394 7391 7390
f 7419 7398 7399
f 7419 7399 7407
f 7420 7397 7398
f 7420 7398 7419
f 7421 7395 7396
f 7421 7396 7397
f 7421 7412 7395
f 7421 7397 7420
f 7422 7407 7406
f 7422 7419 7407
f 7423 7419 7422
f 7423 7420 7419
f 7424 7413 7412
f 7424 7420 7423
f 7424 7412 7421
f 7424 7421 7420
f 7425 7406 7405
f 7425 7422 7406
f 7426 7422 7425
f 7426 7423 7422
f 7427 7414 7413
f 7427 7424 7423
f 7427 7413 7424
f 7427 7423 7426
f 7428 7405 7404
f 7428 7425 7405
f 7429 7425 7428
f 7429 7426 7425
f 7430 7415 7414
f 7430 7427 7426
f 7430 7414 7427
f 7430 7426 7429
f 7431 7404 7403
f 7431 7428 7404
f 7432 7429 7428
f 7432 7428 7431
f 7433 7416 7415
f 7433 7415 7430
f 7433 7430 7429
f 7433 7429 7432
f 7434 7403 7402
f 7434 7431 7403
f 7435 7432 7431
f 7435 7431 7434
f 7436 7417 7416
f 7436 7432 7435
f 7436 7416 7433
f 7436 7433 7432
f 7437 7401 7400
f 7437 7402 7401
f 7437 7400 7411
f 7437 7434 7402
f 7438 7434 7437
f 7438 7411 7410
f 7438 7437 7411
f 7438 7435 7434
f 7439 7435 7438
f 7439 7409 7408
f 7439 7410 7409
f 7439 7418 7417
f 7439 7408 7418
f 7439 7438 7410
f 7439 7417 7436
f 7439 7436 7435
f 7448 7440 7441
f 7448 7447 7440
f 7449 7441 7442
f 7449 7448 7441
f 7450 7442 7443
f 7450 7449 7442
f 7445 7443 7444
f 7445 7450 7443
f 7446 7450 7445
f 7454 7455 7456
f 7454 7456 7460
f 7453 7460 7459
f 7453 7454 7460
f 7452 7459 7458
f 7452 7453 7459
f 7451 7458 7457
f 7451 7452 7458
f 7485 7475 7474
f 7485 7474 7484
f 7486 7476 7475
f 7486 7475 7485
f 7487 7467 7466
f 7487 7477 7476
f 7487 7466 7477
f 7487 7476 7486
f 7488 7484 7483
f 7488 7485 7484
f 7489 7486 7485
f 7489 7485 7488
f 7490 7468 7467
f 7490 7487 7486
f 7490 7486 7489
f 7490 7467 7487
f 7491 7483 7482
f 7491 7488 7483
f 7492 7489 7488
f 7492 7488 7491
f 7493 7469 7468
f 7493 7489 7492
f 7493 7490 7489
f 7493 7468 7490
f 7494 7482 7481
f 7494 7491 7482
f 7495 7491 7494
f 7495 7492 7491
f 7496 7470 7469
f 7496 7493 7492
f 7496 7469 7493
f 7496 7492 7495
f 7497 7481 7480
f 7497 7494 7481
f 7498 7495 7494
f 7498 7494 7497
f 7499 7471 7470
f 7499 7495 7498
f 7499 7470 7496
f 7499 7496 7495
f 7500 7480 7479
f 7500 7497 7480
f 7501 7498 7497
f 7501 7497 7500
f 7502 7472 7471
f 7502 7471 7499
f 7502 7499 7498
f 7502 7498 7501
f 7503 7461 7462
f 7503 7478 7461
f 7503 7479 7478
f 7503 7500 7479
f 7504 7500 7503
f 7504 7462 7463
f 7504 7501 7500
f 7504 7503 7462
f 7505 7463 7464
f 7505 7464 7465
f 7505 7501 7504
f 7505 7473 7472
f 7505 7465 7473
f 7505 7504 7463
f 7505 7472 7502
f 7505 7502 7501
f 7512 7511 7522
f 7530 7520 7519
f 7530 7519 7529
f 7531 7521 7520
f 7531 7520 7530
f 7532 7522 7521
f 7532 7512 7522
f 7532 7521 7531
f 7533 7529 7528
f 7533 7530 7529
f 7534 7530 7533
f 7534 7531 7530
f 7535 7513 7512
f 7535 7531 7534
f 7535 7532 7531
f 7535 7512 7532
f 7536 7528 7527
f 7536 7533 7528
f 7537 7533 7536
f 7537 7534 7533
f 7538 7514 7513
f 7538 7535 7534
f 7538 7534 7537
f 7538 7513 7535
f 7539 7527 7526
f 7539 7536 7527
f 7540 7536 7539
f 7540 7537 7536
f 7541 7515 7514
f 7541 7538 7537
f 7541 7514 7538
f 7541 7537 7540
f 7542 7526 7525
f 7542 7539 7526
f 7543 7540 7539
f 7543 7539 7542
f 7544 7516 7515
f 7544 7540 7543
f 7544 7515 7541
f 7544 7541 7540
f 7545 7525 7524
f 7545 7542 7525
f 7546 7543 7542
f 7546 7542 7545
f 7547 7517 7516
f 7547 7516 7544
f 7547 7544 7543
f 7547 7543 7546
f 7548 7506 7507
f 7548 7523 7506
f 7548 7524 7523
f 7548 7545 7524
f 7549 7545 7548
f 7549 7507 7508
f 7549 7546 7545
f 7549 7548 7507
f 7550 7508 7509
f 7550 7509 7510
f 7550 7546 7549
f 7550 7518 7517
f 7550 7510 7518
f 7550 7549 7508
f 7550 7517 7547
f 7550 7547 7546
f 7554 7555 7556
f 7554 7556 7560
f 7553 7560 7559
f 7553 7554 7560
f 7552 7559 7558
f 7552 7553 7559
f 7551 7558 7557
f 7551 7552 7558
f 7568 7561 7562
f 7568 7567 7561
f 7569 7562 7563
f 7569 7563 7564
f 7569 7568 7562
f 7570 7569 7564
f 7566 7564 7565
f 7566 7570 7564
f 7595 7585 7584
f 7595 7584 7594
f 7596 7586 7585
f 7596 7585 7595
f 7597 7577 7576
f 7597 7587 7586
f 7597 7576 7587
f 7597 7586 7596
f 7598 7594 7593
f 7598 7595 7594
f 7599 7596 7595
f 7599 7595 7598
f 7600 7578 7577
f 7600 7597 7596
f 7600 7596 7599
f 7600 7577 7597
f 7601 7593 7592
f 7601 7598 7593
f 7602 7599 7598
f 7602 7598 7601
f 7603 7579 7578
f 7603 7599 7602
f 7603 7600 7599
f 7603 7578 7600
f 7604 7592 7591
f 7604 7601 7592
f 7605 7601 7604
f 7605 7602 7601
f 7606 7580 7579
f 7606 7603 7602
f 7606 7579 7603
f 7606 7602 7605
f 7607 7591 7590
f 7607 7604 7591
f 7608 7605 7604
f 7608 7604 7607
f 7609 7581 7580
f 7609 7605 7608
f 7609 7580 7606
f 7609 7606 7605
f 7610 7590 7589
f 7610 7607 7590
f 7611 7608 7607
f 7611 7607 7610
f 7612 7582 7581
f 7612 7581 7609
f 7612 7609 7608
f 7612 7608 7611
f 7613 7571 7572
f 7613 7588 7571
f 7613 7589 7588
f 7613 7610 7589
f 7614 7610 7613
f 7614 7572 7573
f 7614 7611 7610
f 7614 7613 7572
f 7615 7573 7574
f 7615 7574 7575
f 7615 7611 7614
f 7615 7583 7582
f 7615 7575 7583
f 7615 7614 7573
f 7615 7582 7612
f 7615 7612 7611
f 7620 7628 7619
f 7640 7630 7629
f 7640 7629 7639
f 7641 7631 7630
f 7641 7630 7640
f 7642 7622 7621
f 7642 7632 7631
f 7642 7621 7632
f 7642 7631 7641
f 7643 7639 7638
f 7643 7640 7639
f 7644 7641 7640
f 7644 7640 7643
f 7645 7623 7622
f 7645 7642 7641
f 7645 7641 7644
f 7645 7622 7642
f 7646 7638 7637
f 7646 7643 7638
f 7647 7644 7643
f 7647 7643 7646
f 7648 7624 7623
f 7648 7645 7644
f 7648 7644 7647
f 7648 7623 7645
f 7649 7637 7636
f 7649 7646 7637
f 7650 7646 7649
f 7650 7647 7646
f 7651 7625 7624
f 7651 7648 7647
f 7651 7624 7648
f 7651 7647 7650
f 7652 7636 7635
f 7652 7649 7636
f 7653 7650 7649
f 7653 7649 7652
f 7654 7626 7625
f 7654 7650 7653
f 7654 7625 7651
f 7654 7651 7650
f 7655 7635 7634
f 7655 7652 7635
f 7656 7653 7652
f 7656 7654 7653
f 7656 7652 7655
f 7657 7627 7626
f 7657 7626 7654
f 7657 7654 7656
f 7658 7616 7617
f 7658 7633 7616
f 7658 7634 7633
f 7658 7655 7634
f 7659 7617 7618
f 7659 7655 7658
f 7659 7656 7655
f 7659 7658 7617
f 7660 7659 7618
f 7660 7618 7619
f 7660 7656 7659
f 7660 7628 7627
f 7660 7619 7628
f 7660 7627 7657
f 7660 7657 7656
f 7664 7665 7666
f 7664 7666 7670
f 7663 7670 7669
f 7663 7664 7670
f 7662 7669 7668
f 7662 7663 7669
f 7661 7668 7667
f 7661 7662 7668
f 7672 7681 7671
f 7678 7677 7681
f 7678 7681 7672
f 7679 7672 7673
f 7679 7678 7672
f 7680 7673 7674
f 7680 7679 7673
f 7676 7674 7675
f 7676 7680 7674
f 7706 7685 7686
f 7706 7686 7694
f 7707 7684 7685
f 7707 7685 7706
f 7708 7682 7683
f 7708 7683 7684
f 7708 7699 7682
f 7708 7684 7707
f 7709 7694 7693
f 7709 7706 7694
f 7710 7706 7709
f 7710 7707 7706
f 7711 7700 7699
f 7711 7707 7710
f 7711 7699 7708
f 7711 7708 7707
f 7712 7693 7692
f 7712 7709 7693
f 7713 7710 7709
f 7713 7709 7712
f 7714 7701 7700
f 7714 7711 7710
f 7714 7700 7711
f 7714 7710 7713
f 7715 7692 7691
f 7715 7712 7692
f 7716 7712 7715
f 7716 7713 7712
f 7717 7702 7701
f 7717 7714 7713
f 7717 7701 7714
f 7717 7713 7716
f 7718 7691 7690
f 7718 7715 7691
f 7719 7716 7715
f 7719 7715 7718
f 7720 7703 7702
f 7720 7702 7717
f 7720 7717 7716
f 7720 7716 7719
f 7721 7690 7689
f 7721 7718 7690
f 7722 7719 7718
f 7722 7718 7721
f 7723 7704 7703
f 7723 7703 7720
f 7723 7720 7719
f 7723 7719 7722
f 7724 7688 7687
f 7724 7689 7688
f 7724 7687 7698
f 7724 7721 7689
f 7725 7697 7696
f 7725 7698 7697
f 7725 7722 7721
f 7725 7724 7698
f 7725 7721 7724
f 7726 7725 7696
f 7726 7696 7695
f 7726 7705 7704
f 7726 7695 7705
f 7726 7722 7725
f 7726 7704 7723
f 7726 7723 7722
f 7731 7739 7730
f 7751 7741 7740
f 7751 7740 7750
f 7752 7742 7741
f 7752 7741 7751
f 7753 7733 7732
f 7753 7743 7742
f 7753 7732 7743
f 7753 7742 7752
f 7754 7750 7749
f 7754 7751 7750
f 7755 7752 7751
f 7755 7751 7754
f 7756 7734 7733
f 7756 7753 7752
f 7756 7752 7755
f 7756 7733 7753
f 7757 7749 7748
f 7757 7754 7749
f 7758 7755 7754
f 7758 7754 7757
f 7759 7735 7734
f 7759 7756 7755
f 7759 7755 7758
f 7759 7734 7756
f 7760 7748 7747
f 7760 7757 7748
f 7761 7757 7760
f 7761 7758 7757
f 7762 7736 7735
f 7762 7759 7758
f 7762 7735 7759
f 7762 7758 7761
f 7763 7747 7746
f 7763 7760 7747
f 7764 7761 7760
f 7764 7760 7763
f 7765 7737 7736
f 7765 7761 7764
f 7765 7736 7762
f 7765 7762 7761
f 7766 7746 7745
f 7766 7763 7746
f 7767 7764 7763
f 7767 7763 7766
f 7768 7738 7737
f 7768 7737 7765
f 7768 7765 7764
f 7768 7764 7767
f 7769 7727 7728
f 7769 7744 7727
f 7769 7745 7744
f 7769 7766 7745
f 7770 7766 7769
f 7770 7728 7729
f 7770 7767 7766
f 7770 7769 7728
f 7771 7729 7730
f 7771 7767 7770
f 7771 7739 7738
f 7771 7770 7729
f 7771 7730 7739
f 7771 7738 7768
f 7771 7768 7767
f 7775 7776 7777
f 7775 7777 7781
f 7774 7781 7780
f 7774 7775 7781
f 7773 7779 7778
f 7773 7780 7779
f 7773 7774 7780
f 7772 7773 7778
f 7785 7786 7787
f 7785 7787 7791
f 7784 7791 7790
f 7784 7785 7791
f 7783 7789 7788
f 7783 7790 7789
f 7783 7784 7790
f 7782 7783 7788
f 7805 7815 7806
f 7816 7795 7796
f 7816 7796 7804
f 7817 7794 7795
f 7817 7795 7816
f 7818 7792 7793
f 7818 7793 7794
f 7818 7809 7792
f 7818 7794 7817
f 7819 7804 7803
f 7819 7816 7804
f 7820 7816 7819
f 7820 7817 7816
f 7821 7810 7809
f 7821 7817 7820
f 7821 7809 7818
f 7821 7818 7817
f 7822 7803 7802
f 7822 7819 7803
f 7823 7820 7819
f 7823 7819 7822
f 7824 7811 7810
f 7824 7821 7820
f 7824 7810 7821
f 7824 7820 7823
f 7825 7802 7801
f 7825 7822 7802
f 7826 7822 7825
f 7826 7823 7822
f 7827 7812 7811
f 7827 7824 7823
f 7827 7811 7824
f 7827 7823 7826
f 7828 7801 7800
f 7828 7825 7801
f 7829 7826 7825
f 7829 7825 7828
f 7830 7813 7812
f 7830 7812 7827
f 7830 7827 7826
f 7830 7826 7829
f 7831 7800 7799
f 7831 7828 7800
f 7832 7829 7828
f 7832 7828 7831
f 7833 7814 7813
f 7833 7813 7830
f 7833 7830 7829
f 7833 7829 7832
f 7834 7798 7797
f 7834 7799 7798
f 7834 7797 7808
f 7834 7831 7799
f 7835 7831 7834
f 7835 7807 7806
f 7835 7808 7807
f 7835 7832 7831
f 7835 7834 7808
f 7836 7832 7835
f 7836 7815 7814
f 7836 7835 7806
f 7836 7806 7815
f 7836 7814 7833
f 7836 7833 7832
f 7861 7851 7850
f 7861 7850 7860
f 7862 7852 7851
f 7862 7851 7861
f 7863 7843 7842
f 7863 7853 7852
f 7863 7842 7853
f 7863 7852 7862
f 7864 7860 7859
f 7864 7861 7860
f 7865 7862 7861
f 7865 7861 7864
f 7866 7844 7843
f 7866 7863 7862
f 7866 7862 7865
f 7866 7843 7863
f 7867 7859 7858
f 7867 7864 7859
f 7868 7865 7864
f 7868 7864 7867
f 7869 7845 7844
f 7869 7866 7865
f 7869 7865 7868
f 7869 7844 7866
f 7870 7858 7857
f 7870 7867 7858
f 7871 7867 7870
f 7871 7868 7867
f 7872 7846 7845
f 7872 7869 7868
f 7872 7845 7869
f 7872 7868 7871
f 7873 7857 7856
f 7873 7870 7857
f 7874 7871 7870
f 7874 7870 7873
f 7875 7847 7846
f 7875 7871 7874
f 7875 7846 7872
f 7875 7872 7871
f 7876 7856 7855
f 7876 7873 7856
f 7877 7874 7873
f 7877 7873 7876
f 7878 7848 7847
f 7878 7847 7875
f 7878 7875 7874
f 7878 7874 7877
f 7879 7837 7838
f 7879 7854 7837
f 7879 7855 7854
f 7879 7876 7855
f 7880 7876 7879
f 7880 7838 7839
f 7880 7877 7876
f 7880 7879 7838
f 7881 7839 7840
f 7881 7840 7841
f 7881 7877 7880
f 7881 7849 7848
f 7881 7841 7849
f 7881 7880 7839
f 7881 7848 7878
f 7881 7878 7877
f 7885 7886 7887
f 7885 7887 7891
f 7884 7891 7890
f 7884 7885 7891
f 7883 7890 7889
f 7883 7884 7890
f 7882 7889 7888
f 7882 7883 7889
f 7893 7902 7892
f 7899 7898 7902
f 7899 7902 7893
f 7900 7893 7894
f 7900 7899 7893
f 7901 7894 7895
f 7901 7900 7894
f 7897 7895 7896
f 7897 7901 7895
f 7927 7917 7916
f 7927 7916 7926
f 7928 7918 7917
f 7928 7917 7927
f 7929 7909 7908
f 7929 7919 7918
f 7929 7908 7919
f 7929 7918 7928
f 7930 7926 7925
f 7930 7927 7926
f 7931 7928 7927
f 7931 7927 7930
f 7932 7910 7909
f 7932 7929 7928
f 7932 7928 7931
f 7932 7909 7929
f 7933 7925 7924
f 7933 7930 7925
f 7934 7931 7930
f 7934 7930 7933
f 7935 7911 7910
f 7935 7932 7931
f 7935 7931 7934
f 7935 7910 7932
f 7936 7924 7923
f 7936 7933 7924
f 7937 7934 7933
f 7937 7933 7936
f 7938 7912 7911
f 7938 7911 7935
f 7938 7935 7934
f 7938 7934 7937
f 7939 7923 7922
f 7939 7936 7923
f 7940 7937 7936
f 7940 7936 7939
f 7941 7913 7912
f 7941 7937 7940
f 7941 7912 7938
f 7941 7938 7937
f 7942 7922 7921
f 7942 7939 7922
f 7943 7940 7939
f 7943 7939 7942
f 7944 7914 7913
f 7944 7913 7941
f 7944 7941 7940
f 7944 7940 7943
f 7945 7903 7904
f 7945 7920 7903
f 7945 7921 7920
f 7945 7942 7921
f 7946 7942 7945
f 7946 7904 7905
f 7946 7943 7942
f 7946 7945 7904
f 7947 7905 7906
f 7947 7906 7907
f 7947 7943 7946
f 7947 7915 7914
f 7947 7907 7915
f 7947 7946 7905
f 7947 7914 7944
f 7947 7944 7943
f 7961 7971 7962
f 7972 7951 7952
f 7972 7952 7960
f 7973 7950 7951
f 7973 7951 7972
f 7974 7948 7949
f 7974 7949 7950
f 7974 7965 7948
f 7974 7950 7973
f 7975 7960 7959
f 7975 7972 7960
f 7976 7972 7975
f 7976 7973 7972
f 7977 7966 7965
f 7977 7973 7976
f 7977 7965 7974
f 7977 7974 7973
f 7978 7959 7958
f 7978 7975 7959
f 7979 7975 7978
f 7979 7976 7975
f 7980 7967 7966
f 7980 7976 7979
f 7980 7977 7976
f 7980 7966 7977
f 7981 7958 7957
f 7981 7978 7958
f 7982 7978 7981
f 7982 7979 7978
f 7983 7968 7967
f 7983 7980 7979
f 7983 7967 7980
f 7983 7979 7982
f 7984 7957 7956
f 7984 7981 7957
f 7985 7982 7981
f 7985 7981 7984
f 7986 7969 7968
f 7986 7982 7985
f 7986 7968 7983
f 7986 7983 7982
f 7987 7956 7955
f 7987 7984 7956
f 7988 7985 7984
f 7988 7984 7987
f 7989 7970 7969
f 7989 7969 7986
f 7989 7986 7985
f 7989 7985 7988
f 7990 7954 7953
f 7990 7955 7954
f 7990 7953 7964
f 7990 7987 7955
f 7991 7987 7990
f 7991 7964 7963
f 7991 7990 7964
f 7991 7988 7987
f 7992 7988 7991
f 7992 7963 7962
f 7992 7971 7970
f 7992 7970 7989
f 7992 7991 7963
f 7992 7962 7971
f 7992 7989 7988
f 7997 7998 7999
f 7996 7999 8000
f 7996 7997 7999
f 7995 8000 8001
f 7995 7996 8000
f 7994 8001 8002
f 7994 7995 8001
f 7993 7994 8002
f 8010 8007 8006
f 8010 8009 8007
f 8011 8006 8005
f 8011 8010 8006
f 8012 8005 8004
f 8012 8011 8005
f 8008 8004 8003
f 8008 8012 8004
f 8029 8019 8018
f 8037 8016 8017
f 8037 8017 8025
f 8038 8015 8016
f 8038 8016 8037
f 8039 8013 8014
f 8039 8014 8015
f 8039 8030 8013
f 8039 8015 8038
f 8040 8025 8024
f 8040 8037 8025
f 8041 8037 8040
f 8041 8038 8037
f 8042 8031 8030
f 8042 8038 8041
f 8042 8030 8039
f 8042 8039 8038
f 8043 8024 8023
f 8043 8040 8024
f 8044 8041 8040
f 8044 8040 8043
f 8045 8032 8031
f 8045 8042 8041
f 8045 8031 8042
f 8045 8041 8044
f 8046 8023 8022
f 8046 8043 8023
f 8047 8043 8046
f 8047 8044 8043
f 8048 8033 8032
f 8048 8045 8044
f 8048 8032 8045
f 8048 8044 8047
f 8049 8022 8021
f 8049 8046 8022
f 8050 8047 8046
f 8050 8046 8049
f 8051 8034 8033
f 8051 8033 8048
f 8051 8048 8047
f 8051 8047 8050
f 8052 8021 8020
f 8052 8049 8021
f 8053 8050 8049
f 8053 8049 8052
f 8054 8035 8034
f 8054 8036 8035
f 8054 8034 8051
f 8054 8051 8050
f 8054 8050 8053
f 8055 8020 8019
f 8055 8029 8028
f 8055 8019 8029
f 8055 8052 8020
f 8056 8053 8052
f 8056 8055 8028
f 8056 8052 8055
f 8057 8056 8028
f 8057 8027 8026
f 8057 8028 8027
f 8057 8026 8036
f 8057 8053 8056
f 8057 8036 8054
f 8057 8054 8053
f 8062 8070 8061
f 8082 8072 8071
f 8082 8071 8081
f 8083 8073 8072
f 8083 8072 8082
f 8084 8064 8063
f 8084 8074 8073
f 8084 8063 8074
f 8084 8073 8083
f 8085 8081 8080
f 8085 8082 8081
f 8086 8083 8082
f 8086 8082 8085
f 8087 8065 8064
f 8087 8084 8083
f 8087 8083 8086
f 8087 8064 8084
f 8088 8080 8079
f 8088 8085 8080
f 8089 8086 8085
f 8089 8085 8088
f 8090 8066 8065
f 8090 8087 8086
f 8090 8086 8089
f 8090 8065 8087
f 8091 8079 8078
f 8091 8088 8079
f 8092 8088 8091
f 8092 8089 8088
f 8093 8067 8066
f 8093 8090 8089
f 8093 8066 8090
f 8093 8089 8092
f 8094 8078 8077
f 8094 8091 8078
f 8095 8092 8091
f 8095 8091 8094
f 8096 8068 8067
f 8096 8092 8095
f 8096 8067 8093
f 8096 8093 8092
f 8097 8077 8076
f 8097 8094 8077
f 8098 8095 8094
f 8098 8094 8097
f 8099 8069 8068
f 8099 8068 8096
f 8099 8096 8095
f 8099 8095 8098
f 8100 8058 8059
f 8100 8075 8058
f 8100 8076 8075
f 8100 8097 8076
f 8101 8097 8100
f 8101 8059 8060
f 8101 8060 8061
f 8101 8098 8097
f 8101 8100 8059
f 8101 8099 8098
f 8102 8099 8101
f 8102 8070 8069
f 8102 8101 8061
f 8102 8061 8070
f 8102 8069 8099
f 8107 8108 8112
f 8106 8112 8111
f 8106 8107 8112
f 8105 8111 8110
f 8105 8106 8111
f 8104 8110 8109
f 8104 8105 8110
f 8103 8104 8109
f 8116 8117 8118
f 8116 8118 8122
f 8115 8122 8121
f 8115 8116 8122
f 8114 8121 8120
f 8114 8115 8121
f 8113 8120 8119
f 8113 8114 8120
f 8147 8126 8127
f 8147 8127 8135
f 8148 8125 8126
f 8148 8126 8147
f 8149 8123 8124
f 8149 8124 8125
f 8149 8140 8123
f 8149 8125 8148
f 8150 8135 8134
f 8150 8147 8135
f 8151 8147 8150
f 8151 8148 8147
f 8152 8141 8140
f 8152 8148 8151
f 8152 8140 8149
f 8152 8149 8148
f 8153 8134 8133
f 8153 8150 8134
f 8154 8151 8150
f 8154 8150 8153
f 8155 8142 8141
f 8155 8152 8151
f 8155 8141 8152
f 8155 8151 8154
f 8156 8133 8132
f 8156 8153 8133
f 8157 8153 8156
f 8157 8154 8153
f 8158 8143 8142
f 8158 8155 8154
f 8158 8142 8155
f 8158 8154 8157
f 8159 8132 8131
f 8159 8156 8132
f 8160 8157 8156
f 8160 8156 8159
f 8161 8144 8143
f 8161 8143 8158
f 8161 8158 8157
f 8161 8157 8160
f 8162 8131 8130
f 8162 8159 8131
f 8163 8160 8159
f 8163 8159 8162
f 8164 8145 8144
f 8164 8144 8161
f 8164 8161 8160
f 8164 8160 8163
f 8165 8129 8128
f 8165 8130 8129
f 8165 8128 8139
f 8165 8162 8130
f 8166 8139 8138
f 8166 8163 8162
f 8166 8165 8139
f 8166 8162 8165
f 8167 8166 8138
f 8167 8137 8136
f 8167 8138 8137
f 8167 8146 8145
f 8167 8136 8146
f 8167 8163 8166
f 8167 8145 8164
f 8167 8164 8163
f 8192 8182 8181
f 8192 8181 8191
f 8193 8183 8182
f 8193 8182 8192
f 8194 8174 8173
f 8194 8184 8183
f 8194 8173 8184
f 8194 8183 8193
f 8195 8191 8190
f 8195 8192 8191
f 8196 8193 8192
f 8196 8192 8195
f 8197 8175 8174
f 8197 8194 8193
f 8197 8193 8196
f 8197 8174 8194
f 8198 8190 8189
f 8198 8195 8190
f 8199 8196 8195
f 8199 8195 8198
f 8200 8176 8175
f 8200 8197 8196
f 8200 8196 8199
f 8200 8175 8197
f 8201 8189 8188
f 8201 8198 8189
f 8202 8198 8201
f 8202 8199 8198
f 8203 8177 8176
f 8203 8176 8200
f 8203 8200 8199
f 8203 8199 8202
f 8204 8188 8187
f 8204 8201 8188
f 8205 8202 8201
f 8205 8201 8204
f 8206 8178 8177
f 8206 8202 8205
f 8206 8177 8203
f 8206 8203 8202
f 8207 8187 8186
f 8207 8204 8187
f 8208 8205 8204
f 8208 8204 8207
f 8209 8179 8178
f 8209 8178 8206
f 8209 8206 8205
f 8209 8205 8208
f 8210 8168 8169
f 8210 8185 8168
f 8210 8186 8185
f 8210 8207 8186
f 8211 8207 8210
f 8211 8169 8170
f 8211 8208 8207
f 8211 8210 8169
f 8212 8170 8171
f 8212 8171 8172
f 8212 8208 8211
f 8212 8180 8179
f 8212 8172 8180
f 8212 8211 8170
f 8212 8179 8209
f 8212 8209 8208
f 8221 8213 8214
f 8221 8222 8213
f 8220 8214 8215
f 8220 8215 8216
f 8220 8221 8214
f 8219 8216 8217
f 8219 8220 8216
f 8218 8219 8217
f 8230 8227 8226
f 8230 8229 8227
f 8231 8226 8225
f 8231 8230 8226
f 8232 8224 8223
f 8232 8225 8224
f 8232 8231 8225
f 8228 8232 8223
f 8249 8239 8238
f 8257 8236 8237
f 8257 8237 8245
f 8258 8235 8236
f 8258 8236 8257
f 8259 8233 8234
f 8259 8234 8235
f 8259 8250 8233
f 8259 8235 8258
f 8260 8245 8244
f 8260 8257 8245
f 8261 8257 8260
f 8261 8258 8257
f 8262 8251 8250
f 8262 8258 8261
f 8262 8250 8259
f 8262 8259 8258
f 8263 8244 8243
f 8263 8260 8244
f 8264 8261 8260
f 8264 8260 8263
f 8265 8252 8251
f 8265 8262 8261
f 8265 8251 8262
f 8265 8261 8264
f 8266 8243 8242
f 8266 8263 8243
f 8267 8263 8266
f 8267 8264 8263
f 8268 8253 8252
f 8268 8265 8264
f 8268 8252 8265
f 8268 8264 8267
f 8269 8242 8241
f 8269 8266 8242
f 8270 8267 8266
f 8270 8266 8269
f 8271 8254 8253
f 8271 8253 8268
f 8271 8268 8267
f 8271 8267 8270
f 8272 8241 8240
f 8272 8269 8241
f 8273 8270 8269
f 8273 8269 8272
f 8274 8255 8254
f 8274 8254 8271
f 8274 8271 8270
f 8274 8270 8273
f 8275 8240 8239
f 8275 8239 8249
f 8275 8272 8240
f 8276 8272 8275
f 8276 8248 8247
f 8276 8249 8248
f 8276 8273 8272
f 8276 8275 8249
f 8277 8273 8276
f 8277 8247 8246
f 8277 8256 8255
f 8277 8246 8256
f 8277 8276 8247
f 8277 8255 8274
f 8277 8274 8273
f 8279 8295 8278
f 8302 8292 8291
f 8302 8291 8301
f 8303 8293 8292
f 8303 8292 8302
f 8304 8284 8283
f 8304 8294 8293
f 8304 8283 8294
f 8304 8293 8303
f 8305 8301 8300
f 8305 8302 8301
f 8306 8303 8302
f 8306 8302 8305
f 8307 8285 8284
f 8307 8304 8303
f 8307 8303 8306
f 8307 8284 8304
f 8308 8300 8299
f 8308 8305 8300
f 8309 8306 8305
f 8309 8305 8308
f 8310 8286 8285
f 8310 8307 8306
f 8310 8306 8309
f 8310 8285 8307
f 8311 8299 8298
f 8311 8308 8299
f 8312 8308 8311
f 8312 8309 8308
f 8313 8287 8286
f 8313 8286 8310
f 8313 8310 8309
f 8313 8309 8312
f 8314 8298 8297
f 8314 8311 8298
f 8315 8312 8311
f 8315 8311 8314
f 8316 8288 8287
f 8316 8312 8315
f 8316 8287 8313
f 8316 8313 8312
f 8317 8297 8296
f 8317 8314 8297
f 8318 8315 8314
f 8318 8314 8317
f 8319 8289 8288
f 8319 8288 8316
f 8319 8316 8315
f 8319 8315 8318
f 8320 8296 8295
f 8320 8317 8296
f 8320 8295 8279
f 8321 8317 8320
f 8321 8279 8280
f 8321 8318 8317
f 8321 8320 8279
f 8322 8280 8281
f 8322 8281 8282
f 8322 8318 8321
f 8322 8290 8289
f 8322 8282 8290
f 8322 8321 8280
f 8322 8289 8319
f 8322 8319 8318
f 8330 8323 8324
f 8330 8329 8323
f 8331 8324 8325
f 8331 8330 8324
f 8332 8325 8326
f 8332 8331 8325
f 8328 8326 8327
f 8328 8332 8326
f 8337 8338 8342
f 8336 8342 8341
f 8336 8337 8342
f 8335 8341 8340
f 8335 8336 8341
f 8334 8340 8339
f 8334 8335 8340
f 8333 8334 8339
f 8356 8366 8357
f 8367 8346 8347
f 8367 8347 8355
f 8368 8345 8346
f 8368 8346 8367
f 8369 8343 8344
f 8369 8344 8345
f 8369 8360 8343
f 8369 8345 8368
f 8370 8355 8354
f 8370 8367 8355
f 8371 8367 8370
f 8371 8368 8367
f 8372 8361 8360
f 8372 8368 8371
f 8372 8360 8369
f 8372 8369 8368
f 8373 8354 8353
f 8373 8370 8354
f 8374 8370 8373
f 8374 8371 8370
f 8375 8362 8361
f 8375 8372 8371
f 8375 8371 8374
f 8375 8361 8372
f 8376 8353 8352
f 8376 8373 8353
f 8377 8373 8376
f 8377 8374 8373
f 8378 8363 8362
f 8378 8362 8375
f 8378 8375 8374
f 8378 8374 8377
f 8379 8352 8351
f 8379 8376 8352
f 8380 8377 8376
f 8380 8376 8379
f 8381 8364 8363
f 8381 8363 8378
f 8381 8377 8380
f 8381 8378 8377
f 8382 8351 8350
f 8382 8379 8351
f 8382 8380 8379
f 8383 8380 8382
f 8384 8365 8364
f 8384 8364 8381
f 8384 8381 8380
f 8384 8380 8383
f 8385 8349 8348
f 8385 8350 8349
f 8385 8348 8359
f 8385 8382 8350
f 8386 8382 8385
f 8386 8359 8358
f 8386 8385 8359
f 8386 8383 8382
f 8387 8383 8386
f 8387 8358 8357
f 8387 8366 8365
f 8387 8365 8384
f 8387 8386 8358
f 8387 8357 8366
f 8387 8384 8383
f 8412 8402 8401
f 8412 8401 8411
f 8413 8403 8402
f 8413 8404 8403
f 8413 8402 8412
f 8414 8394 8393
f 8414 8393 8404
f 8414 8404 8413
f 8415 8411 8410
f 8415 8412 8411
f 8416 8412 8415
f 8416 8413 8412
f 8417 8395 8394
f 8417 8414 8413
f 8417 8413 8416
f 8417 8394 8414
f 8418 8410 8409
f 8418 8415 8410
f 8419 8415 8418
f 8419 8416 8415
f 8420 8396 8395
f 8420 8417 8416
f 8420 8416 8419
f 8420 8395 8417
f 8421 8409 8408
f 8421 8418 8409
f 8422 8419 8418
f 8422 8418 8421
f 8423 8397 8396
f 8423 8420 8419
f 8423 8396 8420
f 8423 8419 8422
f 8424 8408 8407
f 8424 8421 8408
f 8425 8422 8421
f 8425 8421 8424
f 8426 8398 8397
f 8426 8397 8423
f 8426 8423 8422
f 8426 8422 8425
f 8427 8407 8406
f 8427 8424 8407
f 8427 8425 8424
f 8428 8425 8427
f 8429 8399 8398
f 8429 8398 8426
f 8429 8426 8425
f 8429 8425 8428
f 8430 8388 8389
f 8430 8405 8388
f 8430 8406 8405
f 8430 8427 8406
f 8431 8427 8430
f 8431 8389 8390
f 8431 8428 8427
f 8431 8430 8389
f 8432 8390 8391
f 8432 8391 8392
f 8432 8428 8431
f 8432 8400 8399
f 8432 8392 8400
f 8432 8431 8390
f 8432 8399 8429
f 8432 8429 8428
f 8441 8433 8434
f 8441 8442 8433
f 8440 8434 8435
f 8440 8441 8434
f 8439 8435 8436
f 8439 8436 8437
f 8439 8440 8435
f 8438 8439 8437
f 8474 8475 8476
f 8477 8471 8472
f 8477 8472 8473
f 8477 8473 8474
f 8477 8474 8476
f 8470 8471 8477
f 8469 8470 8477
f 8468 8469 8477
f 8467 8468 8477
f 8466 8467 8477
f 8462 8463 8464
f 8462 8464 8465
f 8460 8461 8462
f 8459 8460 8462
f 8457 8458 8459
f 8457 8465 8478
f 8457 8462 8465
f 8457 8459 8462
f 8479 8448 8447
f 8446 8479 8447
f 8445 8479 8446
f 8444 8479 8445
f 8443 8479 8444
f 8455 8456 8479
f 8449 8479 8443
f 8450 8479 8449
f 8454 8455 8479
f 8451 8479 8450
f 8453 8454 8479
f 8452 8479 8451
f 8452 8453 8479
f 8465 8466 8478
f 8477 8478 8466
f 8478 8479 8456
f 8478 8456 8457
f 8486 8481 8482
f 8486 8482 8483
f 8486 8483 8484
f 8486 8484 8485
f 8480 8481 8486
f 8516 8480 8486
f 8515 8516 8486
f 8514 8515 8486
f 8513 8514 8486
f 8512 8513 8486
f 8511 8512 8486
f 8510 8511 8486
f 8509 8510 8486
f 8496 8488 8495
f 8494 8495 8488
f 8497 8488 8496
f 8493 8494 8488
f 8492 8493 8488
f 8498 8488 8497
f 8491 8492 8488
f 8499 8488 8498
f 8489 8491 8488
f 8490 8491 8489
f 8508 8487 8500
f 8505 8506 8507
f 8505 8507 8508
f 8505 8508 8500
f 8504 8505 8500
f 8504 8500 8501
f 8504 8501 8502
f 8504 8502 8503
f 8486 8487 8508
f 8486 8508 8509
f 8487 8488 8499
f 8499 8500 8487
f 8519 8520 8521
f 8519 8521 8522
f 8529 8525 8526
f 8529 8526 8527
f 8529 8527 8528
f 8530 8522 8523
f 8530 8523 8524
f 8530 8524 8525
f 8530 8525 8529
f 8517 8518 8519
f 8517 8519 8522
f 8531 8522 8530
f 8531 8517 8522
f 8537 8538 8517
f 8534 8531 8532
f 8534 8532 8533
f 8535 8536 8537
f 8535 8517 8531
f 8535 8537 8517
f 8535 8531 8534
f 8555 8539 8540
f 8555 8556 8539
f 8554 8540 8541
f 8554 8555 8540
f 8553 8541 8542
f 8553 8554 8541
f 8552 8542 8543
f 8552 8553 8542
f 8551 8543 8544
f 8551 8552 8543
f 8550 8544 8545
f 8550 8551 8544
f 8549 8545 8546
f 8549 8550 8545
f 8548 8546 8547
f 8548 8549 8546
f 8559 8557 8558
f 8559 8560 8557
f 8577 8561 8562
f 8577 8578 8561
f 8576 8562 8563
f 8576 8577 8562
f 8575 8563 8564
f 8575 8576 8563
f 8574 8564 8565
f 8574 8575 8564
f 8573 8565 8566
f 8573 8574 8565
f 8572 8566 8567
f 8572 8573 8566
f 8571 8567 8568
f 8571 8572 8567
f 8570 8568 8569
f 8570 8571 8568
f 8586 8582 8583
f 8586 8583 8584
f 8586 8584 8585
f 8579 8580 8581
f 8579 8581 8582
f 8579 8586 8587
f 8579 8582 8586
f 8592 8593 8594
f 8592 8594 8595
f 8592 8595 8596
f 8592 8596 8597
f 8592 8597 8598
f 8592 8598 8599
f 8592 8599 8600
f 8592 8600 8579
f 8592 8579 8587
f 8590 8587 8588
f 8590 8592 8587
f 8591 8592 8590
f 8589 8590 8588
f 8641 8623 8624
f 8641 8624 8625
f 8641 8625 8626
f 8641 8626 8627
f 8640 8619 8620
f 8640 8620 8621
f 8640 8621 8622
f 8640 8622 8623
f 8640 8623 8641
f 8642 8641 8627
f 8639 8619 8640
f 8643 8642 8627
f 8638 8619 8639
f 8644 8643 8627
f 8637 8619 8638
f 8645 8627 8628
f 8645 8644 8627
f 8646 8645 8628
f 8647 8646 8628
f 8648 8647 8628
f 8649 8648 8628
f 8649 8628 8629
f 8649 8629 8630
f 8649 8630 8631
f 8632 8649 8631
f 8632 8650 8649
f 8633 8650 8632
f 8634 8650 8633
f 8635 8650 8634
f 8636 8650 8635
f 8636 8651 8650
f 8636 8652 8651
f 8636 8653 8652
f 8618 8619 8637
f 8654 8618 8637
f 8670 8618 8654
f 8669 8618 8670
f 8668 8614 8615
f 8668 8615 8616
f 8668 8616 8617
f 8668 8617 8618
f 8668 8618 8669
f 8667 8614 8668
f 8613 8614 8667
f 8612 8613 8667
f 8655 8653 8636
f 8611 8612 8667
f 8610 8664 8663
f 8610 8665 8664
f 8610 8666 8665
f 8610 8667 8666
f 8610 8611 8667
f 8609 8660 8659
f 8609 8661 8660
f 8609 8662 8661
f 8609 8663 8662
f 8609 8610 8663
f 8601 8656 8655
f 8601 8657 8656
f 8601 8658 8657
f 8601 8655 8636
f 8608 8609 8659
f 8602 8658 8601
f 8607 8608 8659
f 8603 8658 8602
f 8606 8607 8659
f 8604 8658 8603
f 8605 8606 8659
f 8605 8659 8658
f 8605 8658 8604
f 8681 8678 8677
f 8681 8680 8678
f 8682 8677 8676
f 8682 8681 8677
f 8683 8676 8675
f 8683 8682 8676
f 8684 8675 8674
f 8684 8683 8675
f 8685 8674 8673
f 8685 8684 8674
f 8686 8673 8672
f 8686 8685 8673
f 8679 8672 8671
f 8679 8686 8672
f 8703 8716 8704
f 8717 8693 8694
f 8717 8694 8702
f 8718 8692 8693
f 8718 8693 8717
f 8719 8691 8692
f 8719 8692 8718
f 8720 8690 8691
f 8720 8691 8719
f 8721 8689 8690
f 8721 8690 8720
f 8722 8687 8688
f 8722 8688 8689
f 8722 8710 8687
f 8722 8689 8721
f 8723 8702 8701
f 8723 8717 8702
f 8724 8717 8723
f 8724 8718 8717
f 8725 8718 8724
f 8725 8719 8718
f 8726 8720 8719
f 8726 8719 8725
f 8727 8720 8726
f 8727 8721 8720
f 8728 8711 8710
f 8728 8722 8721
f 8728 8721 8727
f 8728 8710 8722
f 8729 8701 8700
f 8729 8723 8701
f 8730 8724 8723
f 8730 8723 8729
f 8731 8725 8724
f 8731 8724 8730
f 8732 8726 8725
f 8732 8725 8731
f 8733 8726 8732
f 8733 8727 8726
f 8734 8727 8733
f 8734 8712 8711
f 8734 8728 8727
f 8734 8711 8728
f 8735 8700 8699
f 8735 8729 8700
f 8736 8729 8735
f 8736 8730 8729
f 8737 8730 8736
f 8737 8731 8730
f 8738 8731 8737
f 8738 8732 8731
f 8739 8732 8738
f 8739 8733 8732
f 8740 8734 8733
f 8740 8733 8739
f 8740 8713 8712
f 8740 8712 8734
f 8741 8699 8698
f 8741 8735 8699
f 8742 8735 8741
f 8742 8736 8735
f 8743 8736 8742
f 8743 8737 8736
f 8744 8738 8737
f 8744 8737 8743
f 8745 8739 8738
f 8745 8738 8744
f 8746 8740 8739
f 8746 8713 8740
f 8746 8714 8713
f 8746 8739 8745
f 8747 8698 8697
f 8747 8741 8698
f 8748 8741 8747
f 8748 8742 8741
f 8749 8743 8742
f 8749 8742 8748
f 8750 8744 8743
f 8750 8743 8749
f 8751 8745 8744
f 8751 8744 8750
f 8752 8715 8714
f 8752 8714 8746
f 8752 8746 8745
f 8752 8745 8751
f 8753 8696 8695
f 8753 8697 8696
f 8753 8695 8709
f 8753 8747 8697
f 8754 8709 8708
f 8754 8748 8747
f 8754 8747 8753
f 8754 8753 8709
f 8755 8708 8707
f 8755 8749 8748
f 8755 8754 8708
f 8755 8748 8754
f 8756 8707 8706
f 8756 8750 8749
f 8756 8749 8755
f 8756 8755 8707
f 8757 8705 8704
f 8757 8706 8705
f 8757 8751 8750
f 8757 8756 8706
f 8757 8750 8756
f 8758 8716 8715
f 8758 8757 8704
f 8758 8715 8752
f 8758 8752 8751
f 8758 8751 8757
f 8758 8704 8716
f 8766 8774 8765
f 8789 8776 8775
f 8789 8775 8788
f 8790 8777 8776
f 8790 8776 8789
f 8791 8778 8777
f 8791 8777 8790
f 8792 8779 8778
f 8792 8778 8791
f 8793 8780 8779
f 8793 8779 8792
f 8794 8768 8767
f 8794 8781 8780
f 8794 8767 8781
f 8794 8780 8793
f 8795 8788 8787
f 8795 8789 8788
f 8796 8790 8789
f 8796 8789 8795
f 8797 8791 8790
f 8797 8790 8796
f 8798 8792 8791
f 8798 8791 8797
f 8799 8792 8798
f 8799 8793 8792
f 8800 8769 8768
f 8800 8768 8794
f 8800 8793 8799
f 8800 8794 8793
f 8801 8787 8786
f 8801 8795 8787
f 8802 8796 8795
f 8802 8795 8801
f 8803 8797 8796
f 8803 8796 8802
f 8804 8798 8797
f 8804 8797 8803
f 8805 8798 8804
f 8805 8799 8798
f 8806 8799 8805
f 8806 8770 8769
f 8806 8769 8800
f 8806 8800 8799
f 8807 8786 8785
f 8807 8801 8786
f 8808 8801 8807
f 8808 8802 8801
f 8809 8802 8808
f 8809 8803 8802
f 8810 8803 8809
f 8810 8804 8803
f 8811 8804 8810
f 8811 8805 8804
f 8812 8806 8805
f 8812 8771 8770
f 8812 8805 8811
f 8812 8770 8806
f 8813 8785 8784
f 8813 8807 8785
f 8814 8808 8807
f 8814 8807 8813
f 8815 8809 8808
f 8815 8808 8814
f 8816 8810 8809
f 8816 8809 8815
f 8817 8811 8810
f 8817 8810 8816
f 8818 8771 8812
f 8818 8772 8771
f 8818 8812 8811
f 8818 8811 8817
f 8819 8784 8783
f 8819 8813 8784
f 8819 8814 8813
f 8820 8814 8819
f 8821 8815 8814
f 8821 8814 8820
f 8822 8816 8815
f 8822 8815 8821
f 8823 8816 8822
f 8823 8817 8816
f 8824 8773 8772
f 8824 8772 8818
f 8824 8818 8817
f 8824 8817 8823
f 8825 8759 8760
f 8825 8782 8759
f 8825 8783 8782
f 8825 8819 8783
f 8826 8760 8761
f 8826 8761 8762
f 8826 8820 8819
f 8826 8825 8760
f 8826 8819 8825
f 8827 8820 8826
f 8827 8821 8820
f 8827 8826 8762
f 8828 8762 8763
f 8828 8763 8764
f 8828 8822 8821
f 8828 8827 8762
f 8828 8821 8827
f 8829 8823 8822
f 8829 8828 8764
f 8829 8822 8828
f 8830 8764 8765
f 8830 8774 8773
f 8830 8773 8824
f 8830 8824 8823
f 8830 8829 8764
f 8830 8823 8829
f 8830 8765 8774
f 8841 8831 8832
f 8841 8840 8831
f 8842 8832 8833
f 8842 8833 8834
f 8842 8841 8832
f 8843 8834 8835
f 8843 8842 8834
f 8844 8835 8836
f 8844 8843 8835
f 8845 8836 8837
f 8845 8844 8836
f 8846 8845 8837
f 8839 8837 8838
f 8839 8846 8837
f 8854 8855 8862
f 8853 8862 8861
f 8853 8854 8862
f 8852 8861 8860
f 8852 8853 8861
f 8851 8860 8859
f 8851 8852 8860
f 8850 8859 8858
f 8850 8851 8859
f 8849 8858 8857
f 8849 8850 8858
f 8848 8857 8856
f 8848 8849 8857
f 8847 8848 8856
f 8893 8869 8870
f 8893 8870 8878
f 8894 8868 8869
f 8894 8869 8893
f 8895 8867 8868
f 8895 8868 8894
f 8896 8866 8867
f 8896 8867 8895
f 8897 8865 8866
f 8897 8866 8896
f 8898 8863 8864
f 8898 8864 8865
f 8898 8886 8863
f 8898 8865 8897
f 8899 8878 8877
f 8899 8893 8878
f 8900 8893 8899
f 8900 8894 8893
f 8901 8894 8900
f 8901 8895 8894
f 8902 8896 8895
f 8902 8895 8901
f 8903 8896 8902
f 8903 8897 8896
f 8904 8887 8886
f 8904 8898 8897
f 8904 8886 8898
f 8904 8897 8903
f 8905 8877 8876
f 8905 8899 8877
f 8906 8899 8905
f 8906 8900 8899
f 8907 8901 8900
f 8907 8900 8906
f 8908 8902 8901
f 8908 8901 8907
f 8909 8903 8902
f 8909 8902 8908
f 8910 8903 8909
f 8910 8888 8887
f 8910 8887 8904
f 8910 8904 8903
f 8911 8876 8875
f 8911 8905 8876
f 8912 8905 8911
f 8912 8906 8905
f 8913 8907 8906
f 8913 8906 8912
f 8914 8908 8907
f 8914 8907 8913
f 8915 8909 8908
f 8915 8908 8914
f 8916 8910 8909
f 8916 8888 8910
f 8916 8909 8915
f 8916 8889 8888
f 8917 8875 8874
f 8917 8911 8875
f 8918 8912 8911
f 8918 8911 8917
f 8919 8913 8912
f 8919 8912 8918
f 8920 8914 8913
f 8920 8913 8919
f 8921 8915 8914
f 8921 8914 8920
f 8922 8916 8915
f 8922 8890 8889
f 8922 8889 8916
f 8922 8915 8921
f 8923 8874 8873
f 8923 8917 8874
f 8923 8918 8917
f 8924 8918 8923
f 8925 8919 8918
f 8925 8918 8924
f 8926 8920 8919
f 8926 8919 8925
f 8927 8921 8920
f 8927 8920 8926
f 8928 8890 8922
f 8928 8891 8890
f 8928 8921 8927
f 8928 8922 8921
f 8929 8872 8871
f 8929 8873 8872
f 8929 8871 8885
f 8929 8923 8873
f 8930 8885 8884
f 8930 8924 8923
f 8930 8923 8929
f 8930 8929 8885
f 8931 8884 8883
f 8931 8925 8924
f 8931 8930 8884
f 8931 8924 8930
f 8932 8883 8882
f 8932 8926 8925
f 8932 8925 8931
f 8932 8931 8883
f 8933 8881 8880
f 8933 8882 8881
f 8933 8926 8932
f 8933 8927 8926
f 8933 8932 8882
f 8934 8880 8879
f 8934 8892 8891
f 8934 8879 8892
f 8934 8891 8928
f 8934 8928 8927
f 8934 8933 8880
f 8934 8927 8933
f 8965 8952 8951
f 8965 8951 8964
f 8966 8953 8952
f 8966 8952 8965
f 8967 8954 8953
f 8967 8953 8966
f 8968 8955 8954
f 8968 8954 8967
f 8969 8956 8955
f 8969 8955 8968
f 8970 8944 8943
f 8970 8957 8956
f 8970 8943 8957
f 8970 8956 8969
f 8971 8964 8963
f 8971 8965 8964
f 8972 8966 8965
f 8972 8965 8971
f 8973 8967 8966
f 8973 8966 8972
f 8974 8968 8967
f 8974 8967 8973
f 8975 8968 8974
f 8975 8969 8968
f 8976 8945 8944
f 8976 8944 8970
f 8976 8969 8975
f 8976 8970 8969
f 8977 8963 8962
f 8977 8971 8963
f 8978 8972 8971
f 8978 8971 8977
f 8979 8973 8972
f 8979 8972 8978
f 8980 8974 8973
f 8980 8973 8979
f 8981 8974 8980
f 8981 8975 8974
f 8982 8975 8981
f 8982 8946 8945
f 8982 8945 8976
f 8982 8976 8975
f 8983 8962 8961
f 8983 8977 8962
f 8984 8977 8983
f 8984 8978 8977
f 8985 8978 8984
f 8985 8979 8978
f 8986 8979 8985
f 8986 8980 8979
f 8987 8980 8986
f 8987 8981 8980
f 8988 8982 8981
f 8988 8947 8946
f 8988 8981 8987
f 8988 8946 8982
f 8989 8961 8960
f 8989 8983 8961
f 8990 8984 8983
f 8990 8983 8989
f 8991 8985 8984
f 8991 8984 8990
f 8992 8986 8985
f 8992 8985 8991
f 8993 8986 8992
f 8993 8987 8986
f 8994 8947 8988
f 8994 8948 8947
f 8994 8988 8987
f 8994 8987 8993
f 8995 8960 8959
f 8995 8989 8960
f 8996 8990 8989
f 8996 8989 8995
f 8997 8991 8990
f 8997 8990 8996
f 8998 8992 8991
f 8998 8991 8997
f 8999 8993 8992
f 8999 8992 8998
f 9000 8949 8948
f 9000 8948 8994
f 9000 8994 8993
f 9000 8993 8999
f 9001 8935 8936
f 9001 8958 8935
f 9001 8959 8958
f 9001 8995 8959
f 9002 8936 8937
f 9002 8937 8938
f 9002 8996 8995
f 9002 9001 8936
f 9002 8995 9001
f 9003 8938 8939
f 9003 8996 9002
f 9003 8997 8996
f 9003 9002 8938
f 9004 8998 8997
f 9004 9003 8939
f 9004 8997 9003
f 9005 8939 8940
f 9005 8999 8998
f 9005 9000 8999
f 9005 9004 8939
f 9005 8998 9004
f 9006 8940 8941
f 9006 8941 8942
f 9006 8950 8949
f 9006 8942 8950
f 9006 9005 8940
f 9006 8949 9000
f 9006 9000 9005
f 9022 9007 9008
f 9021 9008 9009
f 9021 9022 9008
f 9020 9009 9010
f 9020 9021 9009
f 9019 9010 9011
f 9019 9020 9010
f 9018 9011 9012
f 9018 9019 9011
f 9017 9012 9013
f 9017 9018 9012
f 9016 9013 9014
f 9016 9017 9013
f 9015 9016 9014
f 9058 9024 9056
f 9040 9024 9058
f 9042 9024 9040
f 9044 9024 9042
f 9046 9024 9044
f 9052 9024 9046
f 9026 9056 9024
f 9055 9056 9026
f 9054 9024 9052
f 9057 9055 9026
f 9039 9058 9057
f 9039 9040 9058
f 9041 9044 9042
f 9043 9044 9041
f 9045 9052 9046
f 9051 9052 9045
f 9023 9032 9034
f 9023 9036 9038
f 9023 9048 9050
f 9023 9024 9054
f 9023 9054 9032
f 9023 9034 9036
f 9023 9038 9048
f 9023 9050 9028
f 9031 9054 9053
f 9031 9032 9054
f 9030 9023 9028
f 9035 9034 9033
f 9035 9036 9034
f 9047 9038 9037
f 9047 9048 9038
f 9049 9028 9050
f 9027 9028 9049
f 9025 9029 9027
f 9025 9030 9029
f 9025 9023 9030
f 9025 9027 9026
f 9027 9049 9026
f 9049 9047 9026
f 9047 9037 9026
f 9037 9035 9026
f 9035 9033 9026
f 9033 9031 9026
f 9031 9053 9026
f 9053 9051 9026
f 9051 9045 9026
f 9045 9043 9026
f 9043 9041 9026
f 9041 9039 9026
f 9039 9057 9026
f 9092 9060 9059
f 9092 9059 9061
f 9091 9061 9062
f 9091 9092 9061
f 9090 9062 9063
f 9090 9091 9062
f 9089 9063 9064
f 9089 9090 9063
f 9088 9064 9065
f 9088 9089 9064
f 9087 9065 9066
f 9087 9066 9067
f 9087 9088 9065
f 9086 9087 9067
f 9085 9067 9068
f 9085 9086 9067
f 9084 9068 9069
f 9084 9085 9068
f 9083 9069 9070
f 9083 9070 9071
f 9083 9084 9069
f 9082 9083 9071
f 9081 9071 9072
f 9081 9072 9073
f 9081 9082 9071
f 9080 9081 9073
f 9079 9073 9074
f 9079 9074 9075
f 9079 9080 9073
f 9078 9079 9075
f 9077 9075 9076
f 9077 9078 9075
f 9126 9094 9093
f 9126 9093 9095
f 9125 9095 9096
f 9125 9126 9095
f 9124 9096 9097
f 9124 9125 9096
f 9123 9097 9098
f 9123 9124 9097
f 9122 9098 9099
f 9122 9123 9098
f 9121 9099 9100
f 9121 9122 9099
f 9120 9100 9101
f 9120 9121 9100
f 9119 9101 9102
f 9119 9120 9101
f 9118 9102 9103
f 9118 9119 9102
f 9117 9103 9104
f 9117 9118 9103
f 9116 9104 9105
f 9116 9117 9104
f 9115 9105 9106
f 9115 9116 9105
f 9114 9106 9107
f 9114 9115 9106
f 9113 9107 9108
f 9113 9114 9107
f 9112 9108 9109
f 9112 9113 9108
f 9111 9109 9110
f 9111 9112 9109
f 9143 9144 9145
f 9143 9145 9146
f 9143 9146 9147
f 9143 9147 9148
f 9143 9148 9149
f 9143 9149 9150
f 9143 9150 9151
f 9143 9151 9152
f 9143 9152 9153
f 9143 9153 9154
f 9143 9154 9155
f 9143 9155 9156
f 9143 9156 9142
f 9130 9128 9129
f 9132 9130 9131
f 9141 9127 9128
f 9141 9142 9127
f 9141 9143 9142
f 9134 9132 9133
f 9140 9141 9128
f 9138 9139 9140
f 9137 9134 9135
f 9137 9135 9136
f 9137 9132 9134
f 9137 9128 9130
f 9137 9130 9132
f 9137 9140 9128
f 9137 9138 9140
f 9158 9157 9179
f 9188 9165 9164
f 9187 9167 9166
f 9180 9202 9181
f 9203 9179 9178
f 9203 9158 9179
f 9204 9159 9158
f 9204 9158 9203
f 9205 9178 9177
f 9205 9203 9178
f 9206 9160 9159
f 9206 9159 9204
f 9207 9203 9205
f 9207 9204 9203
f 9208 9177 9176
f 9208 9205 9177
f 9209 9161 9160
f 9209 9160 9206
f 9210 9204 9207
f 9210 9206 9204
f 9211 9207 9205
f 9211 9205 9208
f 9212 9176 9175
f 9212 9208 9176
f 9213 9162 9161
f 9213 9161 9209
f 9214 9209 9206
f 9214 9206 9210
f 9215 9207 9211
f 9215 9210 9207
f 9216 9211 9208
f 9216 9208 9212
f 9217 9175 9174
f 9217 9212 9175
f 9218 9163 9162
f 9218 9162 9213
f 9219 9209 9214
f 9219 9213 9209
f 9220 9214 9210
f 9220 9210 9215
f 9221 9211 9216
f 9221 9215 9211
f 9222 9216 9212
f 9222 9212 9217
f 9223 9173 9172
f 9223 9174 9173
f 9223 9217 9174
f 9224 9164 9163
f 9224 9163 9218
f 9224 9189 9188
f 9224 9188 9164
f 9225 9218 9213
f 9225 9213 9219
f 9226 9219 9214
f 9226 9214 9220
f 9227 9215 9221
f 9227 9220 9215
f 9228 9216 9222
f 9228 9221 9216
f 9229 9222 9217
f 9229 9217 9223
f 9230 9172 9171
f 9230 9223 9172
f 9231 9190 9189
f 9231 9189 9224
f 9231 9218 9225
f 9231 9224 9218
f 9232 9219 9226
f 9232 9225 9219
f 9233 9220 9227
f 9233 9226 9220
f 9234 9227 9221
f 9234 9221 9228
f 9235 9222 9229
f 9235 9228 9222
f 9236 9229 9223
f 9236 9223 9230
f 9237 9171 9170
f 9237 9230 9171
f 9238 9191 9190
f 9238 9192 9191
f 9238 9190 9231
f 9238 9231 9225
f 9238 9225 9232
f 9239 9232 9226
f 9239 9226 9233
f 9240 9233 9227
f 9240 9227 9234
f 9241 9234 9228
f 9241 9228 9235
f 9242 9235 9229
f 9242 9229 9236
f 9243 9236 9230
f 9243 9230 9237
f 9244 9170 9169
f 9244 9237 9170
f 9245 9193 9192
f 9245 9192 9238
f 9245 9238 9232
f 9245 9232 9239
f 9246 9233 9240
f 9246 9239 9233
f 9247 9234 9241
f 9247 9240 9234
f 9248 9241 9235
f 9248 9235 9242
f 9249 9242 9236
f 9249 9236 9243
f 9250 9237 9244
f 9250 9243 9237
f 9251 9169 9168
f 9251 9244 9169
f 9252 9245 9239
f 9252 9194 9193
f 9252 9193 9245
f 9252 9239 9246
f 9253 9246 9240
f 9253 9240 9247
f 9254 9241 9248
f 9254 9247 9241
f 9255 9248 9242
f 9255 9242 9249
f 9256 9249 9243
f 9256 9243 9250
f 9257 9250 9244
f 9257 9244 9251
f 9258 9167 9187
f 9258 9168 9167
f 9258 9251 9168
f 9259 9246 9253
f 9259 9194 9252
f 9259 9195 9194
f 9259 9196 9195
f 9259 9252 9246
f 9260 9253 9247
f 9260 9247 9254
f 9261 9254 9248
f 9261 9248 9255
f 9262 9249 9256
f 9262 9255 9249
f 9263 9256 9250
f 9263 9250 9257
f 9264 9187 9186
f 9264 9258 9187
f 9264 9257 9251
f 9264 9251 9258
f 9265 9259 9253
f 9265 9197 9196
f 9265 9196 9259
f 9265 9253 9260
f 9266 9260 9254
f 9266 9254 9261
f 9267 9261 9255
f 9267 9255 9262
f 9268 9262 9256
f 9268 9256 9263
f 9269 9186 9185
f 9269 9264 9186
f 9269 9263 9257
f 9269 9257 9264
f 9269 9268 9263
f 9270 9260 9266
f 9270 9197 9265
f 9270 9198 9197
f 9270 9265 9260
f 9271 9266 9261
f 9271 9261 9267
f 9272 9267 9262
f 9272 9262 9268
f 9273 9185 9184
f 9273 9268 9269
f 9273 9269 9185
f 9274 9199 9198
f 9274 9200 9199
f 9274 9270 9266
f 9274 9198 9270
f 9274 9266 9271
f 9275 9271 9267
f 9275 9267 9272
f 9276 9183 9182
f 9276 9184 9183
f 9276 9272 9268
f 9276 9275 9272
f 9276 9273 9184
f 9276 9268 9273
f 9277 9200 9274
f 9277 9271 9275
f 9277 9201 9200
f 9277 9274 9271
f 9278 9275 9276
f 9278 9276 9182
f 9279 9201 9277
f 9279 9278 9182
f 9279 9182 9181
f 9279 9275 9278
f 9279 9181 9202
f 9279 9202 9201
f 9279 9277 9275
f 9291 9280 9281
f 9291 9290 9280
f 9292 9281 9282
f 9292 9282 9283
f 9292 9291 9281
f 9293 9292 9283
f 9294 9283 9284
f 9294 9284 9285
f 9294 9293 9283
f 9295 9285 9286
f 9295 9294 9285
f 9296 9295 9286
f 9297 9286 9287
f 9297 9296 9286
f 9289 9287 9288
f 9289 9297 9287
f 9305 9306 9307
f 9305 9307 9315
f 9304 9315 9314
f 9304 9305 9315
f 9303 9314 9313
f 9303 9304 9314
f 9302 9312 9311
f 9302 9313 9312
f 9302 9303 9313
f 9301 9302 9311
f 9300 9311 9310
f 9300 9301 9311
f 9299 9310 9309
f 9299 9300 9310
f 9298 9309 9308
f 9298 9299 9309
f 9323 9324 9338
f 9347 9316 9317
f 9339 9326 9325
f 9346 9361 9345
f 9362 9338 9337
f 9362 9323 9338
f 9363 9322 9323
f 9363 9323 9362
f 9364 9337 9336
f 9364 9362 9337
f 9365 9321 9322
f 9365 9322 9363
f 9366 9362 9364
f 9366 9363 9362
f 9367 9364 9336
f 9367 9336 9335
f 9368 9320 9321
f 9368 9321 9365
f 9369 9363 9366
f 9369 9365 9363
f 9370 9366 9364
f 9370 9364 9367
f 9371 9335 9334
f 9371 9367 9335
f 9372 9319 9320
f 9372 9320 9368
f 9373 9365 9369
f 9373 9368 9365
f 9374 9366 9370
f 9374 9369 9366
f 9375 9370 9367
f 9375 9367 9371
f 9376 9334 9333
f 9376 9371 9334
f 9377 9318 9319
f 9377 9319 9372
f 9378 9372 9368
f 9378 9368 9373
f 9379 9373 9369
f 9379 9369 9374
f 9380 9370 9375
f 9380 9374 9370
f 9381 9375 9371
f 9381 9371 9376
f 9382 9376 9333
f 9382 9332 9331
f 9382 9333 9332
f 9383 9317 9318
f 9383 9348 9347
f 9383 9347 9317
f 9383 9318 9377
f 9384 9377 9372
f 9384 9372 9378
f 9385 9373 9379
f 9385 9378 9373
f 9386 9374 9380
f 9386 9379 9374
f 9387 9375 9381
f 9387 9380 9375
f 9388 9376 9382
f 9388 9381 9376
f 9389 9331 9330
f 9389 9382 9331
f 9390 9348 9383
f 9390 9349 9348
f 9390 9377 9384
f 9390 9383 9377
f 9391 9378 9385
f 9391 9384 9378
f 9392 9385 9379
f 9392 9379 9386
f 9393 9380 9387
f 9393 9386 9380
f 9394 9387 9381
f 9394 9381 9388
f 9395 9388 9382
f 9395 9382 9389
f 9396 9330 9329
f 9396 9389 9330
f 9397 9350 9349
f 9397 9351 9350
f 9397 9390 9384
f 9397 9384 9391
f 9397 9349 9390
f 9398 9391 9385
f 9398 9385 9392
f 9399 9392 9386
f 9399 9386 9393
f 9400 9387 9394
f 9400 9393 9387
f 9401 9394 9388
f 9401 9388 9395
f 9402 9395 9389
f 9402 9389 9396
f 9403 9329 9328
f 9403 9396 9329
f 9404 9352 9351
f 9404 9351 9397
f 9404 9391 9398
f 9404 9397 9391
f 9405 9398 9392
f 9405 9392 9399
f 9406 9399 9393
f 9406 9393 9400
f 9407 9394 9401
f 9407 9400 9394
f 9408 9401 9395
f 9408 9395 9402
f 9409 9402 9396
f 9409 9396 9403
f 9410 9328 9327
f 9410 9403 9328
f 9411 9404 9398
f 9411 9353 9352
f 9411 9352 9404
f 9411 9398 9405
f 9412 9405 9399
f 9412 9399 9406
f 9413 9406 9400
f 9413 9400 9407
f 9414 9401 9408
f 9414 9407 9401
f 9415 9408 9402
f 9415 9402 9409
f 9416 9409 9403
f 9416 9403 9410
f 9417 9326 9339
f 9417 9327 9326
f 9417 9410 9327
f 9418 9411 9405
f 9418 9354 9353
f 9418 9355 9354
f 9418 9405 9412
f 9418 9353 9411
f 9419 9406 9413
f 9419 9412 9406
f 9420 9413 9407
f 9420 9407 9414
f 9421 9414 9408
f 9421 9408 9415
f 9422 9415 9409
f 9422 9409 9416
f 9423 9339 9340
f 9423 9416 9410
f 9423 9410 9417
f 9423 9417 9339
f 9424 9356 9355
f 9424 9412 9419
f 9424 9355 9418
f 9424 9418 9412
f 9425 9419 9413
f 9425 9413 9420
f 9426 9414 9421
f 9426 9420 9414
f 9427 9421 9415
f 9427 9415 9422
f 9428 9340 9341
f 9428 9341 9342
f 9428 9423 9340
f 9428 9422 9416
f 9428 9416 9423
f 9429 9356 9424
f 9429 9357 9356
f 9429 9424 9419
f 9429 9419 9425
f 9430 9425 9420
f 9430 9420 9426
f 9431 9426 9421
f 9431 9421 9427
f 9432 9428 9342
f 9432 9427 9422
f 9432 9422 9428
f 9433 9358 9357
f 9433 9359 9358
f 9433 9357 9429
f 9433 9425 9430
f 9433 9429 9425
f 9434 9426 9431
f 9434 9430 9426
f 9435 9342 9343
f 9435 9432 9342
f 9435 9431 9427
f 9435 9427 9432
f 9436 9433 9430
f 9436 9430 9434
f 9436 9360 9359
f 9436 9359 9433
f 9437 9434 9431
f 9437 9343 9344
f 9437 9435 9343
f 9437 9431 9435
f 9438 9436 9434
f 9438 9360 9436
f 9438 9344 9345
f 9438 9345 9361
f 9438 9361 9360
f 9438 9434 9437
f 9438 9437 9344
f 9442 9439 9440
f 9442 9441 9439
f 9444 9445 9443
f 9444 9446 9445
f 9448 9449 9447
f 9448 9450 9449
f 9456 9454 9453
f 9456 9455 9454
f 9452 9453 9451
f 9452 9456 9453
f 9457 9462 9461
f 9458 9461 9460
f 9458 9457 9461
f 9459 9458 9460
f 9464 9465 9463
f 9464 9466 9465
f 9468 9469 9467
f 9468 9470 9469
f 9479 9480 9481
f 9478 9481 9482
f 9478 9479 9481
f 9477 9482 9483
f 9477 9478 9482
f 9476 9483 9484
f 9476 9477 9483
f 9475 9484 9485
f 9475 9476 9484
f 9474 9485 9486
f 9474 9475 9485
f 9473 9474 9486
f 9472 9486 9487
f 9472 9473 9486
f 9471 9487 9488
f 9471 9472 9487
f 9492 9490 9489
f 9492 9491 9490
f 9496 9493 9494
f 9496 9495 9493
f 9504 9505 9506
f 9504 9506 9507
f 9503 9507 9508
f 9503 9504 9507
f 9502 9508 9509
f 9502 9503 9508
f 9501 9509 9510
f 9501 9502 9509
f 9500 9510 9511
f 9500 9501 9510
f 9499 9511 9512
f 9499 9500 9511
f 9498 9512 9513
f 9498 9499 9512
f 9497 9513 9514
f 9497 9498 9513
f 9576 9515 9578
f 9576 9578 9579
f 9576 9579 9580
f 9576 9580 9581
f 9576 9581 9582
f 9576 9582 9583
f 9576 9583 9584
f 9576 9584 9577
f 9575 9515 9576
f 9526 9516 9515
f 9526 9517 9516
f 9526 9518 9517
f 9526 9519 9518
f 9526 9520 9519
f 9526 9573 9572
f 9526 9574 9573
f 9526 9575 9574
f 9526 9515 9575
f 9521 9520 9526
f 9522 9521 9526
f 9523 9522 9526
f 9524 9523 9526
f 9525 9524 9526
f 9527 9565 9564
f 9527 9566 9565
f 9527 9567 9566
f 9527 9568 9567
f 9527 9569 9568
f 9527 9570 9569
f 9527 9571 9570
f 9527 9572 9571
f 9527 9526 9572
f 9530 9527 9564
f 9530 9556 9555
f 9530 9557 9556
f 9530 9558 9557
f 9530 9559 9558
f 9530 9560 9559
f 9530 9561 9560
f 9530 9562 9561
f 9530 9563 9562
f 9530 9564 9563
f 9544 9551 9543
f 9545 9551 9544
f 9546 9551 9545
f 9529 9528 9527
f 9529 9527 9530
f 9547 9551 9546
f 9548 9551 9547
f 9549 9551 9548
f 9550 9551 9549
f 9542 9552 9551
f 9542 9551 9550
f 9531 9553 9552
f 9531 9554 9553
f 9531 9530 9555
f 9531 9555 9554
f 9531 9552 9542
f 9541 9531 9542
f 9533 9532 9531
f 9540 9531 9541
f 9534 9533 9531
f 9539 9531 9540
f 9535 9534 9531
f 9538 9531 9539
f 9536 9535 9531
f 9537 9531 9538
f 9537 9536 9531
f 9617 9607 9606
f 9616 9608 9607
f 9616 9607 9617
f 9618 9605 9604
f 9618 9606 9605
f 9618 9617 9606
f 9615 9609 9608
f 9615 9610 9609
f 9615 9608 9616
f 9619 9618 9604
f 9614 9611 9610
f 9614 9610 9615
f 9620 9619 9604
f 9613 9603 9611
f 9613 9611 9614
f 9612 9620 9604
f 9595 9603 9613
f 9593 9596 9595
f 9593 9595 9613
f 9592 9597 9596
f 9592 9596 9593
f 9591 9598 9597
f 9591 9597 9592
f 9599 9598 9591
f 9590 9599 9591
f 9600 9599 9590
f 9589 9600 9590
f 9601 9600 9589
f 9588 9601 9589
f 9602 9601 9588
f 9594 9602 9588
f 9594 9588 9587
f 9586 9594 9587
f 9585 9594 9586
f 9623 9622 9621
f 9634 9623 9624
f 9634 9633 9641
f 9634 9641 9622
f 9634 9622 9623
f 9635 9624 9625
f 9635 9634 9624
f 9636 9625 9626
f 9636 9635 9625
f 9637 9626 9627
f 9637 9636 9626
f 9638 9637 9627
f 9639 9627 9628
f 9639 9628 9629
f 9639 9638 9627
f 9640 9639 9629
f 9631 9629 9630
f 9631 9640 9629
f 9632 9640 9631
f 9681 9643 9682
f 9683 9682 9643
f 9680 9643 9681
f 9684 9683 9643
f 9679 9643 9680
f 9685 9684 9643
f 9678 9643 9679
f 9686 9685 9643
f 9687 9686 9643
f 9645 9678 9709
f 9645 9643 9678
f 9708 9645 9709
f 9688 9687 9643
f 9707 9645 9708
f 9706 9645 9707
f 9705 9645 9706
f 9704 9645 9705
f 9703 9645 9704
f 9702 9645 9703
f 9701 9645 9702
f 9649 9690 9650
f 9649 9691 9690
f 9651 9650 9690
f 9651 9689 9688
f 9651 9690 9689
f 9648 9692 9691
f 9648 9691 9649
f 9652 9651 9688
f 9647 9692 9648
f 9647 9693 9692
f 9646 9693 9647
f 9646 9694 9693
f 9646 9695 9694
f 9677 9695 9646
f 9676 9696 9695
f 9676 9695 9677
f 9675 9696 9676
f 9675 9697 9696
f 9674 9697 9675
f 9674 9698 9697
f 9642 9688 9643
f 9642 9653 9652
f 9642 9654 9653
f 9642 9655 9654
f 9642 9656 9655
f 9642 9657 9656
f 9642 9658 9657
f 9642 9652 9688
f 9659 9658 9642
f 9660 9659 9642
f 9661 9660 9642
f 9662 9661 9642
f 9644 9663 9662
f 9644 9664 9663
f 9644 9665 9664
f 9644 9666 9665
f 9644 9667 9666
f 9644 9668 9667
f 9644 9669 9668
f 9644 9670 9669
f 9644 9671 9670
f 9644 9662 9642
f 9644 9645 9671
f 9671 9645 9672
f 9672 9645 9673
f 9673 9645 9674
f 9674 9645 9701
f 9674 9701 9700
f 9674 9700 9699
f 9674 9699 9698
f 9711 9710 9712
f 9724 9723 9711
f 9724 9711 9712
f 9725 9712 9713
f 9725 9724 9712
f 9726 9713 9714
f 9726 9725 9713
f 9727 9714 9715
f 9727 9726 9714
f 9728 9715 9716
f 9728 9727 9715
f 9729 9716 9717
f 9729 9728 9716
f 9720 9718 9719
f 9730 9717 9718
f 9730 9729 9717
f 9730 9718 9720
f 9721 9730 9720
f 9722 9730 9721
f 9764 9732 9731
f 9764 9731 9733
f 9763 9733 9734
f 9763 9764 9733
f 9762 9734 9735
f 9762 9763 9734
f 9761 9735 9736
f 9761 9762 9735
f 9760 9736 9737
f 9760 9761 9736
f 9759 9737 9738
f 9759 9760 9737
f 9758 9738 9739
f 9758 9759 9738
f 9757 9739 9740
f 9757 9758 9739
f 9756 9740 9741
f 9756 9757 9740
f 9755 9741 9742
f 9755 9756 9741
f 9754 9742 9743
f 9754 9755 9742
f 9753 9743 9744
f 9753 9754 9743
f 9752 9744 9745
f 9752 9753 9744
f 9751 9745 9746
f 9751 9752 9745
f 9750 9746 9747
f 9750 9747 9748
f 9750 9751 9746
f 9749 9750 9748
f 9769 9765 9766
f 9769 9766 9767
f 9769 9767 9768
f 9769 9770 9771
f 9769 9771 9772
f 9769 9772 9773
f 9769 9773 9774
f 9769 9774 9775
f 9769 9775 9776
f 9769 9776 9777
f 9769 9777 9778
f 9769 9778 9779
f 9769 9779 9780
f 9769 9780 9781
f 9769 9781 9782
f 9769 9782 9783
f 9769 9783 9784
f 9769 9784 9785
f 9769 9785 9786
f 9769 9786 9787
f 9769 9787 9788
f 9769 9788 9789
f 9769 9789 9790
f 9769 9790 9791
f 9769 9791 9792
f 9769 9792 9793
f 9769 9793 9794
f 9769 9794 9795
f 9769 9795 9796
f 9769 9796 9765
f 9830 9798 9797
f 9830 9797 9799
f 9829 9799 9800
f 9829 9830 9799
f 9828 9800 9801
f 9828 9829 9800
f 9827 9801 9802
f 9827 9828 9801
f 9826 9802 9803
f 9826 9827 9802
f 9825 9803 9804
f 9825 9826 9803
f 9824 9804 9805
f 9824 9825 9804
f 9823 9805 9806
f 9823 9824 9805
f 9822 9806 9807
f 9822 9823 9806
f 9821 9807 9808
f 9821 9822 9807
f 9820 9808 9809
f 9820 9821 9808
f 9819 9809 9810
f 9819 9820 9809
f 9818 9810 9811
f 9818 9819 9810
f 9817 9811 9812
f 9817 9818 9811
f 9816 9812 9813
f 9816 9813 9814
f 9816 9817 9812
f 9815 9816 9814
f 9835 9831 9832
f 9835 9832 9833
f 9835 9833 9834
f 9835 9836 9837
f 9835 9837 9838
f 9835 9838 9839
f 9835 9839 9840
f 9835 9840 9841
f 9835 9841 9842
f 9835 9842 9843
f 9835 9843 9844
f 9835 9844 9845
f 9835 9845 9846
f 9835 9846 9847
f 9835 9847 9848
f 9835 9848 9849
f 9835 9849 9850
f 9835 9850 9851
f 9835 9851 9852
f 9835 9852 9853
f 9835 9853 9854
f 9835 9854 9855
f 9835 9855 9856
f 9835 9856 9857
f 9835 9857 9858
f 9835 9858 9859
f 9835 9859 9860
f 9835 9860 9861
f 9835 9861 9862
f 9835 9862 9831
f 9887 9864 9863
f 9896 9871 9870
f 9888 9873 9872
f 9895 9910 9894
f 9911 9887 9886
f 9911 9864 9887
f 9912 9865 9864
f 9912 9864 9911
f 9913 9886 9885
f 9913 9911 9886
f 9914 9865 9912
f 9914 9866 9865
f 9915 9911 9913
f 9915 9912 9911
f 9916 9867 9866
f 9916 9866 9914
f 9917 9884 9883
f 9917 9885 9884
f 9917 9913 9885
f 9918 9912 9915
f 9918 9914 9912
f 9919 9868 9867
f 9919 9867 9916
f 9920 9915 9913
f 9920 9913 9917
f 9921 9914 9918
f 9921 9916 9914
f 9922 9883 9882
f 9922 9917 9883
f 9923 9869 9868
f 9923 9868 9919
f 9924 9915 9920
f 9924 9918 9915
f 9925 9919 9916
f 9925 9916 9921
f 9926 9917 9922
f 9926 9920 9917
f 9927 9870 9869
f 9927 9897 9896
f 9927 9869 9923
f 9927 9896 9870
f 9928 9918 9924
f 9928 9921 9918
f 9929 9882 9881
f 9929 9922 9882
f 9930 9923 9919
f 9930 9919 9925
f 9931 9920 9926
f 9931 9924 9920
f 9932 9925 9921
f 9932 9921 9928
f 9933 9922 9929
f 9933 9926 9922
f 9934 9898 9897
f 9934 9927 9923
f 9934 9923 9930
f 9934 9897 9927
f 9935 9924 9931
f 9935 9928 9924
f 9936 9880 9879
f 9936 9881 9880
f 9936 9929 9881
f 9937 9925 9932
f 9937 9930 9925
f 9938 9926 9933
f 9938 9931 9926
f 9939 9932 9928
f 9939 9928 9935
f 9940 9933 9929
f 9940 9929 9936
f 9941 9899 9898
f 9941 9900 9899
f 9941 9934 9930
f 9941 9930 9937
f 9941 9898 9934
f 9942 9935 9931
f 9942 9931 9938
f 9943 9879 9878
f 9943 9936 9879
f 9944 9932 9939
f 9944 9937 9932
f 9945 9938 9933
f 9945 9933 9940
f 9946 9939 9935
f 9946 9935 9942
f 9947 9940 9936
f 9947 9936 9943
f 9948 9900 9941
f 9948 9901 9900
f 9948 9937 9944
f 9948 9941 9937
f 9949 9942 9938
f 9949 9938 9945
f 9950 9878 9877
f 9950 9943 9878
f 9951 9939 9946
f 9951 9944 9939
f 9952 9940 9947
f 9952 9945 9940
f 9953 9942 9949
f 9953 9946 9942
f 9954 9943 9950
f 9954 9947 9943
f 9955 9948 9944
f 9955 9902 9901
f 9955 9901 9948
f 9955 9944 9951
f 9956 9949 9945
f 9956 9945 9952
f 9957 9876 9875
f 9957 9877 9876
f 9957 9950 9877
f 9958 9946 9953
f 9958 9951 9946
f 9959 9947 9954
f 9959 9952 9947
f 9960 9953 9949
f 9960 9949 9956
f 9961 9950 9957
f 9961 9954 9950
f 9962 9902 9955
f 9962 9955 9951
f 9962 9951 9958
f 9962 9903 9902
f 9962 9904 9903
f 9963 9956 9952
f 9963 9952 9959
f 9964 9875 9874
f 9964 9957 9875
f 9965 9958 9953
f 9965 9953 9960
f 9966 9959 9954
f 9966 9954 9961
f 9967 9960 9956
f 9967 9956 9963
f 9968 9961 9957
f 9968 9957 9964
f 9969 9958 9965
f 9969 9905 9904
f 9969 9962 9958
f 9969 9904 9962
f 9970 9963 9959
f 9970 9959 9966
f 9971 9874 9873
f 9971 9873 9888
f 9971 9964 9874
f 9972 9960 9967
f 9972 9965 9960
f 9973 9966 9961
f 9973 9961 9968
f 9974 9963 9970
f 9974 9967 9963
f 9975 9888 9889
f 9975 9968 9964
f 9975 9971 9888
f 9975 9964 9971
f 9976 9906 9905
f 9976 9969 9965
f 9976 9905 9969
f 9976 9965 9972
f 9977 9966 9973
f 9977 9970 9966
f 9978 9972 9967
f 9978 9967 9974
f 9979 9889 9890
f 9979 9973 9968
f 9979 9975 9889
f 9979 9968 9975
f 9980 9974 9970
f 9980 9970 9977
f 9981 9906 9976
f 9981 9972 9978
f 9981 9907 9906
f 9981 9908 9907
f 9981 9976 9972
f 9982 9973 9979
f 9982 9890 9891
f 9982 9979 9890
f 9982 9977 9973
f 9983 9974 9980
f 9983 9978 9974
f 9984 9980 9977
f 9984 9982 9891
f 9984 9891 9892
f 9984 9977 9982
f 9985 9981 9978
f 9985 9908 9981
f 9985 9909 9908
f 9985 9978 9983
f 9986 9983 9980
f 9986 9984 9892
f 9986 9892 9893
f 9986 9980 9984
f 9987 9909 9985
f 9987 9985 9983
f 9987 9986 9893
f 9987 9893 9894
f 9987 9894 9910
f 9987 9910 9909
f 9987 9983 9986
f 10012 9989 9988
f 10021 9996 9995
f 10013 9998 9997
f 10020 10035 10019
f 10036 10012 10011
f 10036 9989 10012
f 10037 9990 9989
f 10037 9989 10036
f 10038 10011 10010
f 10038 10036 10011
f 10039 9990 10037
f 10039 9991 9990
f 10040 10036 10038
f 10040 10037 10036
f 10041 9992 9991
f 10041 9991 10039
f 10042 10009 10008
f 10042 10010 10009
f 10042 10038 10010
f 10043 10037 10040
f 10043 10039 10037
f 10044 9993 9992
f 10044 9992 10041
f 10045 10040 10038
f 10045 10038 10042
f 10046 10039 10043
f 10046 10041 10039
f 10047 10008 10007
f 10047 10042 10008
f 10048 9994 9993
f 10048 9993 10044
f 10049 10040 10045
f 10049 10043 10040
f 10050 10044 10041
f 10050 10041 10046
f 10051 10042 10047
f 10051 10045 10042
f 10052 9995 9994
f 10052 10022 10021
f 10052 9994 10048
f 10052 10021 9995
f 10053 10043 10049
f 10053 10046 10043
f 10054 10007 10006
f 10054 10047 10007
f 10055 10048 10044
f 10055 10044 10050
f 10056 10045 10051
f 10056 10049 10045
f 10057 10050 10046
f 10057 10046 10053
f 10058 10047 10054
f 10058 10051 10047
f 10059 10023 10022
f 10059 10052 10048
f 10059 10048 10055
f 10059 10022 10052
f 10060 10049 10056
f 10060 10053 10049
f 10061 10005 10004
f 10061 10006 10005
f 10061 10054 10006
f 10062 10050 10057
f 10062 10055 10050
f 10063 10051 10058
f 10063 10056 10051
f 10064 10057 10053
f 10064 10053 10060
f 10065 10058 10054
f 10065 10054 10061
f 10066 10024 10023
f 10066 10025 10024
f 10066 10059 10055
f 10066 10055 10062
f 10066 10023 10059
f 10067 10060 10056
f 10067 10056 10063
f 10068 10004 10003
f 10068 10061 10004
f 10069 10057 10064
f 10069 10062 10057
f 10070 10063 10058
f 10070 10058 10065
f 10071 10064 10060
f 10071 10060 10067
f 10072 10065 10061
f 10072 10061 10068
f 10073 10025 10066
f 10073 10026 10025
f 10073 10062 10069
f 10073 10066 10062
f 10074 10067 10063
f 10074 10063 10070
f 10075 10003 10002
f 10075 10068 10003
f 10076 10064 10071
f 10076 10069 10064
f 10077 10065 10072
f 10077 10070 10065
f 10078 10067 10074
f 10078 10071 10067
f 10079 10068 10075
f 10079 10072 10068
f 10080 10073 10069
f 10080 10027 10026
f 10080 10026 10073
f 10080 10069 10076
f 10081 10074 10070
f 10081 10070 10077
f 10082 10001 10000
f 10082 10002 10001
f 10082 10075 10002
f 10083 10071 10078
f 10083 10076 10071
f 10084 10072 10079
f 10084 10077 10072
f 10085 10078 10074
f 10085 10074 10081
f 10086 10075 10082
f 10086 10079 10075
f 10087 10027 10080
f 10087 10080 10076
f 10087 10076 10083
f 10087 10028 10027
f 10087 10029 10028
f 10088 10081 10077
f 10088 10077 10084
f 10089 10000 9999
f 10089 10082 10000
f 10090 10083 10078
f 10090 10078 10085
f 10091 10084 10079
f 10091 10079 10086
f 10092 10085 10081
f 10092 10081 10088
f 10093 10086 10082
f 10093 10082 10089
f 10094 10083 10090
f 10094 10030 10029
f 10094 10087 10083
f 10094 10029 10087
f 10095 10088 10084
f 10095 10084 10091
f 10096 9999 9998
f 10096 9998 10013
f 10096 10089 9999
f 10097 10085 10092
f 10097 10090 10085
f 10098 10091 10086
f 10098 10086 10093
f 10099 10088 10095
f 10099 10092 10088
f 10100 10013 10014
f 10100 10093 10089
f 10100 10096 10013
f 10100 10089 10096
f 10101 10031 10030
f 10101 10094 10090
f 10101 10030 10094
f 10101 10090 10097
f 10102 10091 10098
f 10102 10095 10091
f 10103 10097 10092
f 10103 10092 10099
f 10104 10014 10015
f 10104 10098 10093
f 10104 10100 10014
f 10104 10093 10100
f 10105 10099 10095
f 10105 10095 10102
f 10106 10031 10101
f 10106 10097 10103
f 10106 10032 10031
f 10106 10033 10032
f 10106 10101 10097
f 10107 10105 10102
f 10107 10098 10104
f 10107 10015 10016
f 10107 10016 10017
f 10107 10104 10015
f 10107 10102 10098
f 10108 10099 10105
f 10108 10103 10099
f 10109 10107 10017
f 10109 10105 10107
f 10110 10106 10103
f 10110 10033 10106
f 10110 10034 10033
f 10110 10103 10108
f 10111 10108 10105
f 10111 10105 10109
f 10111 10017 10018
f 10111 10110 10108
f 10111 10109 10017
f 10112 10110 10111
f 10112 10034 10110
f 10112 10111 10018
f 10112 10018 10019
f 10112 10019 10035
f 10112 10035 10034
f 10115 10114 10113
f 10115 10113 10116
f 10119 10118 10117
f 10119 10117 10120
f 10124 10121 10122
f 10123 10121 10124
f 10126 10125 10127
f 10126 10127 10128
f 10130 10131 10129
f 10132 10131 10130
f 10133 10132 10130
f 10135 10133 10134
f 10136 10133 10135
f 10138 10139 10140
f 10137 10140 10132
f 10137 10132 10133
f 10137 10138 10140
f 10137 10133 10136
f 10143 10142 10141
f 10145 10143 10141
f 10147 10145 10146
f 10148 10145 10147
f 10152 10150 10151
f 10144 10148 10149
f 10144 10149 10150
f 10144 10143 10145
f 10144 10145 10148
f 10144 10150 10152
f 10154 10155 10153
f 10154 10156 10155
f 10159 10157 10158
f 10159 10158 10160
f 10163 10162 10161
f 10163 10161 10164
f 10167 10166 10165
f 10169 10167 10165
f 10171 10169 10170
f 10172 10169 10171
f 10174 10172 10173
f 10175 10172 10174
f 10168 10175 10176
f 10168 10167 10169
f 10168 10169 10172
f 10168 10172 10175
f 10178 10179 10177
f 10178 10180 10179
f 10182 10183 10181
f 10184 10182 10185
f 10184 10183 10182
f 10187 10185 10186
f 10189 10187 10188
f 10189 10190 10191
f 10189 10191 10192
f 10189 10192 10184
f 10189 10184 10185
f 10189 10185 10187
f 10194 10195 10196
f 10194 10196 10193
f 10198 10197 10199
f 10198 10199 10200
f 10203 10202 10201
f 10205 10203 10201
f 10207 10205 10206
f 10208 10205 10207
f 10212 10210 10211
f 10204 10208 10209
f 10204 10209 10210
f 10204 10203 10205
f 10204 10205 10208
f 10204 10210 10212
f 10214 10215 10213
f 10214 10216 10215
f 10218 10219 10217
f 10220 10219 10218
f 10226 10227 10228
f 10222 10223 10224
f 10222 10224 10225
f 10222 10225 10226
f 10222 10228 10220
f 10222 10226 10228
f 10221 10220 10218
f 10221 10222 10220
f 10231 10229 10230
f 10231 10230 10232
f 10234 10233 10235
f 10234 10235 10236
f 10239 10238 10237
f 10241 10239 10237
f 10243 10241 10242
f 10244 10241 10243
f 10246 10244 10245
f 10247 10244 10246
f 10240 10247 10248
f 10240 10239 10241
f 10240 10241 10244
f 10240 10244 10247
f 10250 10251 10249
f 10250 10252 10251
f 10254 10255 10253
f 10256 10255 10254
f 10262 10263 10264
f 10261 10262 10264
f 10260 10264 10256
f 10260 10261 10264
f 10257 10258 10259
f 10257 10259 10260
f 10257 10256 10254
f 10257 10260 10256
f 10267 10265 10266
f 10267 10266 10268
f 10270 10269 10271
f 10270 10271 10272
f 10276 10277 10278
f 10276 10278 10279
f 10276 10279 10280
f 10276 10280 10281
f 10276 10281 10282
f 10276 10282 10283
f 10276 10283 10284
f 10275 10277 10276
f 10273 10277 10275
f 10274 10273 10275
f 10286 10287 10285
f 10286 10288 10287
f 10290 10291 10289
f 10292 10291 10290
f 10298 10299 10300
f 10297 10298 10300
f 10296 10300 10292
f 10296 10297 10300
f 10293 10294 10295
f 10293 10295 10296
f 10293 10292 10290
f 10293 10296 10292
f 10303 10301 10302
f 10303 10302 10304
f 10306 10305 10307
f 10306 10307 10308
f 10312 10313 10314
f 10312 10314 10315
f 10312 10315 10316
f 10312 10316 10317
f 10312 10317 10318
f 10312 10318 10319
f 10312 10319 10320
f 10311 10313 10312
f 10309 10313 10311
f 10310 10309 10311
f 10322 10323 10321
f 10322 10324 10323
f 10326 10327 10325
f 10328 10327 10326
f 10334 10335 10336
f 10333 10334 10336
f 10332 10336 10328
f 10332 10333 10336
f 10329 10330 10331
f 10329 10331 10332
f 10329 10328 10326
f 10329 10332 10328
f 10339 10337 10338
f 10339 10338 10340
f 10343 10342 10341
f 10343 10341 10344
f 10348 10349 10350
f 10348 10350 10351
f 10348 10351 10352
f 10348 10352 10353
f 10348 10353 10354
f 10348 10354 10355
f 10348 10355 10356
f 10347 10349 10348
f 10345 10349 10347
f 10346 10345 10347
f 10358 10359 10357
f 10358 10360 10359
f 10362 10363 10361
f 10364 10363 10362
f 10368 10369 10370
f 10368 10370 10371
f 10368 10371 10372
f 10366 10367 10368
f 10365 10372 10364
f 10365 10364 10362
f 10365 10368 10372
f 10365 10366 10368
f 10374 10375 10376
f 10374 10376 10373
f 10379 10378 10377
f 10379 10377 10380
f 10384 10385 10386
f 10384 10386 10387
f 10384 10387 10388
f 10384 10388 10389
f 10384 10389 10390
f 10384 10390 10391
f 10384 10391 10392
f 10383 10385 10384
f 10381 10385 10383
f 10382 10381 10383
f 10394 10395 10393
f 10394 10396 10395
f 10398 10399 10397
f 10400 10399 10398
f 10406 10407 10408
f 10405 10406 10408
f 10404 10408 10400
f 10404 10405 10408
f 10401 10402 10403
f 10401 10403 10404
f 10401 10400 10398
f 10401 10404 10400
f 10410 10411 10412
f 10410 10412 10409
f 10415 10414 10413
f 10415 10413 10416
f 10420 10421 10422
f 10420 10422 10423
f 10420 10423 10424
f 10420 10424 10425
f 10420 10425 10426
f 10420 10426 10427
f 10420 10427 10428
f 10419 10421 10420
f 10417 10421 10419
f 10418 10417 10419
f 10430 10431 10429
f 10430 10432 10431
f 10434 10435 10433
f 10436 10435 10434
f 10442 10443 10444
f 10441 10442 10444
f 10440 10444 10436
f 10440 10441 10444
f 10437 10438 10439
f 10437 10439 10440
f 10437 10436 10434
f 10437 10440 10436
f 10446 10447 10448
f 10446 10448 10445
f 10451 10450 10449
f 10451 10449 10452
f 10456 10457 10458
f 10456 10458 10459
f 10456 10459 10460
f 10456 10460 10461
f 10456 10461 10462
f 10456 10462 10463
f 10456 10463 10464
f 10455 10457 10456
f 10453 10457 10455
f 10454 10453 10455
f 10466 10467 10465
f 10466 10468 10467
f 10470 10471 10469
f 10472 10471 10470
f 10478 10479 10480
f 10474 10475 10476
f 10474 10476 10477
f 10474 10477 10478
f 10474 10480 10472
f 10474 10478 10480
f 10473 10472 10470
f 10473 10474 10472
f 10482 10483 10484
f 10482 10484 10481
f 10485 10487 10488
f 10486 10485 10488
f 10492 10493 10494
f 10492 10494 10495
f 10492 10495 10496
f 10492 10496 10497
f 10492 10497 10498
f 10492 10498 10499
f 10492 10499 10500
f 10491 10493 10492
f 10489 10493 10491
f 10490 10489 10491
f 10502 10503 10501
f 10502 10504 10503
f 10506 10507 10505
f 10508 10507 10506
f 10515 10516 10508
f 10514 10515 10508
f 10513 10514 10508
f 10512 10513 10508
f 10510 10511 10512
f 10510 10512 10508
f 10509 10508 10506
f 10509 10510 10508
f 10520 10517 10518
f 10519 10517 10520
f 10523 10522 10521
f 10523 10521 10524
f 10526 10527 10525
f 10528 10527 10526
f 10532 10533 10534
f 10532 10534 10535
f 10532 10535 10536
f 10530 10531 10532
f 10530 10536 10528
f 10530 10532 10536
f 10529 10528 10526
f 10529 10530 10528
f 10540 10541 10542
f 10540 10542 10543
f 10540 10543 10544
f 10540 10544 10545
f 10540 10545 10546
f 10540 10546 10547
f 10540 10547 10548
f 10539 10541 10540
f 10537 10541 10539
f 10538 10537 10539
f 10550 10551 10549
f 10550 10552 10551
f 10554 10555 10556
f 10554 10556 10553
f 10558 10557 10566
f 10558 10574 10573
f 10558 10566 10574
f 10559 10558 10573
f 10560 10573 10572
f 10560 10559 10573
f 10561 10572 10571
f 10561 10560 10572
f 10562 10571 10570
f 10562 10561 10571
f 10563 10570 10569
f 10563 10562 10570
f 10564 10569 10568
f 10564 10563 10569
f 10565 10568 10567
f 10565 10564 10568
f 10586 10583 10582
f 10586 10585 10583
f 10587 10582 10581
f 10587 10586 10582
f 10588 10581 10580
f 10588 10587 10581
f 10589 10580 10579
f 10589 10588 10580
f 10590 10578 10577
f 10590 10579 10578
f 10590 10589 10579
f 10591 10590 10577
f 10592 10577 10576
f 10592 10591 10577
f 10584 10576 10575
f 10584 10592 10576
f 10594 10593 10602
f 10594 10602 10610
f 10595 10610 10609
f 10595 10594 10610
f 10596 10609 10608
f 10596 10595 10609
f 10597 10608 10607
f 10597 10596 10608
f 10598 10607 10606
f 10598 10597 10607
f 10599 10606 10605
f 10599 10598 10606
f 10600 10605 10604
f 10600 10599 10605
f 10601 10604 10603
f 10601 10600 10604
f 10612 10611 10620
f 10612 10620 10628
f 10613 10628 10627
f 10613 10612 10628
f 10614 10627 10626
f 10614 10613 10627
f 10615 10626 10625
f 10615 10614 10626
f 10616 10625 10624
f 10616 10615 10625
f 10617 10624 10623
f 10617 10616 10624
f 10618 10623 10622
f 10618 10617 10623
f 10619 10622 10621
f 10619 10618 10622
f 10630 10629 10638
f 10630 10638 10646
f 10631 10646 10645
f 10631 10630 10646
f 10632 10645 10644
f 10632 10631 10645
f 10633 10644 10643
f 10633 10632 10644
f 10634 10643 10642
f 10634 10633 10643
f 10635 10642 10641
f 10635 10634 10642
f 10636 10641 10640
f 10636 10635 10641
f 10637 10640 10639
f 10637 10636 10640
f 10648 10647 10656
f 10648 10656 10664
f 10649 10664 10663
f 10649 10648 10664
f 10650 10663 10662
f 10650 10649 10663
f 10651 10662 10661
f 10651 10650 10662
f 10652 10661 10660
f 10652 10651 10661
f 10653 10660 10659
f 10653 10652 10660
f 10654 10659 10658
f 10654 10653 10659
f 10655 10658 10657
f 10655 10654 10658
f 10676 10673 10672
f 10676 10675 10673
f 10677 10672 10671
f 10677 10676 10672
f 10678 10671 10670
f 10678 10677 10671
f 10679 10670 10669
f 10679 10678 10670
f 10680 10669 10668
f 10680 10679 10669
f 10681 10667 10666
f 10681 10668 10667
f 10681 10680 10668
f 10682 10666 10665
f 10682 10681 10666
f 10674 10682 10665
f 10694 10691 10690
f 10694 10693 10691
f 10695 10690 10689
f 10695 10694 10690
f 10696 10689 10688
f 10696 10695 10689
f 10697 10687 10686
f 10697 10688 10687
f 10697 10696 10688
f 10698 10697 10686
f 10699 10685 10684
f 10699 10686 10685
f 10699 10698 10686
f 10700 10699 10684
f 10692 10684 10683
f 10692 10700 10684
f 10712 10709 10708
f 10712 10711 10709
f 10713 10708 10707
f 10713 10712 10708
f 10714 10707 10706
f 10714 10713 10707
f 10715 10706 10705
f 10715 10714 10706
f 10716 10705 10704
f 10716 10715 10705
f 10717 10704 10703
f 10717 10716 10704
f 10718 10703 10702
f 10718 10717 10703
f 10710 10702 10701
f 10710 10718 10702
f 10730 10727 10726
f 10730 10729 10727
f 10731 10726 10725
f 10731 10730 10726
f 10732 10725 10724
f 10732 10731 10725
f 10733 10724 10723
f 10733 10732 10724
f 10734 10723 10722
f 10734 10733 10723
f 10735 10722 10721
f 10735 10734 10722
f 10736 10721 10720
f 10736 10735 10721
f 10728 10720 10719
f 10728 10736 10720
f 10737 10746 10754
f 10738 10754 10753
f 10738 10737 10754
f 10739 10753 10752
f 10739 10738 10753
f 10740 10752 10751
f 10740 10739 10752
f 10741 10751 10750
f 10741 10740 10751
f 10742 10750 10749
f 10742 10741 10750
f 10743 10749 10748
f 10743 10742 10749
f 10744 10748 10747
f 10744 10743 10748
f 10745 10744 10747
f 10765 10763 10762
f 10766 10762 10761
f 10766 10765 10762
f 10767 10761 10760
f 10767 10766 10761
f 10768 10760 10759
f 10768 10767 10760
f 10769 10759 10758
f 10769 10768 10759
f 10770 10758 10757
f 10770 10769 10758
f 10771 10757 10756
f 10771 10770 10757
f 10772 10771 10756
f 10764 10756 10755
f 10764 10772 10756
f 10773 10776 10775
f 10773 10774 10776
f 10778 10779 10777
f 10778 10780 10779
f 10781 10784 10783
f 10781 10782 10784
f 10785 10788 10787
f 10785 10786 10788
f 10790 10791 10792
f 10790 10792 10789
f 10795 10793 10794
f 10795 10794 10796
f 10798 10799 10797
f 10798 10800 10799
f 10801 10804 10803
f 10802 10804 10801
f 10807 10805 10806
f 10807 10806 10808
f 10811 10809 10810
f 10811 10810 10812
f 10813 10816 10815
f 10813 10814 10816
f 10818 10819 10817
f 10818 10820 10819
f 10821 10824 10823
f 10821 10822 10824
f 10827 10825 10826
f 10827 10826 10828
f 10830 10831 10832
f 10830 10832 10829
f 10835 10833 10834
f 10835 10834 10836
f 10838 10839 10837
f 10838 10840 10839
f 10841 10844 10843
f 10842 10844 10841
f 10847 10845 10846
f 10847 10846 10848
f 10851 10849 10850
f 10851 10850 10852
f 10855 10853 10854
f 10855 10854 10856
f 10858 10859 10857
f 10858 10860 10859
f 10861 10864 10863
f 10862 10864 10861
f 10867 10865 10866
f 10867 10866 10868
f 10871 10869 10870
f 10871 10870 10872
f 10873 10876 10875
f 10873 10874 10876
f 10878 10879 10877
f 10878 10880 10879
f 10881 10884 10883
f 10881 10882 10884
f 10887 10885 10886
f 10887 10886 10888
f 10890 10891 10892
f 10890 10892 10889
f 10893 10896 10895
f 10893 10894 10896
f 10897 10900 10899
f 10897 10898 10900
f 10901 10904 10903
f 10901 10902 10904
f 10907 10905 10906
f 10907 10906 10908
f 10910 10911 10912
f 10910 10912 10909
f 10914 10916 10915
f 10913 10914 10915
f 10917 10920 10919
f 10917 10918 10920
f 10921 10924 10923
f 10922 10924 10921
f 10925 10928 10927
f 10925 10926 10928
f 10931 10929 10930
f 10931 10930 10932
f 10934 10933 10935
f 10934 10935 10936
f 10938 10937 10939
f 10938 10939 10940
f 10942 10941 10943
f 10942 10943 10944
f 10945 10947 10948
f 10945 10948 10946
f 10949 10951 10950
f 10949 10952 10951
f 10956 10954 10953
f 10956 10953 10955
f 10960 10958 10957
f 10960 10957 10959
f 10961 10963 10964
f 10961 10964 10962
f 10965 10967 10968
f 10965 10968 10966
f 10969 10971 10970
f 10969 10972 10971
f 10974 10973 10975
f 10974 10975 10976
f 10980 10978 10977
f 10980 10977 10979
f 10982 10981 10983
f 10982 10983 10984
f 10985 10987 10988
f 10985 10988 10986
f 10989 10991 10990
f 10989 10992 10991
f 10996 10994 10993
f 10996 10993 10995
f 11000 10998 10997
f 11000 10997 10999
f 11001 11003 11004
f 11001 11004 11002
f 11005 11007 11008
f 11005 11008 11006
f 11010 11012 11011
f 11009 11012 11010
f 11016 11014 11013
f 11016 11013 11015
f 11020 11018 11017
f 11020 11017 11019
f 11021 11023 11024
f 11021 11024 11022
f 11025 11027 11028
f 11025 11028 11026
f 11030 11032 11031
f 11029 11032 11030
f 11034 11033 11035
f 11034 11035 11036
f 11040 11038 11037
f 11040 11037 11039
f 11042 11041 11043
f 11042 11043 11044
f 11045 11047 11048
f 11045 11048 11046
f 11049 11051 11050
f 11049 11052 11051
f 11054 11053 11055
f 11054 11055 11056
f 11060 11058 11057
f 11060 11057 11059
f 11062 11061 11063
f 11062 11063 11064
f 11066 11065 11067
f 11066 11067 11068
f 11069 11071 11070
f 11069 11072 11071
f 11074 11073 11075
f 11074 11075 11076
f 11078 11077 11079
f 11078 11079 11080
f 11081 11083 11084
f 11081 11084 11082
f 11086 11085 11087
f 11086 11087 11088
f 11090 11092 11091
f 11089 11092 11090
f 11095 11094 11093
f 11095 11096 11094
f 11097 11099 11100
f 11097 11100 11098
f 11103 11102 11101
f 11103 11104 11102
f 11105 11107 11108
f 11105 11108 11106
f 11111 11110 11109
f 11111 11112 11110
f 11113 11115 11116
f 11113 11116 11114
f 11119 11118 11117
f 11119 11120 11118
f 11124 11122 11121
f 11124 11121 11123
f 11135 11132 11131
f 11135 11131 11136
f 11137 11136 11131
f 11134 11132 11135
f 11138 11137 11131
f 11130 11138 11131
f 11130 11128 11138
f 11129 11128 11130
f 11133 11132 11134
f 11133 11138 11128
f 11127 11133 11128
f 11125 11127 11126
f 11125 11132 11133
f 11125 11133 11127
f 11142 11140 11139
f 11142 11139 11141
f 11145 11144 11143
f 11145 11146 11144
f 11148 11147 11149
f 11148 11149 11150
f 11151 11153 11154
f 11151 11154 11152
f 11156 11155 11157
f 11156 11157 11158
f 11161 11160 11159
f 11161 11162 11160
f 11163 11165 11166
f 11163 11166 11164
f 11167 11169 11170
f 11167 11170 11168
f 11174 11172 11171
f 11174 11171 11173
f 11176 11175 11186
f 11176 11186 11187
f 11177 11187 11188
f 11177 11176 11187
f 11178 11188 11189
f 11178 11177 11188
f 11179 11189 11190
f 11179 11178 11189
f 11180 11190 11191
f 11180 11179 11190
f 11181 11191 11192
f 11181 11180 11191
f 11182 11192 11193
f 11182 11181 11192
f 11183 11193 11194
f 11183 11182 11193
f 11184 11194 11195
f 11184 11183 11194
f 11185 11195 11196
f 11185 11184 11195
f 11198 11197 11208
f 11198 11208 11209
f 11199 11209 11210
f 11199 11198 11209
f 11200 11210 11211
f 11200 11199 11210
f 11201 11211 11212
f 11201 11200 11211
f 11202 11212 11213
f 11202 11201 11212
f 11203 11213 11214
f 11203 11202 11213
f 11204 11214 11215
f 11204 11203 11214
f 11205 11215 11216
f 11205 11204 11215
f 11206 11216 11217
f 11206 11205 11216
f 11207 11217 11218
f 11207 11206 11217
f 11231 11241 11264
f 11252 11231 11264
f 11251 11232 11231
f 11251 11231 11252
f 11250 11232 11251
f 11233 11232 11250
f 11249 11233 11250
f 11234 11233 11249
f 11248 11234 11249
f 11247 11234 11248
f 11235 11234 11247
f 11246 11235 11247
f 11236 11246 11245
f 11236 11235 11246
f 11263 11241 11220
f 11263 11264 11241
f 11237 11245 11244
f 11237 11236 11245
f 11238 11244 11243
f 11238 11237 11244
f 11239 11238 11243
f 11240 11243 11242
f 11240 11239 11243
f 11219 11253 11263
f 11219 11263 11220
f 11221 11242 11262
f 11221 11240 11242
f 11230 11254 11253
f 11230 11253 11219
f 11229 11254 11230
f 11222 11221 11262
f 11222 11261 11260
f 11222 11262 11261
f 11228 11254 11229
f 11228 11255 11254
f 11223 11222 11260
f 11223 11260 11259
f 11227 11255 11228
f 11227 11256 11255
f 11224 11223 11259
f 11224 11259 11258
f 11226 11256 11227
f 11226 11257 11256
f 11225 11224 11258
f 11225 11257 11226
f 11225 11258 11257
f 11265 11267 11268
f 11265 11268 11266
f 11270 11269 11280
f 11270 11280 11281
f 11271 11281 11282
f 11271 11270 11281
f 11272 11282 11283
f 11272 11271 11282
f 11273 11283 11284
f 11273 11272 11283
f 11274 11284 11285
f 11274 11273 11284
f 11275 11285 11286
f 11275 11274 11285
f 11276 11286 11287
f 11276 11275 11286
f 11277 11287 11288
f 11277 11276 11287
f 11278 11288 11289
f 11278 11277 11288
f 11279 11289 11290
f 11279 11278 11289
f 11292 11291 11302
f 11292 11302 11303
f 11293 11303 11304
f 11293 11292 11303
f 11294 11304 11305
f 11294 11293 11304
f 11295 11305 11306
f 11295 11294 11305
f 11296 11306 11307
f 11296 11295 11306
f 11297 11307 11308
f 11297 11296 11307
f 11298 11308 11309
f 11298 11297 11308
f 11299 11309 11310
f 11299 11298 11309
f 11300 11310 11311
f 11300 11299 11310
f 11301 11311 11312
f 11301 11300 11311
f 11316 11314 11313
f 11316 11313 11315
f 11320 11318 11317
f 11320 11317 11319
f 11324 11322 11321
f 11324 11321 11323
f 11325 11327 11328
f 11325 11328 11326
f 11329 11331 11332
f 11329 11332 11330
f 11336 11334 11333
f 11336 11333 11335
f 11340 11338 11337
f 11340 11337 11339
f 11341 11343 11344
f 11341 11344 11342
f 11348 11346 11345
f 11348 11345 11347
f 11352 11350 11349
f 11352 11349 11351
f 11356 11354 11353
f 11356 11353 11355
f 11357 11359 11360
f 11357 11360 11358
f 11364 11362 11361
f 11364 11361 11363
f 11368 11366 11365
f 11368 11365 11367
f 11372 11371 11374
f 11375 11374 11371
f 11373 11372 11374
f 11378 11375 11371
f 11370 11378 11371
f 11379 11378 11370
f 11377 11376 11375
f 11377 11375 11378
f 11369 11380 11379
f 11369 11379 11370
f 11384 11382 11381
f 11384 11381 11383
f 11386 11385 11390
f 11386 11390 11391
f 11387 11391 11392
f 11387 11386 11391
f 11388 11392 11393
f 11388 11387 11392
f 11389 11393 11394
f 11389 11388 11393
f 11396 11395 11407
f 11396 11407 11408
f 11397 11408 11409
f 11397 11396 11408
f 11398 11409 11410
f 11398 11397 11409
f 11399 11410 11411
f 11399 11398 11410
f 11400 11411 11412
f 11400 11399 11411
f 11401 11412 11413
f 11401 11400 11412
f 11402 11413 11414
f 11402 11401 11413
f 11403 11414 11415
f 11403 11402 11414
f 11404 11415 11416
f 11404 11403 11415
f 11405 11416 11417
f 11405 11404 11416
f 11406 11417 11418
f 11406 11405 11417
f 11420 11419 11430
f 11420 11430 11431
f 11421 11431 11432
f 11421 11420 11431
f 11422 11432 11433
f 11422 11421 11432
f 11423 11433 11434
f 11423 11422 11433
f 11424 11434 11435
f 11424 11423 11434
f 11425 11435 11436
f 11425 11424 11435
f 11426 11436 11437
f 11426 11425 11436
f 11427 11437 11438
f 11427 11426 11437
f 11428 11438 11439
f 11428 11427 11438
f 11429 11439 11440
f 11429 11428 11439
f 11442 11441 11445
f 11442 11445 11446
f 11443 11446 11447
f 11443 11442 11446
f 11444 11447 11448
f 11444 11443 11447
f 11452 11450 11449
f 11452 11449 11451
f 11454 11453 11457
f 11454 11457 11458
f 11455 11458 11459
f 11455 11454 11458
f 11456 11459 11460
f 11456 11455 11459
f 11462 11461 11473
f 11462 11473 11474
f 11463 11474 11475
f 11463 11462 11474
f 11464 11475 11476
f 11464 11463 11475
f 11465 11476 11477
f 11465 11464 11476
f 11466 11477 11478
f 11466 11465 11477
f 11467 11478 11479
f 11467 11466 11478
f 11468 11479 11480
f 11468 11467 11479
f 11469 11480 11481
f 11469 11468 11480
f 11470 11481 11482
f 11470 11469 11481
f 11471 11482 11483
f 11471 11470 11482
f 11472 11483 11484
f 11472 11471 11483
f 11486 11485 11495
f 11486 11495 11496
f 11487 11496 11497
f 11487 11486 11496
f 11488 11497 11498
f 11488 11487 11497
f 11489 11498 11499
f 11489 11488 11498
f 11490 11499 11500
f 11490 11489 11499
f 11491 11500 11501
f 11491 11490 11500
f 11492 11501 11502
f 11492 11491 11501
f 11493 11502 11503
f 11493 11492 11502
f 11494 11503 11504
f 11494 11493 11503
f 11506 11505 11510
f 11506 11510 11511
f 11507 11511 11512
f 11507 11506 11511
f 11508 11512 11513
f 11508 11507 11512
f 11509 11513 11514
f 11509 11508 11513
f 11535 11553 11552
f 11534 11554 11553
f 11534 11553 11535
f 11536 11552 11551
f 11536 11535 11552
f 11533 11555 11554
f 11533 11554 11534
f 11537 11551 11550
f 11537 11536 11551
f 11532 11556 11555
f 11532 11555 11533
f 11538 11550 11549
f 11538 11537 11550
f 11531 11557 11556
f 11531 11556 11532
f 11539 11538 11549
f 11540 11549 11548
f 11540 11539 11549
f 11530 11545 11557
f 11530 11557 11531
f 11521 11548 11568
f 11521 11540 11548
f 11543 11545 11530
f 11543 11546 11545
f 11543 11547 11546
f 11522 11521 11568
f 11522 11567 11566
f 11522 11568 11567
f 11542 11544 11547
f 11542 11547 11543
f 11523 11522 11566
f 11523 11566 11565
f 11564 11523 11565
f 11541 11544 11542
f 11524 11523 11564
f 11563 11524 11564
f 11525 11524 11563
f 11562 11525 11563
f 11526 11525 11562
f 11561 11526 11562
f 11527 11526 11561
f 11560 11527 11561
f 11528 11527 11560
f 11559 11529 11528
f 11559 11528 11560
f 11558 11517 11529
f 11558 11529 11559
f 11571 11518 11517
f 11571 11517 11558
f 11570 11518 11571
f 11569 11519 11518
f 11569 11518 11570
f 11516 11520 11519
f 11516 11515 11520
f 11516 11519 11569
f 11575 11573 11572
f 11575 11572 11574
f 11576 11578 11579
f 11576 11579 11577
f 11580 11582 11583
f 11580 11583 11581
f 11587 11585 11584
f 11587 11584 11586
f 11591 11589 11588
f 11591 11588 11590
f 11595 11593 11592
f 11595 11592 11594
f 11600 11598 11597
f 11600 11599 11598
f 11596 11601 11600
f 11596 11600 11597
f 11605 11606 11607
f 11602 11605 11607
f 11603 11604 11605
f 11603 11605 11602
f 11611 11612 11613
f 11611 11613 11614
f 11610 11611 11614
f 11615 11610 11614
f 11609 11615 11616
f 11609 11610 11615
f 11617 11609 11616
f 11608 11609 11617
f 11618 11608 11617
f 11630 11608 11618
f 11624 11625 11626
f 11624 11626 11627
f 11623 11627 11628
f 11623 11624 11627
f 11622 11628 11629
f 11622 11629 11630
f 11622 11623 11628
f 11621 11618 11619
f 11621 11630 11618
f 11621 11622 11630
f 11620 11621 11619
f 11631 11634 11633
f 11631 11632 11634
f 11635 11638 11637
f 11635 11636 11638
f 11639 11642 11641
f 11639 11640 11642
f 11643 11646 11645
f 11643 11644 11646
f 11647 11650 11649
f 11647 11648 11650
f 11651 11654 11653
f 11651 11652 11654
f 11659 11657 11655
f 11659 11658 11657
f 11656 11660 11659
f 11656 11659 11655
f 11666 11663 11664
f 11666 11664 11665
f 11661 11666 11662
f 11661 11663 11666
f 11673 11667 11668
f 11673 11669 11667
f 11674 11670 11669
f 11674 11669 11673
f 11672 11671 11670
f 11672 11670 11674
f 11675 11678 11677
f 11675 11676 11678
f 11685 11679 11680
f 11685 11681 11679
f 11686 11682 11681
f 11686 11681 11685
f 11684 11683 11682
f 11684 11682 11686
f 11694 11687 11688
f 11694 11689 11687
f 11695 11690 11689
f 11695 11689 11694
f 11696 11691 11690
f 11696 11690 11695
f 11693 11692 11691
f 11693 11691 11696
f 11704 11697 11698
f 11704 11699 11697
f 11705 11700 11699
f 11705 11699 11704
f 11706 11701 11700
f 11706 11700 11705
f 11703 11702 11701
f 11703 11701 11706
f 11714 11707 11708
f 11714 11709 11707
f 11715 11710 11709
f 11715 11709 11714
f 11716 11711 11710
f 11716 11710 11715
f 11713 11712 11711
f 11713 11711 11716
f 11724 11717 11718
f 11724 11719 11717
f 11725 11720 11719
f 11725 11719 11724
f 11726 11721 11720
f 11726 11720 11725
f 11723 11722 11721
f 11723 11721 11726
f 11733 11727 11728
f 11733 11729 11727
f 11734 11730 11729
f 11734 11729 11733
f 11732 11731 11730
f 11732 11730 11734
f 11735 11738 11737
f 11735 11736 11738
f 11745 11739 11740
f 11745 11741 11739
f 11746 11742 11741
f 11746 11741 11745
f 11744 11743 11742
f 11744 11742 11746
f 11755 11747 11748
f 11755 11749 11747
f 11756 11750 11749
f 11756 11749 11755
f 11757 11751 11750
f 11757 11750 11756
f 11758 11752 11751
f 11758 11751 11757
f 11754 11753 11752
f 11754 11752 11758
f 11767 11759 11760
f 11767 11761 11759
f 11768 11762 11761
f 11768 11761 11767
f 11769 11763 11762
f 11769 11762 11768
f 11770 11764 11763
f 11770 11763 11769
f 11766 11765 11764
f 11766 11764 11770
f 11779 11771 11772
f 11779 11773 11771
f 11780 11774 11773
f 11780 11773 11779
f 11781 11775 11774
f 11781 11774 11780
f 11782 11776 11775
f 11782 11775 11781
f 11778 11777 11776
f 11778 11776 11782
f 11791 11783 11784
f 11791 11785 11783
f 11792 11786 11785
f 11792 11785 11791
f 11793 11787 11786
f 11793 11786 11792
f 11794 11788 11787
f 11794 11787 11793
f 11790 11789 11788
f 11790 11788 11794
f 11820 11821 11822
f 11820 11822 11823
f 11819 11823 11824
f 11819 11820 11823
f 11818 11824 11825
f 11818 11819 11824
f 11817 11825 11826
f 11817 11818 11825
f 11816 11826 11827
f 11816 11817 11826
f 11815 11827 11828
f 11815 11816 11827
f 11829 11815 11828
f 11814 11815 11829
f 11830 11814 11829
f 11813 11814 11830
f 11831 11813 11830
f 11812 11813 11831
f 11798 11799 11800
f 11832 11812 11831
f 11797 11800 11801
f 11797 11798 11800
f 11833 11812 11832
f 11833 11811 11812
f 11796 11801 11802
f 11796 11797 11801
f 11834 11811 11833
f 11834 11810 11811
f 11835 11810 11834
f 11835 11809 11810
f 11795 11802 11803
f 11795 11796 11802
f 11844 11795 11803
f 11836 11808 11809
f 11836 11809 11835
f 11843 11803 11804
f 11843 11844 11803
f 11837 11807 11808
f 11837 11808 11836
f 11842 11804 11805
f 11842 11843 11804
f 11838 11807 11837
f 11841 11805 11806
f 11841 11842 11805
f 11839 11806 11807
f 11839 11807 11838
f 11840 11841 11806
f 11840 11806 11839
f 11867 11869 11868
f 11867 11870 11869
f 11866 11871 11870
f 11866 11870 11867
f 11865 11872 11871
f 11865 11871 11866
f 11864 11873 11872
f 11864 11872 11865
f 11863 11874 11873
f 11863 11873 11864
f 11862 11875 11874
f 11862 11874 11863
f 11876 11875 11862
f 11861 11876 11862
f 11877 11876 11861
f 11860 11877 11861
f 11878 11877 11860
f 11859 11878 11860
f 11845 11847 11846
f 11879 11878 11859
f 11894 11848 11847
f 11894 11847 11845
f 11880 11879 11859
f 11880 11859 11858
f 11893 11849 11848
f 11893 11848 11894
f 11881 11880 11858
f 11881 11858 11857
f 11882 11881 11857
f 11882 11857 11856
f 11892 11850 11849
f 11892 11849 11893
f 11891 11850 11892
f 11883 11856 11855
f 11883 11882 11856
f 11890 11851 11850
f 11890 11850 11891
f 11884 11855 11854
f 11884 11883 11855
f 11889 11852 11851
f 11889 11851 11890
f 11885 11884 11854
f 11888 11853 11852
f 11888 11852 11889
f 11886 11854 11853
f 11886 11885 11854
f 11887 11853 11888
f 11887 11886 11853
f 11895 11898 11897
f 11895 11896 11898
f 11899 11902 11901
f 11899 11900 11902
f 11903 11906 11905
f 11903 11904 11906
f 11907 11910 11909
f 11907 11908 11910
f 11912 11913 11911
f 11912 11914 11913
f 11915 11918 11917
f 11915 11916 11918
f 11919 11922 11921
f 11919 11920 11922
f 11923 11926 11925
f 11923 11924 11926
f 11927 11930 11929
f 11927 11928 11930
f 11931 11934 11933
f 11931 11932 11934
f 11935 11938 11937
f 11935 11936 11938
f 11939 11942 11941
f 11939 11940 11942
f 11946 11945 11948
f 11949 11948 11945
f 11947 11946 11948
f 11952 11949 11945
f 11943 11952 11945
f 11953 11952 11943
f 11951 11950 11949
f 11951 11949 11952
f 11944 11954 11953
f 11944 11953 11943
f 11959 11961 11958
f 11962 11958 11961
f 11960 11961 11959
f 11965 11958 11962
f 11957 11958 11965
f 11966 11957 11965
f 11964 11962 11963
f 11964 11965 11962
f 11955 11966 11956
f 11955 11957 11966
f 11993 11983 11984
f 12000 11981 11982
f 12000 11982 11983
f 12000 11983 11993
f 11994 11984 11985
f 11994 11993 11984
f 11999 11980 11981
f 11999 11981 12000
f 11995 11985 11986
f 11995 11994 11985
f 11998 11979 11980
f 11998 11980 11999
f 11996 11986 11987
f 11996 11995 11986
f 11997 11977 11978
f 11997 11978 11979
f 11997 11979 11998
f 11992 11987 11988
f 11992 11996 11987
f 12005 11976 11977
f 12005 11977 11997
f 12004 11975 11976
f 12004 11976 12005
f 11990 11992 11988
f 11989 11990 11988
f 12003 11975 12004
f 11974 11975 12003
f 12002 11974 12003
f 11973 11974 12002
f 12001 11973 12002
f 11972 11973 12001
f 12009 11972 12001
f 11971 11972 12009
f 11970 11971 12009
f 11970 12009 12008
f 11969 11970 12008
f 11969 12008 12007
f 11968 11969 12007
f 11968 12007 12006
f 11991 11968 12006
f 11967 11990 11989
f 11967 11991 11990
f 11967 11968 11991
f 12033 12026 12025
f 12041 12024 12023
f 12041 12025 12024
f 12041 12033 12025
f 12034 12027 12026
f 12034 12026 12033
f 12040 12023 12022
f 12040 12041 12023
f 12035 12028 12027
f 12035 12027 12034
f 12039 12022 12021
f 12039 12040 12022
f 12036 12029 12028
f 12036 12028 12035
f 12038 12020 12019
f 12038 12021 12020
f 12038 12039 12021
f 12037 12030 12029
f 12037 12029 12036
f 12046 12019 12018
f 12046 12038 12019
f 12045 12018 12017
f 12045 12046 12018
f 12052 12030 12037
f 12031 12030 12052
f 12044 12045 12017
f 12016 12044 12017
f 12043 12044 12016
f 12015 12043 12016
f 12042 12043 12015
f 12014 12042 12015
f 12050 12042 12014
f 12013 12050 12014
f 12012 12050 12013
f 12012 12049 12050
f 12011 12049 12012
f 12011 12048 12049
f 12010 12048 12011
f 12010 12047 12048
f 12051 12047 12010
f 12032 12031 12052
f 12032 12051 12010
f 12032 12052 12051
f 12053 12056 12055
f 12053 12054 12056
f 12065 12057 12058
f 12065 12059 12057
f 12066 12060 12059
f 12066 12059 12065
f 12067 12061 12060
f 12067 12060 12066
f 12068 12062 12061
f 12068 12061 12067
f 12064 12063 12062
f 12064 12062 12068
f 12077 12069 12070
f 12077 12071 12069
f 12078 12072 12071
f 12078 12071 12077
f 12079 12073 12072
f 12079 12072 12078
f 12080 12074 12073
f 12080 12073 12079
f 12076 12075 12074
f 12076 12074 12080
f 12089 12081 12082
f 12089 12083 12081
f 12090 12084 12083
f 12090 12083 12089
f 12091 12085 12084
f 12091 12084 12090
f 12092 12086 12085
f 12092 12085 12091
f 12088 12087 12086
f 12088 12086 12092
f 12101 12093 12094
f 12101 12095 12093
f 12102 12096 12095
f 12102 12095 12101
f 12103 12097 12096
f 12103 12096 12102
f 12104 12098 12097
f 12104 12097 12103
f 12100 12099 12098
f 12100 12098 12104
f 12105 12108 12107
f 12105 12106 12108
f 12109 12112 12111
f 12109 12110 12112
f 12115 12114 12113
f 12115 12116 12114
f 12119 12118 12117
f 12119 12120 12118
f 12123 12122 12121
f 12123 12124 12122
f 12126 12125 12130
f 12126 12130 12131
f 12127 12131 12132
f 12127 12126 12131
f 12128 12132 12133
f 12128 12127 12132
f 12129 12133 12134
f 12129 12128 12133
f 12136 12135 12141
f 12136 12141 12142
f 12137 12142 12143
f 12137 12136 12142
f 12138 12143 12144
f 12138 12137 12143
f 12139 12144 12145
f 12139 12138 12144
f 12140 12145 12146
f 12140 12139 12145
f 12148 12147 12152
f 12148 12152 12153
f 12149 12153 12154
f 12149 12148 12153
f 12150 12154 12155
f 12150 12149 12154
f 12151 12155 12156
f 12151 12150 12155
f 12158 12157 12162
f 12158 12162 12163
f 12159 12163 12164
f 12159 12158 12163
f 12160 12164 12165
f 12160 12159 12164
f 12161 12165 12166
f 12161 12160 12165
f 12177 12174 12173
f 12177 12173 12178
f 12179 12178 12173
f 12176 12174 12177
f 12180 12179 12173
f 12172 12180 12173
f 12172 12170 12180
f 12171 12170 12172
f 12175 12174 12176
f 12169 12175 12180
f 12169 12180 12170
f 12168 12169 12167
f 12168 12175 12169
f 12168 12174 12175
f 12193 12188 12182
f 12193 12194 12188
f 12189 12188 12194
f 12192 12193 12182
f 12190 12188 12189
f 12187 12188 12190
f 12187 12190 12185
f 12186 12187 12185
f 12191 12192 12182
f 12184 12190 12191
f 12184 12185 12190
f 12181 12183 12184
f 12181 12184 12191
f 12181 12191 12182
f 12195 12198 12197
f 12195 12196 12198
f 12199 12202 12201
f 12199 12200 12202
f 12203 12206 12205
f 12203 12204 12206
f 12207 12210 12209
f 12207 12208 12210
f 12211 12214 12213
f 12211 12212 12214
f 12215 12218 12217
f 12215 12216 12218
f 12219 12222 12221
f 12219 12220 12222
f 12223 12226 12225
f 12223 12224 12226
f 12229 12228 12227
f 12229 12230 12228
f 12233 12232 12231
f 12233 12234 12232
f 12236 12235 12237
f 12236 12237 12238
f 12242 12240 12239
f 12242 12239 12241
f 12244 12243 12245
f 12244 12245 12246
f 12249 12248 12247
f 12249 12250 12248
f 12251 12254 12253
f 12251 12252 12254
f 12255 12258 12257
f 12255 12256 12258
f 12259 12262 12261
f 12259 12260 12262
f 12263 12266 12265
f 12263 12264 12266
f 12267 12270 12269
f 12267 12268 12270
f 12271 12274 12273
f 12271 12272 12274
f 12275 12278 12277
f 12275 12276 12278
f 12279 12282 12281
f 12279 12280 12282
f 12283 12286 12285
f 12283 12284 12286
f 12287 12290 12289
f 12287 12288 12290
f 12291 12294 12293
f 12291 12292 12294
f 12295 12298 12297
f 12295 12296 12298
f 12302 12301 12304
f 12305 12304 12301
f 12303 12302 12304
f 12308 12305 12301
f 12299 12308 12301
f 12309 12308 12299
f 12307 12306 12305
f 12307 12305 12308
f 12300 12310 12309
f 12300 12309 12299
f 12315 12317 12314
f 12318 12314 12317
f 12316 12317 12315
f 12321 12314 12318
f 12313 12314 12321
f 12322 12313 12321
f 12320 12318 12319
f 12320 12321 12318
f 12311 12322 12312
f 12311 12313 12322
f 12334 12361 12362
f 12333 12362 12363
f 12333 12363 12364
f 12333 12334 12362
f 12335 12359 12360
f 12335 12360 12361
f 12335 12361 12334
f 12332 12323 12324
f 12332 12364 12323
f 12332 12333 12364
f 12336 12358 12359
f 12336 12359 12335
f 12331 12332 12324
f 12330 12324 12325
f 12330 12331 12324
f 12370 12358 12336
f 12371 12358 12370
f 12329 12325 12326
f 12329 12326 12327
f 12329 12330 12325
f 12374 12358 12371
f 12368 12336 12337
f 12368 12370 12336
f 12328 12329 12327
f 12357 12358 12374
f 12355 12374 12373
f 12355 12357 12374
f 12354 12355 12373
f 12372 12354 12373
f 12369 12368 12337
f 12369 12337 12338
f 12353 12354 12372
f 12365 12338 12339
f 12365 12369 12338
f 12356 12357 12355
f 12376 12353 12372
f 12340 12365 12339
f 12340 12366 12365
f 12352 12353 12376
f 12351 12352 12376
f 12351 12376 12375
f 12341 12366 12340
f 12341 12367 12366
f 12350 12351 12375
f 12350 12375 12378
f 12342 12367 12341
f 12349 12350 12378
f 12343 12367 12342
f 12343 12379 12367
f 12348 12378 12377
f 12348 12349 12378
f 12344 12379 12343
f 12347 12348 12377
f 12345 12379 12344
f 12346 12377 12379
f 12346 12379 12345
f 12346 12347 12377
f 12387 12415 12414
f 12386 12416 12415
f 12386 12417 12416
f 12386 12415 12387
f 12388 12413 12412
f 12388 12414 12413
f 12388 12387 12414
f 12385 12418 12417
f 12385 12419 12418
f 12385 12417 12386
f 12389 12412 12411
f 12389 12388 12412
f 12384 12419 12385
f 12383 12420 12419
f 12383 12419 12384
f 12422 12389 12411
f 12424 12422 12411
f 12382 12421 12420
f 12382 12380 12421
f 12382 12420 12383
f 12427 12424 12411
f 12423 12390 12389
f 12423 12389 12422
f 12381 12380 12382
f 12410 12427 12411
f 12408 12426 12427
f 12408 12427 12410
f 12407 12426 12408
f 12425 12426 12407
f 12436 12391 12390
f 12436 12390 12423
f 12406 12425 12407
f 12434 12392 12391
f 12434 12391 12436
f 12409 12408 12410
f 12429 12425 12406
f 12393 12392 12434
f 12393 12434 12435
f 12405 12429 12406
f 12404 12429 12405
f 12404 12428 12429
f 12394 12393 12435
f 12394 12435 12432
f 12403 12431 12428
f 12403 12428 12404
f 12395 12394 12432
f 12402 12431 12403
f 12396 12395 12432
f 12396 12432 12433
f 12401 12430 12431
f 12401 12431 12402
f 12397 12396 12433
f 12400 12430 12401
f 12398 12397 12433
f 12399 12433 12430
f 12399 12430 12400
f 12399 12398 12433
f 12444 12437 12438
f 12444 12439 12437
f 12445 12440 12439
f 12445 12439 12444
f 12446 12441 12440
f 12446 12440 12445
f 12443 12442 12441
f 12443 12441 12446
f 12447 12450 12449
f 12447 12448 12450
f 12458 12451 12452
f 12458 12453 12451
f 12459 12454 12453
f 12459 12453 12458
f 12460 12455 12454
f 12460 12454 12459
f 12457 12456 12455
f 12457 12455 12460
f 12468 12461 12462
f 12468 12463 12461
f 12469 12464 12463
f 12469 12463 12468
f 12470 12465 12464
f 12470 12464 12469
f 12467 12466 12465
f 12467 12465 12470
f 12471 12474 12473
f 12471 12472 12474
f 12483 12475 12476
f 12483 12477 12475
f 12484 12478 12477
f 12484 12477 12483
f 12485 12479 12478
f 12485 12478 12484
f 12486 12480 12479
f 12486 12479 12485
f 12482 12481 12480
f 12482 12480 12486
f 12494 12487 12488
f 12494 12489 12487
f 12495 12490 12489
f 12495 12489 12494
f 12496 12491 12490
f 12496 12490 12495
f 12493 12492 12491
f 12493 12491 12496
f 12504 12497 12498
f 12504 12499 12497
f 12505 12500 12499
f 12505 12499 12504
f 12506 12501 12500
f 12506 12500 12505
f 12503 12502 12501
f 12503 12501 12506
f 12514 12507 12508
f 12514 12509 12507
f 12515 12510 12509
f 12515 12509 12514
f 12516 12511 12510
f 12516 12510 12515
f 12513 12512 12511
f 12513 12511 12516
f 12517 12520 12519
f 12517 12518 12520
f 12521 12524 12523
f 12521 12522 12524
f 12525 12528 12527
f 12525 12526 12528
f 12529 12532 12531
f 12529 12530 12532
f 12543 12533 12534
f 12543 12535 12533
f 12544 12536 12535
f 12544 12535 12543
f 12545 12537 12536
f 12545 12536 12544
f 12546 12538 12537
f 12546 12537 12545
f 12547 12539 12538
f 12547 12538 12546
f 12548 12540 12539
f 12548 12539 12547
f 12542 12541 12540
f 12542 12540 12548
f 12550 12549 12552
f 12550 12552 12553
f 12551 12553 12554
f 12551 12550 12553
f 12556 12555 12558
f 12556 12558 12559
f 12560 12556 12559
f 12557 12556 12560
f 12562 12561 12564
f 12562 12564 12565
f 12563 12565 12566
f 12563 12562 12565
f 12568 12567 12570
f 12568 12570 12571
f 12572 12568 12571
f 12569 12568 12572
f 12574 12573 12576
f 12574 12576 12577
f 12575 12577 12578
f 12575 12574 12577
f 12580 12579 12583
f 12580 12583 12584
f 12581 12584 12585
f 12581 12580 12584
f 12582 12585 12586
f 12582 12581 12585
f 12587 12589 12590
f 12587 12590 12588
f 12593 12592 12591
f 12593 12594 12592
f 12601 12595 12596
f 12601 12597 12595
f 12602 12598 12597
f 12602 12597 12601
f 12600 12599 12598
f 12600 12598 12602
f 12603 12606 12605
f 12603 12604 12606
f 12613 12607 12608
f 12613 12609 12607
f 12614 12610 12609
f 12614 12609 12613
f 12612 12611 12610
f 12612 12610 12614
f 12621 12615 12616
f 12621 12617 12615
f 12622 12618 12617
f 12622 12617 12621
f 12620 12619 12618
f 12620 12618 12622
f 12630 12623 12624
f 12630 12625 12623
f 12631 12626 12625
f 12631 12625 12630
f 12632 12627 12626
f 12632 12626 12631
f 12629 12628 12627
f 12629 12627 12632
f 12638 12633 12634
f 12638 12635 12633
f 12637 12636 12635
f 12637 12635 12638
f 12644 12639 12640
f 12644 12641 12639
f 12643 12642 12641
f 12643 12641 12644
f 12650 12645 12646
f 12650 12647 12645
f 12649 12648 12647
f 12649 12647 12650
f 12654 12651 12652
f 12654 12653 12651
f 12660 12655 12656
f 12660 12657 12655
f 12659 12658 12657
f 12659 12657 12660
f 12666 12661 12662
f 12666 12663 12661
f 12665 12664 12663
f 12665 12663 12666
f 12674 12667 12668
f 12674 12669 12667
f 12675 12670 12669
f 12675 12669 12674
f 12676 12671 12670
f 12676 12670 12675
f 12673 12672 12671
f 12673 12671 12676
f 12678 12679 12677
f 12678 12680 12679
f 12687 12681 12682
f 12687 12683 12681
f 12688 12684 12683
f 12688 12683 12687
f 12686 12685 12684
f 12686 12684 12688
f 12695 12689 12690
f 12695 12691 12689
f 12696 12692 12691
f 12696 12691 12695
f 12694 12693 12692
f 12694 12692 12696
f 12704 12697 12698
f 12704 12699 12697
f 12705 12700 12699
f 12705 12699 12704
f 12706 12701 12700
f 12706 12700 12705
f 12703 12702 12701
f 12703 12701 12706
f 12712 12707 12708
f 12712 12709 12707
f 12711 12710 12709
f 12711 12709 12712
f 12718 12713 12714
f 12718 12715 12713
f 12717 12716 12715
f 12717 12715 12718
f 12724 12719 12720
f 12724 12721 12719
f 12723 12722 12721
f 12723 12721 12724
f 12728 12725 12726
f 12728 12727 12725
f 12736 12729 12730
f 12736 12731 12729
f 12737 12732 12731
f 12737 12731 12736
f 12738 12733 12732
f 12738 12732 12737
f 12735 12734 12733
f 12735 12733 12738
f 12766 12757 12751
f 12769 12751 12752
f 12769 12752 12753
f 12769 12766 12751
f 12767 12756 12757
f 12767 12757 12766
f 12768 12749 12750
f 12768 12753 12754
f 12768 12754 12749
f 12768 12769 12753
f 12762 12755 12756
f 12762 12756 12767
f 12763 12760 12755
f 12763 12755 12762
f 12770 12750 12747
f 12770 12768 12750
f 12748 12770 12747
f 12764 12759 12760
f 12764 12760 12763
f 12772 12770 12748
f 12765 12758 12759
f 12765 12759 12764
f 12761 12758 12765
f 12745 12772 12748
f 12745 12771 12772
f 12784 12789 12787
f 12746 12771 12745
f 12774 12771 12746
f 12744 12774 12746
f 12785 12789 12784
f 12785 12788 12789
f 12773 12774 12744
f 12786 12788 12785
f 12786 12743 12788
f 12781 12743 12786
f 12776 12744 12739
f 12776 12773 12744
f 12775 12776 12739
f 12782 12742 12743
f 12782 12743 12781
f 12780 12775 12739
f 12783 12741 12742
f 12783 12742 12782
f 12779 12739 12740
f 12779 12780 12739
f 12777 12740 12741
f 12777 12741 12783
f 12778 12740 12777
f 12778 12779 12740
f 12820 12805 12811
f 12823 12806 12805
f 12823 12807 12806
f 12823 12805 12820
f 12821 12811 12810
f 12821 12820 12811
f 12822 12804 12803
f 12822 12808 12807
f 12822 12803 12808
f 12822 12807 12823
f 12816 12810 12809
f 12816 12821 12810
f 12817 12809 12814
f 12817 12816 12809
f 12824 12801 12804
f 12824 12804 12822
f 12802 12801 12824
f 12818 12814 12813
f 12818 12817 12814
f 12826 12802 12824
f 12819 12813 12812
f 12819 12818 12813
f 12815 12819 12812
f 12799 12802 12826
f 12799 12826 12825
f 12838 12793 12792
f 12800 12799 12825
f 12828 12800 12825
f 12798 12800 12828
f 12839 12792 12791
f 12839 12838 12792
f 12827 12798 12828
f 12840 12791 12790
f 12840 12839 12791
f 12835 12840 12790
f 12830 12794 12798
f 12830 12798 12827
f 12829 12794 12830
f 12836 12790 12797
f 12836 12835 12790
f 12834 12794 12829
f 12837 12797 12796
f 12837 12836 12797
f 12833 12795 12794
f 12833 12794 12834
f 12831 12796 12795
f 12831 12837 12796
f 12832 12831 12795
f 12832 12795 12833
f 12841 12844 12843
f 12841 12842 12844
f 12845 12848 12847
f 12845 12846 12848
f 12852 12849 12850
f 12852 12851 12849
f 12855 12853 12854
f 12855 12854 12856
f 12857 12860 12859
f 12857 12858 12860
f 12861 12864 12863
f 12861 12862 12864
f 12865 12868 12867
f 12865 12866 12868
f 12869 12872 12871
f 12869 12870 12872
f 12873 12876 12875
f 12873 12874 12876
f 12884 12877 12878
f 12884 12879 12877
f 12885 12880 12879
f 12885 12879 12884
f 12886 12881 12880
f 12886 12880 12885
f 12883 12882 12881
f 12883 12881 12886
f 12890 12887 12888
f 12890 12889 12887
f 12891 12894 12893
f 12891 12892 12894
f 12897 12895 12896
f 12898 12897 12896
f 12907 12899 12900
f 12907 12901 12899
f 12908 12902 12901
f 12908 12901 12907
f 12909 12903 12902
f 12909 12902 12908
f 12910 12904 12903
f 12910 12903 12909
f 12906 12905 12904
f 12906 12904 12910
f 12911 12914 12913
f 12911 12912 12914
f 12917 12915 12916
f 12920 12921 12922
f 12923 12918 12919
f 12923 12919 12920
f 12936 12917 12918
f 12936 12915 12917
f 12936 12918 12923
f 12924 12935 12936
f 12924 12936 12923
f 12925 12935 12924
f 12934 12935 12925
f 12926 12934 12925
f 12933 12926 12927
f 12933 12934 12926
f 12932 12933 12927
f 12931 12927 12928
f 12931 12932 12927
f 12930 12928 12929
f 12930 12931 12928
f 12922 12923 12920
f 12938 12937 12958
f 12941 12943 12942
f 12944 12940 12939
f 12944 12941 12940
f 12957 12939 12938
f 12957 12938 12958
f 12957 12944 12939
f 12945 12957 12956
f 12945 12944 12957
f 12946 12945 12956
f 12955 12946 12956
f 12947 12946 12955
f 12954 12948 12947
f 12954 12947 12955
f 12953 12948 12954
f 12952 12949 12948
f 12952 12948 12953
f 12951 12950 12949
f 12951 12949 12952
f 12943 12941 12944
f 12959 12962 12961
f 12959 12960 12962
f 12963 12966 12965
f 12963 12964 12966
f 12967 12970 12969
f 12967 12968 12970
f 12971 12974 12973
f 12971 12972 12974
f 12975 12978 12977
f 12975 12976 12978
f 12979 12982 12981
f 12979 12980 12982
f 12983 12986 12985
f 12983 12984 12986
f 12987 12990 12989
f 12987 12988 12990
f 12991 12994 12993
f 12991 12992 12994
f 12995 12998 12997
f 12995 12996 12998
f 12999 13002 13001
f 12999 13000 13002
f 13003 13006 13005
f 13003 13004 13006
f 13010 13009 13012
f 13013 13012 13009
f 13011 13010 13012
f 13016 13013 13009
f 13007 13016 13009
f 13017 13016 13007
f 13015 13014 13013
f 13015 13013 13016
f 13008 13018 13017
f 13008 13017 13007
f 13023 13025 13022
f 13026 13022 13025
f 13024 13025 13023
f 13029 13022 13026
f 13021 13022 13029
f 13030 13021 13029
f 13028 13026 13027
f 13028 13029 13026
f 13019 13030 13020
f 13019 13021 13030
f 13057 13047 13048
f 13064 13045 13046
f 13064 13046 13047
f 13064 13047 13057
f 13058 13048 13049
f 13058 13057 13048
f 13063 13044 13045
f 13063 13045 13064
f 13059 13049 13050
f 13059 13058 13049
f 13062 13043 13044
f 13062 13044 13063
f 13060 13050 13051
f 13060 13059 13050
f 13061 13041 13042
f 13061 13042 13043
f 13061 13043 13062
f 13056 13051 13052
f 13056 13060 13051
f 13069 13040 13041
f 13069 13041 13061
f 13068 13039 13040
f 13068 13040 13069
f 13054 13056 13052
f 13053 13054 13052
f 13067 13039 13068
f 13038 13039 13067
f 13066 13038 13067
f 13037 13038 13066
f 13065 13037 13066
f 13036 13037 13065
f 13073 13036 13065
f 13035 13036 13073
f 13034 13035 13073
f 13034 13073 13072
f 13033 13034 13072
f 13033 13072 13071
f 13032 13033 13071
f 13032 13071 13070
f 13055 13032 13070
f 13031 13054 13053
f 13031 13055 13054
f 13031 13032 13055
f 13097 13090 13089
f 13105 13088 13087
f 13105 13089 13088
f 13105 13097 13089
f 13098 13091 13090
f 13098 13090 13097
f 13104 13087 13086
f 13104 13105 13087
f 13099 13092 13091
f 13099 13091 13098
f 13103 13086 13085
f 13103 13104 13086
f 13100 13093 13092
f 13100 13092 13099
f 13102 13084 13083
f 13102 13085 13084
f 13102 13103 13085
f 13101 13094 13093
f 13101 13093 13100
f 13110 13083 13082
f 13110 13102 13083
f 13109 13082 13081
f 13109 13110 13082
f 13116 13094 13101
f 13095 13094 13116
f 13108 13109 13081
f 13080 13108 13081
f 13107 13108 13080
f 13079 13107 13080
f 13106 13107 13079
f 13078 13106 13079
f 13114 13106 13078
f 13077 13114 13078
f 13076 13114 13077
f 13076 13113 13114
f 13075 13113 13076
f 13075 13112 13113
f 13074 13112 13075
f 13074 13111 13112
f 13115 13111 13074
f 13096 13095 13116
f 13096 13115 13074
f 13096 13116 13115
f 13117 13120 13119
f 13117 13118 13120
f 13129 13121 13122
f 13129 13123 13121
f 13130 13124 13123
f 13130 13123 13129
f 13131 13125 13124
f 13131 13124 13130
f 13132 13126 13125
f 13132 13125 13131
f 13128 13127 13126
f 13128 13126 13132
f 13141 13133 13134
f 13141 13135 13133
f 13142 13136 13135
f 13142 13135 13141
f 13143 13137 13136
f 13143 13136 13142
f 13144 13138 13137
f 13144 13137 13143
f 13140 13139 13138
f 13140 13138 13144
f 13153 13145 13146
f 13153 13147 13145
f 13154 13148 13147
f 13154 13147 13153
f 13155 13149 13148
f 13155 13148 13154
f 13156 13150 13149
f 13156 13149 13155
f 13152 13151 13150
f 13152 13150 13156
f 13165 13157 13158
f 13165 13159 13157
f 13166 13160 13159
f 13166 13159 13165
f 13167 13161 13160
f 13167 13160 13166
f 13168 13162 13161
f 13168 13161 13167
f 13164 13163 13162
f 13164 13162 13168
f 13169 13172 13171
f 13169 13170 13172
f 13173 13176 13175
f 13173 13174 13176
f 13179 13178 13177
f 13179 13180 13178
f 13183 13182 13181
f 13183 13184 13182
f 13187 13186 13185
f 13187 13188 13186
f 13190 13189 13194
f 13190 13194 13195
f 13191 13195 13196
f 13191 13190 13195
f 13192 13196 13197
f 13192 13191 13196
f 13193 13197 13198
f 13193 13192 13197
f 13200 13199 13205
f 13200 13205 13206
f 13201 13206 13207
f 13201 13200 13206
f 13202 13207 13208
f 13202 13201 13207
f 13203 13208 13209
f 13203 13202 13208
f 13204 13209 13210
f 13204 13203 13209
f 13212 13211 13216
f 13212 13216 13217
f 13213 13217 13218
f 13213 13212 13217
f 13214 13218 13219
f 13214 13213 13218
f 13215 13219 13220
f 13215 13214 13219
f 13222 13221 13226
f 13222 13226 13227
f 13223 13227 13228
f 13223 13222 13227
f 13224 13228 13229
f 13224 13223 13228
f 13225 13229 13230
f 13225 13224 13229
f 13241 13238 13237
f 13241 13237 13242
f 13243 13242 13237
f 13240 13238 13241
f 13244 13243 13237
f 13236 13244 13237
f 13236 13234 13244
f 13235 13234 13236
f 13239 13238 13240
f 13233 13239 13244
f 13233 13244 13234
f 13232 13233 13231
f 13232 13239 13233
f 13232 13238 13239
f 13257 13252 13246
f 13257 13258 13252
f 13253 13252 13258
f 13256 13257 13246
f 13254 13252 13253
f 13251 13252 13254
f 13251 13254 13249
f 13250 13251 13249
f 13255 13256 13246
f 13248 13254 13255
f 13248 13249 13254
f 13245 13247 13248
f 13245 13248 13255
f 13245 13255 13246
f 13259 13262 13261
f 13259 13260 13262
f 13263 13266 13265
f 13263 13264 13266
f 13267 13270 13269
f 13267 13268 13270
f 13271 13274 13273
f 13271 13272 13274
f 13275 13278 13277
f 13275 13276 13278
f 13279 13282 13281
f 13279 13280 13282
f 13283 13286 13285
f 13283 13284 13286
f 13287 13290 13289
f 13287 13288 13290
f 13293 13292 13291
f 13293 13294 13292
f 13297 13296 13295
f 13297 13298 13296
f 13300 13299 13301
f 13300 13301 13302
f 13305 13304 13303
f 13305 13306 13304
f 13308 13307 13309
f 13308 13309 13310
f 13313 13312 13311
f 13313 13314 13312
f 13381 13441 13432
f 13382 13441 13381
f 13382 13440 13441
f 13380 13432 13433
f 13380 13381 13432
f 13383 13440 13382
f 13383 13439 13440
f 13379 13380 13433
f 13379 13433 13434
f 13384 13439 13383
f 13384 13438 13439
f 13378 13379 13434
f 13378 13434 13435
f 13378 13435 13436
f 13385 13437 13438
f 13385 13438 13384
f 13374 13442 13437
f 13374 13437 13385
f 13377 13436 13428
f 13377 13378 13436
f 13392 13428 13429
f 13392 13377 13428
f 13375 13442 13374
f 13391 13392 13429
f 13390 13429 13430
f 13390 13391 13429
f 13369 13444 13445
f 13369 13445 13442
f 13370 13443 13444
f 13370 13444 13369
f 13431 13390 13430
f 13368 13369 13442
f 13368 13442 13375
f 13368 13375 13376
f 13371 13448 13449
f 13371 13449 13443
f 13371 13443 13370
f 13367 13368 13376
f 13372 13448 13371
f 13372 13447 13448
f 13389 13390 13431
f 13373 13446 13447
f 13373 13447 13372
f 13425 13389 13431
f 13388 13389 13425
f 13358 13453 13446
f 13358 13446 13373
f 13359 13452 13453
f 13359 13453 13358
f 13426 13387 13388
f 13426 13388 13425
f 13360 13452 13359
f 13451 13452 13360
f 13427 13386 13387
f 13427 13387 13426
f 13361 13451 13360
f 13418 13386 13427
f 13467 13397 13398
f 13467 13398 13399
f 13466 13396 13397
f 13466 13397 13467
f 13468 13467 13399
f 13468 13399 13386
f 13465 13396 13466
f 13465 13395 13396
f 13362 13451 13361
f 13450 13451 13362
f 13469 13468 13386
f 13464 13395 13465
f 13464 13394 13395
f 13463 13394 13464
f 13463 13393 13394
f 13463 13404 13393
f 13470 13386 13418
f 13470 13469 13386
f 13471 13470 13418
f 13490 13404 13463
f 13490 13403 13404
f 13472 13418 13419
f 13472 13471 13418
f 13489 13403 13490
f 13489 13401 13402
f 13489 13402 13403
f 13363 13450 13362
f 13473 13419 13420
f 13473 13472 13419
f 13456 13450 13363
f 13488 13401 13489
f 13474 13473 13420
f 13400 13401 13488
f 13400 13488 13487
f 13421 13474 13420
f 13475 13474 13421
f 13486 13400 13487
f 13364 13456 13363
f 13422 13475 13421
f 13455 13456 13364
f 13423 13475 13422
f 13423 13476 13475
f 13424 13477 13476
f 13424 13476 13423
f 13454 13364 13365
f 13454 13365 13366
f 13454 13455 13364
f 13407 13485 13484
f 13407 13400 13486
f 13407 13486 13485
f 13348 13366 13357
f 13409 13478 13477
f 13409 13477 13424
f 13408 13407 13484
f 13417 13484 13483
f 13417 13408 13484
f 13349 13454 13366
f 13349 13366 13348
f 13410 13478 13409
f 13416 13417 13483
f 13411 13479 13478
f 13411 13478 13410
f 13415 13416 13483
f 13415 13483 13482
f 13350 13454 13349
f 13350 13462 13454
f 13412 13479 13411
f 13412 13480 13479
f 13414 13415 13482
f 13414 13482 13481
f 13413 13414 13481
f 13413 13480 13412
f 13413 13481 13480
f 13351 13462 13350
f 13351 13461 13462
f 13352 13461 13351
f 13460 13461 13352
f 13353 13460 13352
f 13337 13332 13333
f 13337 13333 13334
f 13337 13334 13335
f 13459 13353 13354
f 13459 13460 13353
f 13328 13336 13327
f 13329 13335 13336
f 13329 13337 13335
f 13329 13336 13328
f 13330 13337 13329
f 13458 13354 13355
f 13458 13459 13354
f 13326 13330 13331
f 13326 13337 13330
f 13457 13355 13356
f 13457 13458 13355
f 13320 13356 13339
f 13320 13457 13356
f 13321 13338 13337
f 13321 13347 13338
f 13321 13337 13326
f 13319 13339 13340
f 13319 13320 13339
f 13318 13340 13341
f 13318 13319 13340
f 13322 13347 13321
f 13322 13346 13347
f 13317 13318 13341
f 13317 13341 13342
f 13323 13346 13322
f 13323 13345 13346
f 13316 13317 13342
f 13316 13342 13343
f 13324 13345 13323
f 13324 13344 13345
f 13325 13344 13324
f 13325 13343 13344
f 13315 13316 13343
f 13315 13343 13325
f 13406 13405 13407
f 13405 13400 13407
f 13564 13615 13624
f 13565 13564 13624
f 13565 13624 13623
f 13563 13616 13615
f 13563 13615 13564
f 13566 13565 13623
f 13566 13623 13622
f 13562 13616 13563
f 13562 13617 13616
f 13567 13566 13622
f 13567 13622 13621
f 13561 13618 13617
f 13561 13619 13618
f 13561 13617 13562
f 13568 13621 13620
f 13568 13567 13621
f 13557 13568 13620
f 13557 13620 13625
f 13560 13619 13561
f 13560 13611 13619
f 13575 13612 13611
f 13575 13611 13560
f 13558 13557 13625
f 13574 13612 13575
f 13573 13612 13574
f 13573 13613 13612
f 13552 13628 13627
f 13552 13625 13628
f 13553 13627 13626
f 13553 13552 13627
f 13614 13613 13573
f 13551 13558 13625
f 13551 13625 13552
f 13551 13559 13558
f 13554 13632 13631
f 13554 13626 13632
f 13554 13553 13626
f 13550 13559 13551
f 13555 13631 13630
f 13555 13554 13631
f 13572 13614 13573
f 13556 13630 13629
f 13556 13555 13630
f 13608 13614 13572
f 13571 13608 13572
f 13541 13629 13636
f 13541 13556 13629
f 13542 13636 13635
f 13542 13541 13636
f 13609 13608 13571
f 13609 13571 13570
f 13543 13542 13635
f 13634 13543 13635
f 13610 13570 13569
f 13610 13609 13570
f 13544 13543 13634
f 13601 13610 13569
f 13643 13581 13580
f 13643 13582 13581
f 13642 13580 13579
f 13642 13643 13580
f 13644 13582 13643
f 13644 13569 13582
f 13641 13642 13579
f 13641 13579 13578
f 13545 13544 13634
f 13633 13545 13634
f 13645 13569 13644
f 13640 13641 13578
f 13640 13578 13577
f 13639 13640 13577
f 13639 13577 13576
f 13639 13576 13587
f 13646 13601 13569
f 13646 13569 13645
f 13647 13601 13646
f 13666 13639 13587
f 13666 13587 13586
f 13648 13602 13601
f 13648 13601 13647
f 13665 13666 13586
f 13665 13585 13584
f 13665 13586 13585
f 13546 13545 13633
f 13649 13603 13602
f 13649 13602 13648
f 13638 13546 13633
f 13664 13665 13584
f 13650 13603 13649
f 13583 13664 13584
f 13583 13663 13664
f 13604 13603 13650
f 13651 13604 13650
f 13662 13663 13583
f 13547 13546 13638
f 13605 13604 13651
f 13637 13547 13638
f 13606 13605 13651
f 13606 13651 13652
f 13607 13652 13653
f 13607 13606 13652
f 13498 13548 13547
f 13498 13549 13548
f 13498 13547 13637
f 13590 13660 13661
f 13590 13662 13583
f 13590 13661 13662
f 13531 13540 13549
f 13592 13653 13654
f 13592 13607 13653
f 13591 13660 13590
f 13600 13659 13660
f 13600 13660 13591
f 13532 13549 13498
f 13532 13531 13549
f 13593 13592 13654
f 13599 13659 13600
f 13594 13593 13654
f 13594 13654 13655
f 13598 13659 13599
f 13598 13658 13659
f 13533 13498 13497
f 13533 13532 13498
f 13595 13594 13655
f 13595 13655 13656
f 13597 13658 13598
f 13597 13657 13658
f 13596 13595 13656
f 13596 13657 13597
f 13596 13656 13657
f 13534 13497 13496
f 13534 13533 13497
f 13535 13534 13496
f 13495 13535 13496
f 13536 13535 13495
f 13520 13516 13515
f 13520 13517 13516
f 13520 13518 13517
f 13494 13537 13536
f 13494 13536 13495
f 13511 13510 13519
f 13512 13519 13518
f 13512 13518 13520
f 13512 13511 13519
f 13513 13512 13520
f 13493 13538 13537
f 13493 13537 13494
f 13509 13514 13513
f 13509 13513 13520
f 13492 13539 13538
f 13492 13538 13493
f 13491 13522 13539
f 13491 13539 13492
f 13504 13520 13521
f 13504 13521 13530
f 13504 13509 13520
f 13503 13523 13522
f 13503 13522 13491
f 13502 13524 13523
f 13502 13523 13503
f 13505 13504 13530
f 13505 13530 13529
f 13501 13524 13502
f 13501 13525 13524
f 13506 13505 13529
f 13506 13529 13528
f 13500 13525 13501
f 13500 13526 13525
f 13507 13506 13528
f 13507 13528 13527
f 13508 13507 13527
f 13508 13527 13526
f 13499 13526 13500
f 13499 13508 13526
f 13589 13590 13588
f 13588 13590 13583
f 13677 13667 13668
f 13677 13669 13667
f 13678 13670 13669
f 13678 13669 13677
f 13679 13671 13670
f 13679 13670 13678
f 13680 13672 13671
f 13680 13671 13679
f 13681 13673 13672
f 13681 13672 13680
f 13682 13674 13673
f 13682 13673 13681
f 13676 13675 13674
f 13676 13674 13682
f 13689 13683 13684
f 13689 13685 13683
f 13690 13686 13685
f 13690 13685 13689
f 13688 13687 13686
f 13688 13686 13690
f 13698 13691 13692
f 13698 13693 13691
f 13699 13694 13693
f 13699 13693 13698
f 13700 13695 13694
f 13700 13694 13699
f 13697 13696 13695
f 13697 13695 13700
f 13708 13701 13702
f 13708 13703 13701
f 13709 13704 13703
f 13709 13703 13708
f 13710 13705 13704
f 13710 13704 13709
f 13707 13706 13705
f 13707 13705 13710
f 13717 13711 13712
f 13717 13713 13711
f 13718 13714 13713
f 13718 13713 13717
f 13716 13715 13714
f 13716 13714 13718
f 13722 13719 13720
f 13722 13721 13719
f 13725 13723 13724
f 13731 13725 13724
f 13726 13725 13731
f 13732 13726 13731
f 13727 13726 13732
f 13733 13727 13732
f 13734 13728 13727
f 13734 13727 13733
f 13730 13729 13728
f 13730 13728 13734
f 13743 13735 13736
f 13743 13737 13735
f 13744 13738 13737
f 13744 13737 13743
f 13745 13739 13738
f 13745 13738 13744
f 13746 13740 13739
f 13746 13739 13745
f 13742 13741 13740
f 13742 13740 13746
f 13754 13747 13748
f 13754 13749 13747
f 13755 13750 13749
f 13755 13749 13754
f 13756 13751 13750
f 13756 13750 13755
f 13753 13752 13751
f 13753 13751 13756
f 13763 13757 13758
f 13763 13759 13757
f 13764 13760 13759
f 13764 13759 13763
f 13762 13761 13760
f 13762 13760 13764
f 13775 13765 13766
f 13775 13767 13765
f 13776 13768 13767
f 13776 13767 13775
f 13777 13769 13768
f 13777 13768 13776
f 13778 13770 13769
f 13778 13769 13777
f 13779 13771 13770
f 13779 13770 13778
f 13780 13772 13771
f 13780 13771 13779
f 13774 13773 13772
f 13774 13772 13780
f 13793 13781 13782
f 13793 13783 13781
f 13794 13784 13783
f 13794 13783 13793
f 13795 13785 13784
f 13795 13784 13794
f 13796 13786 13785
f 13796 13785 13795
f 13797 13787 13786
f 13797 13786 13796
f 13798 13788 13787
f 13798 13787 13797
f 13799 13789 13788
f 13799 13788 13798
f 13800 13790 13789
f 13800 13789 13799
f 13792 13791 13790
f 13792 13790 13800
f 13802 13803 13801
f 13802 13804 13803
f 13805 13808 13807
f 13805 13806 13808
f 13809 13812 13811
f 13809 13810 13812
f 13813 13816 13815
f 13813 13814 13816
f 13825 13817 13818
f 13825 13819 13817
f 13826 13820 13819
f 13826 13819 13825
f 13827 13821 13820
f 13827 13820 13826
f 13828 13822 13821
f 13828 13821 13827
f 13824 13823 13822
f 13824 13822 13828
f 13839 13829 13830
f 13839 13831 13829
f 13840 13832 13831
f 13840 13831 13839
f 13841 13833 13832
f 13841 13832 13840
f 13842 13834 13833
f 13842 13833 13841
f 13843 13835 13834
f 13843 13834 13842
f 13844 13836 13835
f 13844 13835 13843
f 13838 13837 13836
f 13838 13836 13844
f 13855 13845 13846
f 13855 13847 13845
f 13856 13848 13847
f 13856 13847 13855
f 13857 13849 13848
f 13857 13848 13856
f 13858 13850 13849
f 13858 13849 13857
f 13859 13851 13850
f 13859 13850 13858
f 13860 13852 13851
f 13860 13851 13859
f 13854 13853 13852
f 13854 13852 13860
f 13873 13861 13862
f 13873 13863 13861
f 13874 13864 13863
f 13874 13863 13873
f 13875 13865 13864
f 13875 13864 13874
f 13876 13866 13865
f 13876 13865 13875
f 13877 13867 13866
f 13877 13866 13876
f 13878 13868 13867
f 13878 13867 13877
f 13879 13869 13868
f 13879 13868 13878
f 13880 13870 13869
f 13880 13869 13879
f 13872 13871 13870
f 13872 13870 13880
f 13887 13881 13882
f 13887 13883 13881
f 13888 13884 13883
f 13888 13883 13887
f 13886 13885 13884
f 13886 13884 13888
f 13899 13889 13890
f 13899 13891 13889
f 13900 13892 13891
f 13900 13891 13899
f 13901 13893 13892
f 13901 13892 13900
f 13902 13894 13893
f 13902 13893 13901
f 13903 13895 13894
f 13903 13894 13902
f 13904 13896 13895
f 13904 13895 13903
f 13898 13897 13896
f 13898 13896 13904
f 13917 13905 13906
f 13917 13907 13905
f 13918 13908 13907
f 13918 13907 13917
f 13919 13909 13908
f 13919 13908 13918
f 13920 13910 13909
f 13920 13909 13919
f 13921 13911 13910
f 13921 13910 13920
f 13922 13912 13911
f 13922 13911 13921
f 13923 13913 13912
f 13923 13912 13922
f 13924 13914 13913
f 13924 13913 13923
f 13916 13915 13914
f 13916 13914 13924
f 13925 13928 13927
f 13925 13926 13928
f 13941 13929 13930
f 13941 13931 13929
f 13942 13932 13931
f 13942 13931 13941
f 13943 13933 13932
f 13943 13932 13942
f 13944 13934 13933
f 13944 13933 13943
f 13945 13935 13934
f 13945 13934 13944
f 13946 13936 13935
f 13946 13935 13945
f 13947 13937 13936
f 13947 13936 13946
f 13948 13938 13937
f 13948 13937 13947
f 13940 13939 13938
f 13940 13938 13948
f 13961 13949 13950
f 13961 13951 13949
f 13962 13952 13951
f 13962 13951 13961
f 13963 13953 13952
f 13963 13952 13962
f 13964 13954 13953
f 13964 13953 13963
f 13965 13955 13954
f 13965 13954 13964
f 13966 13956 13955
f 13966 13955 13965
f 13967 13957 13956
f 13967 13956 13966
f 13968 13958 13957
f 13968 13957 13967
f 13960 13959 13958
f 13960 13958 13968
f 13969 13972 13971
f 13969 13970 13972
f 13976 13973 13974
f 13976 13975 13973
f 13985 13977 13978
f 13985 13979 13977
f 13986 13980 13979
f 13986 13979 13985
f 13987 13981 13980
f 13987 13980 13986
f 13988 13982 13981
f 13988 13981 13987
f 13984 13983 13982
f 13984 13982 13988
f 13997 13989 13990
f 13997 13991 13989
f 13998 13992 13991
f 13998 13991 13997
f 13999 13993 13992
f 13999 13992 13998
f 14000 13994 13993
f 14000 13993 13999
f 13996 13995 13994
f 13996 13994 14000
f 14002 14003 14001
f 14002 14004 14003
f 14013 14005 14006
f 14013 14007 14005
f 14014 14008 14007
f 14014 14007 14013
f 14015 14009 14008
f 14015 14008 14014
f 14016 14010 14009
f 14016 14009 14015
f 14012 14011 14010
f 14012 14010 14016
f 14025 14017 14018
f 14025 14019 14017
f 14026 14020 14019
f 14026 14019 14025
f 14027 14021 14020
f 14027 14020 14026
f 14028 14022 14021
f 14028 14021 14027
f 14024 14023 14022
f 14024 14022 14028
f 14030 14029 14044
f 14030 14044 14045
f 14031 14045 14046
f 14031 14030 14045
f 14032 14046 14047
f 14032 14031 14046
f 14033 14047 14048
f 14033 14032 14047
f 14034 14048 14049
f 14034 14033 14048
f 14035 14049 14050
f 14035 14034 14049
f 14036 14050 14051
f 14036 14035 14050
f 14037 14051 14052
f 14037 14036 14051
f 14038 14052 14053
f 14038 14037 14052
f 14039 14053 14054
f 14039 14038 14053
f 14040 14054 14055
f 14040 14039 14054
f 14041 14055 14056
f 14041 14040 14055
f 14042 14056 14057
f 14042 14041 14056
f 14043 14057 14058
f 14043 14042 14057
f 14060 14059 14074
f 14060 14074 14075
f 14061 14075 14076
f 14061 14060 14075
f 14062 14076 14077
f 14062 14061 14076
f 14063 14077 14078
f 14063 14062 14077
f 14064 14078 14079
f 14064 14063 14078
f 14065 14079 14080
f 14065 14064 14079
f 14066 14080 14081
f 14066 14065 14080
f 14067 14081 14082
f 14067 14066 14081
f 14068 14082 14083
f 14068 14067 14082
f 14069 14083 14084
f 14069 14068 14083
f 14070 14084 14085
f 14070 14069 14084
f 14071 14085 14086
f 14071 14070 14085
f 14072 14086 14087
f 14072 14071 14086
f 14073 14087 14088
f 14073 14072 14087
