v -1.3 2.0 -0.52
v -1.3 2.0 -0.72
v -1.3 1.6 -0.52
newmtl 1
Ka 0.7529411764705882 0.7529411764705882 0.7529411764705882
Kd 0.7529411764705882 0.7529411764705882 0.7529411764705882
Ks 0.3764705882352941 0.3764705882352941 0.3764705882352941
d 0.0
endmtl
v -1.3 1.6 -0.72
v -1.1 2.0 -0.52
v -1.1 2.0 -0.72
v -1.1 1.6 -0.52
v -1.1 1.6 -0.72
v -2.0 1.3 -0.52
v -2.0 1.3 -0.72
v -2.0 1.1 -0.52
v -2.0 1.1 -0.72
v -1.6 1.3 -0.52
v -1.6 1.3 -0.72
v -1.6 1.1 -0.52
v -1.6 1.1 -0.72
v -1.3 -2.0 -0.52
v -1.3 -2.0 -0.72
v -1.1 -2.0 -0.52
v -1.1 -2.0 -0.72
v -1.3 -1.6 -0.52
v -1.3 -1.6 -0.72
v -1.1 -1.6 -0.52
v -1.1 -1.6 -0.72
v 2.0 1.3 -0.52
v 2.0 1.3 -0.72
v 1.6 1.3 -0.52
v 1.6 1.3 -0.72
v 2.0 1.1 -0.52
v 2.0 1.1 -0.72
v 1.6 1.1 -0.52
v 1.6 1.1 -0.72
v 1.4 -1.4 -0.52
v 1.4 -1.4 -0.72
v 1.4 1.4 -0.52
v 1.4 1.4 -0.72
v -1.1 -1.4 -0.52
v -1.1 -1.4 -0.72
v -1.4 -1.1 -0.52
v -1.4 -1.1 -0.72
v -1.4 1.4 -0.52
v -1.4 1.4 -0.72
v -0.7 2.0 -0.52
v -0.7 2.0 -0.72
v -0.9 2.0 -0.52
v -0.9 2.0 -0.72
v -0.7 1.6 -0.52
v -0.7 1.6 -0.72
v -0.9 1.6 -0.52
v -0.9 1.6 -0.72
v -0.9 -2.0 -0.52
v -0.9 -2.0 -0.72
v -0.7 -2.0 -0.52
v -0.7 -2.0 -0.72
v -0.9 -1.6 -0.52
v -0.9 -1.6 -0.72
v -0.7 -1.6 -0.52
v -0.7 -1.6 -0.72
v -0.3 2.0 -0.52
v -0.3 2.0 -0.72
v -0.5 2.0 -0.52
v -0.5 2.0 -0.72
v -0.3 1.6 -0.52
v -0.3 1.6 -0.72
v -0.5 1.6 -0.52
v -0.5 1.6 -0.72
v -0.5 -2.0 -0.52
v -0.5 -2.0 -0.72
v -0.3 -2.0 -0.52
v -0.3 -2.0 -0.72
v -0.5 -1.6 -0.52
v -0.5 -1.6 -0.72
v -0.3 -1.6 -0.52
v -0.3 -1.6 -0.72
v 0.1 2.0 -0.52
v 0.1 2.0 -0.72
v -0.1 2.0 -0.52
v -0.1 2.0 -0.72
v 0.1 1.6 -0.52
v 0.1 1.6 -0.72
v -0.1 1.6 -0.52
v -0.1 1.6 -0.72
v -0.1 -2.0 -0.52
v -0.1 -2.0 -0.72
v 0.1 -2.0 -0.52
v 0.1 -2.0 -0.72
v -0.1 -1.6 -0.52
v -0.1 -1.6 -0.72
v 0.1 -1.6 -0.52
v 0.1 -1.6 -0.72
v 0.5 2.0 -0.52
v 0.5 2.0 -0.72
v 0.3 2.0 -0.52
v 0.3 2.0 -0.72
v 0.5 1.6 -0.52
v 0.5 1.6 -0.72
v 0.3 1.6 -0.52
v 0.3 1.6 -0.72
v 0.3 -2.0 -0.52
v 0.3 -2.0 -0.72
v 0.5 -2.0 -0.52
v 0.5 -2.0 -0.72
v 0.3 -1.6 -0.52
v 0.3 -1.6 -0.72
v 0.5 -1.6 -0.52
v 0.5 -1.6 -0.72
v 0.9 2.0 -0.52
v 0.9 2.0 -0.72
v 0.7 2.0 -0.52
v 0.7 2.0 -0.72
v 0.9 1.6 -0.52
v 0.9 1.6 -0.72
v 0.7 1.6 -0.52
v 0.7 1.6 -0.72
v 0.7 -2.0 -0.52
v 0.7 -2.0 -0.72
v 0.9 -2.0 -0.52
v 0.9 -2.0 -0.72
v 0.7 -1.6 -0.52
v 0.7 -1.6 -0.72
v 0.9 -1.6 -0.52
v 0.9 -1.6 -0.72
v 1.3 2.0 -0.52
v 1.3 2.0 -0.72
v 1.1 2.0 -0.52
v 1.1 2.0 -0.72
v 1.3 1.6 -0.52
v 1.3 1.6 -0.72
v 1.1 1.6 -0.52
v 1.1 1.6 -0.72
v 1.1 -2.0 -0.52
v 1.1 -2.0 -0.72
v 1.3 -2.0 -0.52
v 1.3 -2.0 -0.72
v 1.1 -1.6 -0.52
v 1.1 -1.6 -0.72
v 1.3 -1.6 -0.52
v 1.3 -1.6 -0.72
v -1.6 0.9 -0.52
v -1.6 0.9 -0.72
v -2.0 0.9 -0.52
v -2.0 0.9 -0.72
v -1.6 0.7 -0.52
v -1.6 0.7 -0.72
v -2.0 0.7 -0.52
v -2.0 0.7 -0.72
v 2.0 0.9 -0.52
v 2.0 0.9 -0.72
v 1.6 0.9 -0.52
v 1.6 0.9 -0.72
v 2.0 0.7 -0.52
v 2.0 0.7 -0.72
v 1.6 0.7 -0.52
v 1.6 0.7 -0.72
v -1.6 0.5 -0.52
v -1.6 0.5 -0.72
v -2.0 0.5 -0.52
v -2.0 0.5 -0.72
v -1.6 0.3 -0.52
v -1.6 0.3 -0.72
v -2.0 0.3 -0.52
v -2.0 0.3 -0.72
v 2.0 0.5 -0.52
v 2.0 0.5 -0.72
v 1.6 0.5 -0.52
v 1.6 0.5 -0.72
v 2.0 0.3 -0.52
v 2.0 0.3 -0.72
v 1.6 0.3 -0.52
v 1.6 0.3 -0.72
v -1.6 0.1 -0.52
v -1.6 0.1 -0.72
v -2.0 0.1 -0.52
v -2.0 0.1 -0.72
v -1.6 -0.1 -0.52
v -1.6 -0.1 -0.72
v -2.0 -0.1 -0.52
v -2.0 -0.1 -0.72
v 2.0 0.1 -0.52
v 2.0 0.1 -0.72
v 1.6 0.1 -0.52
v 1.6 0.1 -0.72
v 2.0 -0.1 -0.52
v 2.0 -0.1 -0.72
v 1.6 -0.1 -0.52
v 1.6 -0.1 -0.72
v -1.6 -0.3 -0.52
v -1.6 -0.3 -0.72
v -2.0 -0.3 -0.52
v -2.0 -0.3 -0.72
v -1.6 -0.5 -0.52
v -1.6 -0.5 -0.72
v -2.0 -0.5 -0.52
v -2.0 -0.5 -0.72
v 2.0 -0.3 -0.52
v 2.0 -0.3 -0.72
v 1.6 -0.3 -0.52
v 1.6 -0.3 -0.72
v 2.0 -0.5 -0.52
v 2.0 -0.5 -0.72
v 1.6 -0.5 -0.52
v 1.6 -0.5 -0.72
v -1.6 -0.7 -0.52
v -1.6 -0.7 -0.72
v -2.0 -0.7 -0.52
v -2.0 -0.7 -0.72
v -1.6 -0.9 -0.52
v -1.6 -0.9 -0.72
v -2.0 -0.9 -0.52
v -2.0 -0.9 -0.72
v 2.0 -0.7 -0.52
v 2.0 -0.7 -0.72
v 1.6 -0.7 -0.52
v 1.6 -0.7 -0.72
v 2.0 -0.9 -0.52
v 2.0 -0.9 -0.72
v 1.6 -0.9 -0.52
v 1.6 -0.9 -0.72
v -1.6 -1.1 -0.52
v -1.6 -1.1 -0.72
v -2.0 -1.1 -0.52
v -2.0 -1.1 -0.72
v -1.6 -1.3 -0.52
v -1.6 -1.3 -0.72
v -2.0 -1.3 -0.52
v -2.0 -1.3 -0.72
v 2.0 -1.1 -0.52
v 2.0 -1.1 -0.72
v 1.6 -1.1 -0.52
v 1.6 -1.1 -0.72
v 2.0 -1.3 -0.52
v 2.0 -1.3 -0.72
v 1.6 -1.3 -0.52
v 1.6 -1.3 -0.72
v 1.823637 -2.0 0.0
v 2.0 -2.0 0.0
v 2.0 1.337765 0.0
newmtl 2
Ka 0.25098039215686274 0.25098039215686274 0.25098039215686274
Kd 0.25098039215686274 0.25098039215686274 0.25098039215686274
Ks 0.12549019607843137 0.12549019607843137 0.12549019607843137
d 0.0
endmtl
v 1.111825 1.378904 0.0
v 1.111825 1.466894 0.0
v 1.070184 1.466894 0.0
v 1.28547 1.378539 0.0
v 1.281295 1.378047 0.0
v 1.306688 1.378047 0.0
v 1.393443 1.378904 0.0
v 1.393443 1.466894 0.0
v 1.38658 1.466894 0.0
v 1.028544 1.479771 0.0
v 1.026887 1.466894 0.0
v 0.76576 1.463073 0.0
v 0.778388 1.451574 0.0
v 0.807714 1.466894 0.0
v 0.572374 1.52775 0.0
v 0.577539 1.539365 0.0
v -0.378325 1.539365 0.0
v 0.982057 1.562595 0.0
v 1.001661 1.546004 0.0
v 1.070184 1.642769 0.0
v 1.070184 1.539365 0.0
v 0.890656 1.650656 0.0
v 0.901942 1.642769 0.0
v 0.917926 1.631599 0.0
v 0.943468 1.601463 0.0
v 0.956967 1.574483 0.0
v 0.960544 1.57328 0.0
v 0.819599 1.669195 0.0
v 0.854876 1.664794 0.0
v 1.070184 2.0 0.0
v 0.787944 1.66576 0.0
v 0.754338 1.653904 0.0
v -0.378325 2.0 0.0
v 0.735789 1.642769 0.0
v -0.378325 1.642769 0.0
v 0.732839 1.640998 0.0
v 0.58394 1.553761 0.0
v 0.601255 1.575929 0.0
v 0.656211 1.607187 0.0
v 0.684399 1.610633 0.0
v 0.715849 1.626448 0.0
v 0.692713 1.610181 0.0
v 0.701028 1.609187 0.0
v 0.606371 1.580759 0.0
v 0.629408 1.596863 0.0
v -0.378325 1.466894 0.0
v 0.567274 1.493508 0.0
v 0.567486 1.500582 0.0
v 0.619656 1.395822 0.0
v 0.59764 1.414701 0.0
v -0.378325 1.378047 0.0
v 0.645705 1.382951 0.0
v 0.580995 1.438527 0.0
v 0.570705 1.465459 0.0
v 0.570529 1.466894 0.0
v 0.655479 1.379998 0.0
v 0.656391 1.378047 0.0
v 0.662725 1.364493 0.0
v 0.673476 1.351222 0.0
v 0.754099 1.337765 0.0
v 0.741654 1.332987 0.0
v 1.070184 -2.0 0.0
v 0.724163 1.330834 0.0
v -0.378325 -2.0 0.0
v 0.721367 1.330886 0.0
v 0.704297 1.33355 0.0
v -0.378325 1.337765 0.0
v 0.694269 1.337765 0.0
v 0.687617 1.340561 0.0
v 0.791914 1.378047 0.0
v 0.791854 1.377797 0.0
v 1.070184 1.337765 0.0
v 0.783308 1.361677 0.0
v 0.772181 1.349198 0.0
v 0.75778 1.339178 0.0
v 0.884226 1.420699 0.0
v 0.889187 1.422658 0.0
v 0.897682 1.463865 0.0
v 0.87978 1.417547 0.0
v 1.016134 1.43106 0.0
v 1.001793 1.411086 0.0
v 1.070184 1.378047 0.0
v 0.89479 1.423377 0.0
v 0.895494 1.423326 0.0
v 0.897662 1.422846 0.0
v 1.025221 1.453947 0.0
v 0.982112 1.394428 0.0
v 0.960051 1.383635 0.0
v 0.936001 1.378552 0.0
v 0.872377 1.400964 0.0
v 0.872561 1.403818 0.0
v 0.796463 1.410363 0.0
v 0.874013 1.40932 0.0
v 0.876793 1.414253 0.0
v 0.969048 1.440813 0.0
v 0.977002 1.452091 0.0
v 0.893344 1.378552 0.0
v 0.889271 1.379208 0.0
v 0.884489 1.381091 0.0
v 0.8798 1.384424 0.0
v 0.878119 1.386135 0.0
v 0.874968 1.390676 0.0
v 0.873063 1.395579 0.0
v 0.796075 1.395647 0.0
v 0.796463 1.403133 0.0
v 0.899128 1.422654 0.0
v 0.931663 1.422654 0.0
v 0.944617 1.425133 0.0
v 0.957377 1.431038 0.0
v 0.968071 1.439764 0.0
v 0.732969 1.475633 0.0
v 0.75042 1.471298 0.0
v 0.920679 1.539365 0.0
v 0.724163 1.476156 0.0
v 0.981984 1.464976 0.0
v 0.98222 1.466894 0.0
v 0.89591 1.466894 0.0
v 0.983718 1.479048 0.0
v 0.983367 1.485355 0.0
v 0.706913 1.474032 0.0
v 0.628677 1.539365 0.0
v 0.690943 1.467926 0.0
v 0.621167 1.52857 0.0
v 0.614976 1.512444 0.0
v 0.618639 1.466894 0.0
v 0.689456 1.466894 0.0
v 0.613681 1.483848 0.0
v 0.612822 1.494954 0.0
v 0.964901 1.521059 0.0
v 0.953687 1.528889 0.0
v 0.979978 1.499244 0.0
v 0.97326 1.511721 0.0
v 0.921541 1.535441 0.0
v 0.875269 1.502184 0.0
v 0.927325 1.535441 0.0
v 0.941068 1.533747 0.0
v 0.758634 1.466894 0.0
v 0.618857 1.466149 0.0
v 0.664202 1.443994 0.0
v 0.676158 1.457658 0.0
v 0.627491 1.45145 0.0
v 0.640456 1.438135 0.0
v 0.656202 1.428438 0.0
v 0.90598 1.578838 0.0
v 0.889679 1.598327 0.0
v 0.72344 1.556408 0.0
v 0.887812 1.600028 0.0
v 0.867497 1.614121 0.0
v 0.734478 1.579267 0.0
v 0.718238 1.55925 0.0
v 0.917127 1.555539 0.0
v 0.702025 1.565165 0.0
v 0.685122 1.567253 0.0
v 0.677635 1.566865 0.0
v 0.750691 1.598641 0.0
v 0.844824 1.622805 0.0
v 0.770098 1.612821 0.0
v 0.820322 1.625815 0.0
v 0.793719 1.622391 0.0
v 0.659785 1.562645 0.0
v 0.643666 1.554098 0.0
v 0.631186 1.542971 0.0
v 1.025243 1.503348 0.0
v 1.006421 1.539365 0.0
v 1.016412 1.525431 0.0
v 1.552955 1.539365 0.0
v 1.594506 1.480592 0.0
v 1.608543 1.480592 0.0
v 1.589288 1.466894 0.0
v 1.552955 1.466894 0.0
v 1.555775 1.378904 0.0
v 1.552955 1.378047 0.0
v 1.57028 1.378904 0.0
v 1.632769 1.378904 0.0
v 1.622398 1.406718 0.0
v 1.580053 1.406718 0.0
v 1.538377 1.463628 0.0
v 1.544674 1.454764 0.0
v 1.547365 1.412666 0.0
v 1.542358 1.402148 0.0
v 1.534798 1.393149 0.0
v 1.524185 1.385538 0.0
v 1.512595 1.38101 0.0
v 1.495313 1.378904 0.0
v 1.457739 1.378047 0.0
v 1.548438 1.445068 0.0
v 1.550134 1.431048 0.0
v 1.549829 1.424571 0.0
v 1.467344 1.378904 0.0
v 1.467344 1.466894 0.0
v 1.457739 1.466894 0.0
v 1.467344 1.480592 0.0
v 1.457739 1.539365 0.0
v 1.496353 1.480592 0.0
v 1.51188 1.478878 0.0
v 1.524152 1.474395 0.0
v 1.534798 1.467128 0.0
v 1.535037 1.466894 0.0
v 1.448134 1.390498 0.0
v 1.448134 1.378904 0.0
v 1.42561 1.378047 0.0
v 1.442935 1.424706 0.0
v 1.42561 1.390498 0.0
v 1.42561 1.424706 0.0
v 1.40657 1.390498 0.0
v 1.40657 1.424706 0.0
v 1.40657 1.466894 0.0
v 1.40657 1.436351 0.0
v 1.42561 1.466894 0.0
v 1.42561 1.436351 0.0
v 1.442935 1.436351 0.0
v 1.40657 1.468895 0.0
v 1.42561 1.468895 0.0
v 1.445821 1.468895 0.0
v 1.445821 1.480592 0.0
v 1.42561 1.480592 0.0
v 1.42561 1.539365 0.0
v 1.393443 1.480592 0.0
v 1.38658 1.539365 0.0
v 1.42561 1.378904 0.0
v 1.38658 1.378047 0.0
v 1.259657 1.391343 0.0
v 1.260211 1.391142 0.0
v 1.260211 1.418189 0.0
v 1.258014 1.420443 0.0
v 1.256355 1.423095 0.0
v 1.254323 1.394605 0.0
v 1.254949 1.426984 0.0
v 1.254401 1.431932 0.0
v 1.250034 1.466894 0.0
v 1.254902 1.436479 0.0
v 1.260098 1.418263 0.0
v 1.254323 1.381452 0.0
v 1.250034 1.378047 0.0
v 1.260211 1.379258 0.0
v 1.260211 1.378047 0.0
v 1.26183 1.378655 0.0
v 1.266891 1.378047 0.0
v 1.274027 1.377189 0.0
v 1.260211 1.337765 0.0
v 1.306688 1.337765 0.0
v 1.306688 1.466894 0.0
v 1.299891 1.437599 0.0
v 1.299891 1.449972 0.0
v 1.262563 1.447424 0.0
v 1.266898 1.449952 0.0
v 1.260211 1.466894 0.0
v 1.256417 1.44058 0.0
v 1.258782 1.444023 0.0
v 1.260211 1.445309 0.0
v 1.302768 1.393542 0.0
v 1.301204 1.389506 0.0
v 1.29883 1.386146 0.0
v 1.274036 1.452336 0.0
v 1.282683 1.453195 0.0
v 1.291618 1.452402 0.0
v 1.299111 1.410669 0.0
v 1.301488 1.40716 0.0
v 1.302847 1.403405 0.0
v 1.303374 1.39866 0.0
v 1.295186 1.382959 0.0
v 1.292183 1.381116 0.0
v 1.281435 1.442849 0.0
v 1.277665 1.442567 0.0
v 1.267528 1.433076 0.0
v 1.274257 1.441665 0.0
v 1.271401 1.440146 0.0
v 1.267644 1.431381 0.0
v 1.26815 1.429403 0.0
v 1.269067 1.427684 0.0
v 1.27031 1.426317 0.0
v 1.2748 1.42351 0.0
v 1.289355 1.442001 0.0
v 1.282683 1.420079 0.0
v 1.296581 1.439465 0.0
v 1.287614 1.418083 0.0
v 1.296074 1.413379 0.0
v 1.26948 1.438448 0.0
v 1.268388 1.436827 0.0
v 1.267759 1.435107 0.0
v 1.267661 1.388433 0.0
v 1.273689 1.410825 0.0
v 1.266097 1.414305 0.0
v 1.275274 1.387586 0.0
v 1.275837 1.38759 0.0
v 1.282052 1.407322 0.0
v 1.282366 1.388322 0.0
v 1.290299 1.397412 0.0
v 1.290174 1.398996 0.0
v 1.285653 1.389524 0.0
v 1.286814 1.390229 0.0
v 1.288276 1.391526 0.0
v 1.289388 1.393171 0.0
v 1.290035 1.394982 0.0
v 1.289595 1.400985 0.0
v 1.288611 1.402674 0.0
v 1.287024 1.404326 0.0
v 1.51993 1.540223 0.0
v 1.505425 1.540223 0.0
v 1.495053 1.568036 0.0
v 1.457739 1.568036 0.0
v 1.481198 1.641911 0.0
v 1.552955 1.642769 0.0
v 1.457739 1.642769 0.0
v 1.452709 1.568036 0.0
v 1.442935 1.540223 0.0
v 1.428431 1.540223 0.0
v 1.42561 1.642769 0.0
v 1.457739 1.617171 0.0
v 1.467162 1.641911 0.0
v 1.339999 1.540223 0.0
v 1.339999 1.641911 0.0
v 1.318476 1.630214 0.0
v 1.318476 1.641911 0.0
v 1.369009 1.641911 0.0
v 1.38658 1.642769 0.0
v 1.306688 1.642769 0.0
v 1.306688 1.641911 0.0
v 1.306688 1.539365 0.0
v 1.32079 1.540223 0.0
v 1.385251 1.542328 0.0
v 1.367969 1.540223 0.0
v 1.32079 1.551816 0.0
v 1.420021 1.573984 0.0
v 1.415014 1.563467 0.0
v 1.411033 1.624946 0.0
v 1.41733 1.616083 0.0
v 1.407454 1.554467 0.0
v 1.396841 1.546857 0.0
v 1.38658 1.542848 0.0
v 1.407454 1.628446 0.0
v 1.384535 1.640196 0.0
v 1.38658 1.639449 0.0
v 1.396808 1.635713 0.0
v 1.421094 1.606386 0.0
v 1.42279 1.592367 0.0
v 1.422485 1.585889 0.0
v 1.279225 1.586024 0.0
v 1.279225 1.551816 0.0
v 1.306688 1.586024 0.0
v 1.306688 1.551816 0.0
v 1.315591 1.586024 0.0
v 1.315591 1.597669 0.0
v 1.306688 1.597669 0.0
v 1.306688 1.630214 0.0
v 1.279225 1.597669 0.0
v 1.279225 1.630214 0.0
v 1.266099 1.641911 0.0
v 1.260211 1.642769 0.0
v 1.266099 1.540223 0.0
v 1.234298 1.630279 0.0
v 1.221779 1.631773 0.0
v 1.241404 1.555066 0.0
v 1.250034 1.539365 0.0
v 1.245745 1.625743 0.0
v 1.245745 1.557015 0.0
v 1.244613 1.626354 0.0
v 1.241404 1.627575 0.0
v 1.216699 1.631508 0.0
v 1.208008 1.629584 0.0
v 1.200123 1.625641 0.0
v 1.194069 1.620492 0.0
v 1.193395 1.619753 0.0
v 1.188476 1.61269 0.0
v 1.185066 1.603913 0.0
v 1.183386 1.589923 0.0
v 1.183579 1.584988 0.0
v 1.185387 1.575082 0.0
v 1.224236 1.550381 0.0
v 1.235738 1.552521 0.0
v 1.202057 1.554215 0.0
v 1.209312 1.551424 0.0
v 1.219491 1.550204 0.0
v 1.188838 1.56704 0.0
v 1.193367 1.560914 0.0
v 1.195404 1.558903 0.0
v 1.245745 1.639468 0.0
v 1.250034 1.642769 0.0
v 1.241404 1.640721 0.0
v 1.241404 1.642769 0.0
v 1.234964 1.64258 0.0
v 1.232566 1.642769 0.0
v 1.221649 1.643627 0.0
v 1.241404 2.0 0.0
v 1.214596 1.642769 0.0
v 1.168062 2.0 0.0
v 1.208695 1.539365 0.0
v 1.200427 1.541069 0.0
v 1.168062 1.539365 0.0
v 1.190831 1.545596 0.0
v 1.182658 1.552388 0.0
v 1.181835 1.553286 0.0
v 1.175763 1.561963 0.0
v 1.17162 1.572569 0.0
v 1.168062 1.642769 0.0
v 1.176924 1.619024 0.0
v 1.184296 1.628654 0.0
v 1.169609 1.589143 0.0
v 1.169788 1.594453 0.0
v 1.172094 1.607728 0.0
v 1.186795 1.631041 0.0
v 1.196313 1.637711 0.0
v 1.206937 1.641837 0.0
v 1.211446 1.538798 0.0
v 1.168062 1.466894 0.0
v 1.217594 1.538507 0.0
v 1.241404 1.466894 0.0
v 1.226567 1.539365 0.0
v 1.245745 1.544434 0.0
v 1.24401 1.543569 0.0
v 1.241404 1.539365 0.0
v 1.241404 1.542715 0.0
v 1.233093 1.539989 0.0
v 1.165983 1.390498 0.0
v 1.166516 1.390498 0.0
v 1.168062 1.378047 0.0
v 1.166516 1.378904 0.0
v 1.165983 1.378047 0.0
v 1.124951 1.436351 0.0
v 1.161317 1.436351 0.0
v 1.165983 1.466894 0.0
v 1.161317 1.424706 0.0
v 1.124951 1.424706 0.0
v 1.124951 1.390498 0.0
v 1.111825 1.480592 0.0
v 1.164202 1.480592 0.0
v 1.164202 1.468895 0.0
v 1.124951 1.466894 0.0
v 1.124951 1.468895 0.0
v 1.165983 1.378904 0.0
v 1.237063 1.425641 0.0
v 1.237063 1.378904 0.0
v 1.241404 1.378047 0.0
v 1.224326 1.378904 0.0
v 1.189235 1.379915 0.0
v 1.194118 1.378073 0.0
v 1.194351 1.378047 0.0
v 1.180895 1.388225 0.0
v 1.179346 1.392523 0.0
v 1.213929 1.442397 0.0
v 1.209614 1.442849 0.0
v 1.202803 1.422054 0.0
v 1.184945 1.382907 0.0
v 1.183547 1.384321 0.0
v 1.183474 1.41309 0.0
v 1.187208 1.416529 0.0
v 1.185803 1.434063 0.0
v 1.192345 1.41935 0.0
v 1.194569 1.439577 0.0
v 1.202547 1.442168 0.0
v 1.185803 1.446437 0.0
v 1.188433 1.44796 0.0
v 1.178707 1.398348 0.0
v 1.179294 1.404289 0.0
v 1.180839 1.408952 0.0
v 1.224326 1.390134 0.0
v 1.223988 1.390134 0.0
v 1.221078 1.385933 0.0
v 1.216933 1.38194 0.0
v 1.22457 1.450549 0.0
v 1.228646 1.448019 0.0
v 1.224326 1.42507 0.0
v 1.223883 1.430701 0.0
v 1.222566 1.435237 0.0
v 1.22107 1.43786 0.0
v 1.231062 1.4457 0.0
v 1.23375 1.441753 0.0
v 1.235838 1.436271 0.0
v 1.197905 1.45163 0.0
v 1.210809 1.453195 0.0
v 1.219427 1.4523 0.0
v 1.219144 1.439908 0.0
v 1.216883 1.441365 0.0
v 1.201738 1.377189 0.0
v 1.168062 1.337765 0.0
v 1.208777 1.378032 0.0
v 1.241404 1.337765 0.0
v 1.208816 1.378047 0.0
v 1.338063 1.378047 0.0
v 1.338492 1.37906 0.0
v 1.310002 1.451531 0.0
v 1.324247 1.451531 0.0
v 1.343223 1.396944 0.0
v 1.344782 1.390965 0.0
v 1.34512 1.390965 0.0
v 1.345705 1.393454 0.0
v 1.34668 1.39684 0.0
v 1.366513 1.451531 0.0
v 1.379718 1.451531 0.0
v 1.38658 1.337765 0.0
v 1.325988 1.345288 0.0
v 1.320842 1.344696 0.0
v 1.31803 1.344797 0.0
v 1.327983 1.358576 0.0
v 1.330356 1.361206 0.0
v 1.332903 1.365855 0.0
v 1.312628 1.345736 0.0
v 1.312628 1.357069 0.0
v 1.315233 1.356215 0.0
v 1.319854 1.355614 0.0
v 1.350745 1.378047 0.0
v 1.346758 1.367935 0.0
v 1.340992 1.356705 0.0
v 1.336331 1.351108 0.0
v 1.335462 1.350312 0.0
v 1.331014 1.347203 0.0
v 1.323123 1.356008 0.0
v 1.32589 1.357105 0.0
v -1.566334 -1.858697 0.0
v -2.0 -2.0 0.0
v -1.629075 -1.850437 0.0
v -1.68754 -1.82622 0.0
v -1.394923 -1.444875 0.0
v -1.3564 -1.49508 0.0
v -1.323923 -1.616286 0.0
v -1.332183 -1.679026 0.0
v -1.3564 -1.737491 0.0
v -1.394923 -1.787696 0.0
v -1.445128 -1.82622 0.0
v -1.503594 -1.850437 0.0
v -1.737745 -1.787696 0.0
v -1.776268 -1.737491 0.0
v -1.800485 -1.679026 0.0
v -1.808745 -1.616286 0.0
v -1.800485 -1.553545 0.0
v -2.0 1.337765 0.0
v -1.776268 -1.49508 0.0
v -1.737745 -1.444875 0.0
v -1.332183 -1.553545 0.0
v -1.68754 -1.406351 0.0
v -1.629075 -1.382134 0.0
v -1.566334 -1.373874 0.0
v -1.503594 -1.382134 0.0
v -1.445128 -1.406351 0.0
v 1.823637 1.337765 0.0
v 1.552955 -2.0 0.0
v 1.552955 1.337765 0.0
v 1.457739 -2.0 0.0
v 1.457739 1.337765 0.0
v 1.42561 -2.0 0.0
v 1.42561 1.337765 0.0
v 1.38658 -2.0 0.0
v 1.306688 -2.0 0.0
v 1.260211 -2.0 0.0
v 1.250034 -2.0 0.0
v 1.250034 1.337765 0.0
v 1.241404 -2.0 0.0
v 1.168062 -2.0 0.0
v 1.165983 -2.0 0.0
v 1.165983 1.337765 0.0
v 1.213862 1.379984 0.0
v 1.823637 1.378047 0.0
v 1.165983 1.539365 0.0
v 1.260211 1.539365 0.0
v 1.16545 1.551816 0.0
v 1.16545 1.540223 0.0
v 1.111825 1.540223 0.0
v 1.124951 1.641911 0.0
v 1.165983 1.642769 0.0
v 1.111825 1.641911 0.0
v 1.124951 1.551816 0.0
v 1.306688 1.540223 0.0
v 1.647274 1.378904 0.0
v 1.61376 1.466894 0.0
v 1.823637 1.466894 0.0
v 1.823637 1.539365 0.0
v 1.823637 1.642769 0.0
v 2.0 1.378047 0.0
v 2.0 1.466894 0.0
v 2.0 1.539365 0.0
v 2.0 1.642769 0.0
v -2.0 1.378047 0.0
v -2.0 1.466894 0.0
v -2.0 1.539365 0.0
v -2.0 1.642769 0.0
v -2.0 2.0 0.0
v 1.165983 2.0 0.0
v 2.0 2.0 0.0
v 1.823637 2.0 0.0
v 1.552955 2.0 0.0
v 1.457739 2.0 0.0
v 1.42561 2.0 0.0
v 1.38658 2.0 0.0
v 1.306688 2.0 0.0
v 1.260211 2.0 0.0
v 1.250034 2.0 0.0
v 2.0 -2.0 -0.7
v 2.0 -1.3 -0.7
v 2.0 -1.1 -0.7
v 2.0 -0.9 -0.7
v 2.0 -0.3 -0.7
v 2.0 -0.1 -0.7
v 2.0 -0.5 -0.7
v 2.0 -0.7 -0.7
v 2.0 0.5 -0.7
v 2.0 0.7 -0.7
v 2.0 0.3 -0.7
v 2.0 0.1 -0.7
v 2.0 1.3 -0.7
v 2.0 2.0 -0.7
v 2.0 1.1 -0.7
v 2.0 0.9 -0.7
v -2.0 -2.0 -0.7
v -1.3 -2.0 -0.7
v -1.1 -2.0 -0.7
v -0.9 -2.0 -0.7
v -0.3 -2.0 -0.7
v -0.1 -2.0 -0.7
v -0.5 -2.0 -0.7
v -0.7 -2.0 -0.7
v 0.5 -2.0 -0.7
v 0.7 -2.0 -0.7
v 0.3 -2.0 -0.7
v 0.1 -2.0 -0.7
v 1.3 -2.0 -0.7
v 1.1 -2.0 -0.7
v 0.9 -2.0 -0.7
v -2.0 1.1 -0.7
v -2.0 0.9 -0.7
v -2.0 2.0 -0.7
v -2.0 1.3 -0.7
v -2.0 0.3 -0.7
v -2.0 0.1 -0.7
v -2.0 0.5 -0.7
v -2.0 0.7 -0.7
v -2.0 -0.5 -0.7
v -2.0 -0.7 -0.7
v -2.0 -0.3 -0.7
v -2.0 -0.1 -0.7
v -2.0 -1.3 -0.7
v -2.0 -1.1 -0.7
v -2.0 -0.9 -0.7
v 1.3 2.0 -0.7
v 1.1 2.0 -0.7
v 0.9 2.0 -0.7
v 0.3 2.0 -0.7
v 0.1 2.0 -0.7
v 0.5 2.0 -0.7
v 0.7 2.0 -0.7
v -0.5 2.0 -0.7
v -0.7 2.0 -0.7
v -0.3 2.0 -0.7
v -0.1 2.0 -0.7
v -1.3 2.0 -0.7
v -1.1 2.0 -0.7
v -0.9 2.0 -0.7
v 1.4 1.4 -0.7
v -1.4 1.4 -0.7
v 1.6 1.1 -0.7
v 1.6 0.9 -0.7
v -1.1 1.6 -0.7
v -0.9 1.6 -0.7
v 1.6 1.3 -0.7
v 1.4 -1.4 -0.7
v 1.6 0.7 -0.7
v -1.3 1.6 -0.7
v -0.7 1.6 -0.7
v 1.6 0.5 -0.7
v 1.6 0.3 -0.7
v -0.3 1.6 -0.7
v -0.1 1.6 -0.7
v 0.1 1.6 -0.7
v 1.6 0.1 -0.7
v 1.6 -0.1 -0.7
v -0.5 1.6 -0.7
v 1.6 -0.3 -0.7
v 1.6 -0.5 -0.7
v 0.5 1.6 -0.7
v 1.6 -0.7 -0.7
v 1.6 -0.9 -0.7
v 0.7 1.6 -0.7
v 0.9 1.6 -0.7
v 1.3 -1.6 -0.7
v 0.3 1.6 -0.7
v -1.1 -1.4 -0.7
v 1.1 -1.6 -0.7
v 1.6 -1.1 -0.7
v 1.6 -1.3 -0.7
v 1.3 1.6 -0.7
v 1.1 1.6 -0.7
v 0.7 -1.6 -0.7
v 0.5 -1.6 -0.7
v 0.3 -1.6 -0.7
v 0.9 -1.6 -0.7
v -0.1 -1.6 -0.7
v -0.3 -1.6 -0.7
v -0.5 -1.6 -0.7
v 0.1 -1.6 -0.7
v -0.9 -1.6 -0.7
v -1.1 -1.6 -0.7
v -1.3 -1.6 -0.7
v -1.6 -1.3 -0.7
v -1.6 -1.1 -0.7
v -1.6 -0.9 -0.7
v -1.4 -1.1 -0.7
v -0.7 -1.6 -0.7
v -1.6 -0.7 -0.7
v -1.6 -0.3 -0.7
v -1.6 -0.1 -0.7
v -1.6 0.1 -0.7
v -1.6 -0.5 -0.7
v -1.6 0.5 -0.7
v -1.6 0.7 -0.7
v -1.6 0.9 -0.7
v -1.6 0.3 -0.7
v -1.6 1.3 -0.7
v -1.6 1.1 -0.7
newmtl 3
Ka 0.792156862745098 0.8196078431372549 0.9333333333333333
Kd 0.792156862745098 0.8196078431372549 0.9333333333333333
Ks 0.396078431372549 0.4117647058823529 0.4666666666666667
d 0.0
endmtl
v -1.323923 -1.616286 -0.001
v -1.332183 -1.553545 -0.001
v -1.3564 -1.49508 -0.001
v -1.394923 -1.444875 -0.001
v -1.445128 -1.406351 -0.001
v -1.503594 -1.382134 -0.001
v -1.566334 -1.373874 -0.001
v -1.629075 -1.382134 -0.001
v -1.68754 -1.406351 -0.001
v -1.737745 -1.444875 -0.001
v -1.776268 -1.49508 -0.001
v -1.800485 -1.553545 -0.001
v -1.808745 -1.616286 -0.001
v -1.800485 -1.679026 -0.001
v -1.776268 -1.737491 -0.001
v -1.737745 -1.787696 -0.001
v -1.68754 -1.82622 -0.001
v -1.629075 -1.850437 -0.001
v -1.566334 -1.858697 -0.001
v -1.503594 -1.850437 -0.001
v -1.445128 -1.82622 -0.001
v -1.394923 -1.787696 -0.001
v -1.3564 -1.737491 -0.001
v -1.332183 -1.679026 -0.001
v -1.566334 -1.616286 -0.001
v 1.16545 1.551816 0.001
v 1.16545 1.540223 0.001
newmtl 4
Ka 1.0 1.0 1.0
Kd 1.0 1.0 1.0
Ks 0.5019607843137255 0.5019607843137255 0.5019607843137255
d 0.0
endmtl
v 1.124951 1.551816 0.001
v 1.124951 1.641911 0.001
v 1.111825 1.641911 0.001
v 1.111825 1.540223 0.001
v 1.24401 1.543569 0.001
v 1.233093 1.539989 0.001
v 1.217594 1.538507 0.001
v 1.245745 1.544434 0.001
v 1.245745 1.557015 0.001
v 1.235738 1.552521 0.001
v 1.224236 1.550381 0.001
v 1.219491 1.550204 0.001
v 1.209312 1.551424 0.001
v 1.202057 1.554215 0.001
v 1.195404 1.558903 0.001
v 1.193367 1.560914 0.001
v 1.188838 1.56704 0.001
v 1.185387 1.575082 0.001
v 1.183579 1.584988 0.001
v 1.183386 1.589923 0.001
v 1.185066 1.603913 0.001
v 1.188476 1.61269 0.001
v 1.193395 1.619753 0.001
v 1.194069 1.620492 0.001
v 1.200123 1.625641 0.001
v 1.208008 1.629584 0.001
v 1.216699 1.631508 0.001
v 1.221779 1.631773 0.001
v 1.245745 1.625743 0.001
v 1.244613 1.626354 0.001
v 1.234298 1.630279 0.001
v 1.245745 1.639468 0.001
v 1.234964 1.64258 0.001
v 1.221649 1.643627 0.001
v 1.206937 1.641837 0.001
v 1.196313 1.637711 0.001
v 1.186795 1.631041 0.001
v 1.184296 1.628654 0.001
v 1.176924 1.619024 0.001
v 1.172094 1.607728 0.001
v 1.169788 1.594453 0.001
v 1.169609 1.589143 0.001
v 1.17162 1.572569 0.001
v 1.175763 1.561963 0.001
v 1.181835 1.553286 0.001
v 1.182658 1.552388 0.001
v 1.190831 1.545596 0.001
v 1.211446 1.538798 0.001
v 1.200427 1.541069 0.001
v 1.32079 1.551816 0.001
v 1.32079 1.540223 0.001
v 1.279225 1.551816 0.001
v 1.279225 1.586024 0.001
v 1.315591 1.586024 0.001
v 1.315591 1.597669 0.001
v 1.279225 1.597669 0.001
v 1.279225 1.630214 0.001
v 1.318476 1.630214 0.001
v 1.318476 1.641911 0.001
v 1.266099 1.641911 0.001
v 1.266099 1.540223 0.001
v 1.407454 1.554467 0.001
v 1.396948 1.561327 0.001
v 1.396841 1.546857 0.001
v 1.390394 1.556766 0.001
v 1.385251 1.542328 0.001
v 1.382002 1.553505 0.001
v 1.367969 1.540223 0.001
v 1.367891 1.551816 0.001
v 1.339999 1.540223 0.001
v 1.353126 1.551816 0.001
v 1.339999 1.641911 0.001
v 1.353126 1.630214 0.001
v 1.369009 1.641911 0.001
v 1.368489 1.630214 0.001
v 1.369902 1.630199 0.001
v 1.384535 1.640196 0.001
v 1.382788 1.628461 0.001
v 1.396808 1.635713 0.001
v 1.3914 1.625069 0.001
v 1.407454 1.628446 0.001
v 1.397836 1.620648 0.001
v 1.411033 1.624946 0.001
v 1.400662 1.617865 0.001
v 1.41733 1.616083 0.001
v 1.404605 1.612168 0.001
v 1.421094 1.606386 0.001
v 1.407474 1.604747 0.001
v 1.42279 1.592367 0.001
v 1.408987 1.592003 0.001
v 1.422485 1.585889 0.001
v 1.408553 1.584727 0.001
v 1.420021 1.573984 0.001
v 1.406457 1.575597 0.001
v 1.415014 1.563467 0.001
v 1.402839 1.568159 0.001
v 1.398122 1.562422 0.001
v 1.368489 1.630214 0.0
v 1.353126 1.630214 0.0
v 1.353126 1.551816 0.0
v 1.367891 1.551816 0.0
v 1.398122 1.562422 0.0
v 1.396948 1.561327 0.0
v 1.390394 1.556766 0.0
v 1.382002 1.553505 0.0
v 1.408987 1.592003 0.0
v 1.408553 1.584727 0.0
v 1.406457 1.575597 0.0
v 1.402839 1.568159 0.0
v 1.397836 1.620648 0.0
v 1.400662 1.617865 0.0
v 1.404605 1.612168 0.0
v 1.407474 1.604747 0.0
v 1.369902 1.630199 0.0
v 1.382788 1.628461 0.0
v 1.3914 1.625069 0.0
v 1.456868 1.579526 0.001
v 1.452709 1.568036 0.001
v 1.490998 1.579526 0.001
v 1.495053 1.568036 0.001
v 1.472075 1.621792 0.001
v 1.467162 1.641911 0.001
v 1.428431 1.540223 0.001
v 1.442935 1.540223 0.001
v 1.472955 1.624826 0.001
v 1.473738 1.628914 0.001
v 1.481198 1.641911 0.001
v 1.47405 1.628914 0.001
v 1.474872 1.624612 0.001
v 1.475636 1.621792 0.001
v 1.51993 1.540223 0.001
v 1.505425 1.540223 0.001
v 1.456868 1.579526 0.0
v 1.490998 1.579526 0.0
v 1.475636 1.621792 -0.0
v 1.47405 1.628914 0.0
v 1.474872 1.624612 0.0
v 1.473738 1.628914 0.0
v 1.472075 1.621792 0.0
v 1.472955 1.624826 0.0
v 1.166516 1.390498 0.001
v 1.166516 1.378904 0.001
v 1.124951 1.390498 0.001
v 1.124951 1.424706 0.001
v 1.161317 1.424706 0.001
v 1.161317 1.436351 0.001
v 1.124951 1.436351 0.001
v 1.124951 1.468895 0.001
v 1.164202 1.468895 0.001
v 1.164202 1.480592 0.001
v 1.111825 1.480592 0.001
v 1.111825 1.378904 0.001
v 1.224326 1.378904 0.001
v 1.237063 1.378904 0.001
v 1.224326 1.390134 0.001
v 1.237063 1.425641 0.001
v 1.198893 1.410989 0.001
v 1.207326 1.41306 0.001
v 1.224326 1.415348 0.001
v 1.224326 1.408381 0.001
v 1.223988 1.390134 0.001
v 1.21727 1.392004 0.001
v 1.221078 1.385933 0.001
v 1.213671 1.389575 0.001
v 1.224314 1.407536 0.001
v 1.223494 1.401853 0.001
v 1.221626 1.397309 0.001
v 1.218868 1.393565 0.001
v 1.219427 1.4523 0.001
v 1.216883 1.441365 0.001
v 1.22457 1.450549 0.001
v 1.219144 1.439908 0.001
v 1.196194 1.409556 0.001
v 1.224326 1.42507 0.001
v 1.223883 1.430701 0.001
v 1.235838 1.436271 0.001
v 1.222566 1.435237 0.001
v 1.23375 1.441753 0.001
v 1.22107 1.43786 0.001
v 1.231062 1.4457 0.001
v 1.228646 1.448019 0.001
v 1.185803 1.446437 0.001
v 1.185803 1.434063 0.001
v 1.188433 1.44796 0.001
v 1.194569 1.439577 0.001
v 1.197905 1.45163 0.001
v 1.202547 1.442168 0.001
v 1.210809 1.453195 0.001
v 1.209614 1.442849 0.001
v 1.213929 1.442397 0.001
v 1.194234 1.392002 0.001
v 1.184945 1.382907 0.001
v 1.195317 1.390913 0.001
v 1.189235 1.379915 0.001
v 1.197855 1.38918 0.001
v 1.194118 1.378073 0.001
v 1.200737 1.388123 0.001
v 1.201738 1.377189 0.001
v 1.205039 1.387638 0.001
v 1.208777 1.378032 0.001
v 1.209807 1.388171 0.001
v 1.213862 1.379984 0.001
v 1.216933 1.38194 0.001
v 1.202803 1.422054 0.001
v 1.192345 1.41935 0.001
v 1.195005 1.408589 0.001
v 1.187208 1.416529 0.001
v 1.19348 1.406702 0.001
v 1.183474 1.41309 0.001
v 1.192363 1.404326 0.001
v 1.180839 1.408952 0.001
v 1.191734 1.401409 0.001
v 1.179294 1.404289 0.001
v 1.191626 1.399387 0.001
v 1.178707 1.398348 0.001
v 1.191949 1.396463 0.001
v 1.179346 1.392523 0.001
v 1.192786 1.394149 0.001
v 1.180895 1.388225 0.001
v 1.183547 1.384321 0.001
v 1.195005 1.408589 0.0
v 1.196194 1.409556 0.0
v 1.198893 1.410989 0.0
v 1.207326 1.41306 0.0
v 1.191626 1.399387 0.0
v 1.191734 1.401409 0.0
v 1.192363 1.404326 0.0
v 1.19348 1.406702 0.0
v 1.195317 1.390913 0.0
v 1.194234 1.392002 0.0
v 1.192786 1.394149 0.0
v 1.191949 1.396463 0.0
v 1.205039 1.387638 0.0
v 1.200737 1.388123 0.0
v 1.197855 1.38918 0.0
v 1.218868 1.393565 0.0
v 1.21727 1.392004 0.0
v 1.213671 1.389575 0.0
v 1.209807 1.388171 0.0
v 1.224326 1.408381 0.0
v 1.224314 1.407536 0.0
v 1.223494 1.401853 0.0
v 1.221626 1.397309 0.0
v 1.224326 1.415348 0.0
v 1.275274 1.387586 0.001
v 1.259657 1.391343 0.001
v 1.267661 1.388433 0.001
v 1.254323 1.394605 0.001
v 1.254323 1.381452 0.001
v 1.26183 1.378655 0.001
v 1.274027 1.377189 0.001
v 1.28547 1.378539 0.001
v 1.292183 1.381116 0.001
v 1.295186 1.382959 0.001
v 1.29883 1.386146 0.001
v 1.301204 1.389506 0.001
v 1.302768 1.393542 0.001
v 1.303374 1.39866 0.001
v 1.302847 1.403405 0.001
v 1.301488 1.40716 0.001
v 1.299111 1.410669 0.001
v 1.296074 1.413379 0.001
v 1.287614 1.418083 0.001
v 1.282683 1.420079 0.001
v 1.2748 1.42351 0.001
v 1.27031 1.426317 0.001
v 1.269067 1.427684 0.001
v 1.26815 1.429403 0.001
v 1.267644 1.431381 0.001
v 1.267528 1.433076 0.001
v 1.267759 1.435107 0.001
v 1.268388 1.436827 0.001
v 1.26948 1.438448 0.001
v 1.271401 1.440146 0.001
v 1.274257 1.441665 0.001
v 1.277665 1.442567 0.001
v 1.281435 1.442849 0.001
v 1.289355 1.442001 0.001
v 1.296581 1.439465 0.001
v 1.299891 1.437599 0.001
v 1.299891 1.449972 0.001
v 1.291618 1.452402 0.001
v 1.282683 1.453195 0.001
v 1.274036 1.452336 0.001
v 1.266898 1.449952 0.001
v 1.262563 1.447424 0.001
v 1.258782 1.444023 0.001
v 1.256417 1.44058 0.001
v 1.254902 1.436479 0.001
v 1.254401 1.431932 0.001
v 1.254949 1.426984 0.001
v 1.256355 1.423095 0.001
v 1.258014 1.420443 0.001
v 1.273689 1.410825 0.001
v 1.266097 1.414305 0.001
v 1.260098 1.418263 0.001
v 1.282052 1.407322 0.001
v 1.287024 1.404326 0.001
v 1.288611 1.402674 0.001
v 1.289595 1.400985 0.001
v 1.290174 1.398996 0.001
v 1.290299 1.397412 0.001
v 1.290035 1.394982 0.001
v 1.289388 1.393171 0.001
v 1.288276 1.391526 0.001
v 1.286814 1.390229 0.001
v 1.285653 1.389524 0.001
v 1.282366 1.388322 0.001
v 1.275837 1.38759 0.001
v 1.366513 1.451531 0.001
v 1.379718 1.451531 0.001
v 1.34668 1.39684 0.001
v 1.345705 1.393454 0.001
v 1.34512 1.390965 0.001
v 1.344782 1.390965 0.001
v 1.343223 1.396944 0.001
v 1.324247 1.451531 0.001
v 1.310002 1.451531 0.001
v 1.338492 1.37906 0.001
v 1.332903 1.365855 0.001
v 1.330356 1.361206 0.001
v 1.327983 1.358576 0.001
v 1.32589 1.357105 0.001
v 1.323123 1.356008 0.001
v 1.319854 1.355614 0.001
v 1.315233 1.356215 0.001
v 1.312628 1.357069 0.001
v 1.312628 1.345736 0.001
v 1.31803 1.344797 0.001
v 1.320842 1.344696 0.001
v 1.325988 1.345288 0.001
v 1.331014 1.347203 0.001
v 1.335462 1.350312 0.001
v 1.336331 1.351108 0.001
v 1.340992 1.356705 0.001
v 1.346758 1.367935 0.001
v 1.448134 1.390498 0.001
v 1.448134 1.378904 0.001
v 1.40657 1.390498 0.001
v 1.40657 1.424706 0.001
v 1.442935 1.424706 0.001
v 1.442935 1.436351 0.001
v 1.40657 1.436351 0.001
v 1.40657 1.468895 0.001
v 1.445821 1.468895 0.001
v 1.445821 1.480592 0.001
v 1.393443 1.480592 0.001
v 1.393443 1.378904 0.001
v 1.534798 1.393149 0.001
v 1.524293 1.400008 0.001
v 1.524185 1.385538 0.001
v 1.517738 1.395448 0.001
v 1.512595 1.38101 0.001
v 1.509346 1.392187 0.001
v 1.495313 1.378904 0.001
v 1.495235 1.390498 0.001
v 1.467344 1.378904 0.001
v 1.480471 1.390498 0.001
v 1.467344 1.480592 0.001
v 1.480471 1.468895 0.001
v 1.496353 1.480592 0.001
v 1.495833 1.468895 0.001
v 1.497246 1.468881 0.001
v 1.51188 1.478878 0.001
v 1.510133 1.467143 0.001
v 1.524152 1.474395 0.001
v 1.518744 1.463751 0.001
v 1.534798 1.467128 0.001
v 1.52518 1.459329 0.001
v 1.538377 1.463628 0.001
v 1.528006 1.456546 0.001
v 1.544674 1.454764 0.001
v 1.53195 1.450849 0.001
v 1.548438 1.445068 0.001
v 1.534819 1.443429 0.001
v 1.550134 1.431048 0.001
v 1.536332 1.430684 0.001
v 1.549829 1.424571 0.001
v 1.535898 1.423409 0.001
v 1.547365 1.412666 0.001
v 1.533801 1.414278 0.001
v 1.542358 1.402148 0.001
v 1.530183 1.40684 0.001
v 1.525466 1.401103 0.001
v 1.495833 1.468895 0.0
v 1.480471 1.468895 0.0
v 1.480471 1.390498 0.0
v 1.495235 1.390498 0.0
v 1.525466 1.401103 0.0
v 1.524293 1.400008 0.0
v 1.517738 1.395448 0.0
v 1.509346 1.392187 0.0
v 1.536332 1.430684 0.0
v 1.535898 1.423409 0.0
v 1.533801 1.414278 0.0
v 1.530183 1.40684 0.0
v 1.52518 1.459329 0.0
v 1.528006 1.456546 0.0
v 1.53195 1.450849 0.0
v 1.534819 1.443429 0.0
v 1.497246 1.468881 0.0
v 1.510133 1.467143 0.0
v 1.518744 1.463751 0.0
v 1.584213 1.418207 0.001
v 1.580053 1.406718 0.001
v 1.618343 1.418207 0.001
v 1.622398 1.406718 0.001
v 1.599419 1.460473 0.001
v 1.594506 1.480592 0.001
v 1.555775 1.378904 0.001
v 1.57028 1.378904 0.001
v 1.600299 1.463508 0.001
v 1.601083 1.467596 0.001
v 1.608543 1.480592 0.001
v 1.601395 1.467596 0.001
v 1.602216 1.463294 0.001
v 1.60298 1.460473 0.001
v 1.647274 1.378904 0.001
v 1.632769 1.378904 0.001
v 1.584213 1.418207 0.0
v 1.618343 1.418207 0.0
v 1.60298 1.460473 0.0
v 1.601395 1.467596 0.0
v 1.602216 1.463294 0.0
v 1.601083 1.467596 0.0
v 1.599419 1.460473 0.0
v 1.600299 1.463508 0.0
v 0.662725 1.364493 0.001
v 0.673476 1.351222 0.001
v 0.656202 1.428438 0.001
v 0.643666 1.554098 0.001
v 0.659785 1.562645 0.001
v 0.656211 1.607187 0.001
v 0.701028 1.609187 0.001
v 0.72344 1.556408 0.001
v 0.734478 1.579267 0.001
v 0.796463 1.403133 0.001
v 0.796463 1.410363 0.001
v 0.735325 1.427964 0.001
v 0.728526 1.430142 0.001
v 0.640456 1.438135 0.001
v 0.645705 1.382951 0.001
v 0.655479 1.379998 0.001
v 0.684399 1.610633 0.001
v 0.746105 1.41918 0.001
v 0.749442 1.413348 0.001
v 0.796075 1.395647 0.001
v 0.897682 1.463865 0.001
v 0.875269 1.502184 0.001
v 0.778388 1.451574 0.001
v 0.72344 1.430607 0.001
v 0.716773 1.429802 0.001
v 0.706913 1.474032 0.001
v 0.710431 1.427408 0.001
v 0.690943 1.467926 0.001
v 0.704727 1.42348 0.001
v 0.676158 1.457658 0.001
v 0.70074 1.419131 0.001
v 0.664202 1.443994 0.001
v 0.697273 1.412946 0.001
v 0.695473 1.406037 0.001
v 0.75042 1.471298 0.001
v 0.732969 1.475633 0.001
v 0.724163 1.476156 0.001
v 0.741284 1.424219 0.001
v 0.704888 1.3812 0.001
v 0.710703 1.377273 0.001
v 0.687617 1.340561 0.001
v 0.717417 1.374869 0.001
v 0.921541 1.535441 0.001
v 0.927325 1.535441 0.001
v 0.956967 1.574483 0.001
v 0.941068 1.533747 0.001
v 0.960544 1.57328 0.001
v 0.953687 1.528889 0.001
v 0.982057 1.562595 0.001
v 1.001661 1.546004 0.001
v 0.715849 1.626448 0.001
v 0.750691 1.598641 0.001
v 0.732839 1.640998 0.001
v 0.770098 1.612821 0.001
v 0.754338 1.653904 0.001
v 0.677635 1.566865 0.001
v 0.685122 1.567253 0.001
v 0.692713 1.610181 0.001
v 0.702025 1.565165 0.001
v 0.718238 1.55925 0.001
v 0.76576 1.463073 0.001
v 1.001793 1.411086 0.001
v 0.968071 1.439764 0.001
v 0.982112 1.394428 0.001
v 0.957377 1.431038 0.001
v 0.960051 1.383635 0.001
v 0.944617 1.425133 0.001
v 0.936001 1.378552 0.001
v 0.931663 1.422654 0.001
v 0.893344 1.378552 0.001
v 0.899128 1.422654 0.001
v 0.889271 1.379208 0.001
v 0.700231 1.3864 0.001
v 0.697091 1.392335 0.001
v 0.695448 1.398986 0.001
v 0.964901 1.521059 0.001
v 0.97326 1.511721 0.001
v 1.016412 1.525431 0.001
v 0.979978 1.499244 0.001
v 1.025243 1.503348 0.001
v 0.983367 1.485355 0.001
v 1.028544 1.479771 0.001
v 0.983718 1.479048 0.001
v 1.025221 1.453947 0.001
v 0.981984 1.464976 0.001
v 1.016134 1.43106 0.001
v 0.977002 1.452091 0.001
v 0.969048 1.440813 0.001
v 0.917926 1.631599 0.001
v 0.889679 1.598327 0.001
v 0.943468 1.601463 0.001
v 0.90598 1.578838 0.001
v 0.917127 1.555539 0.001
v 0.614976 1.512444 0.001
v 0.567486 1.500582 0.001
v 0.612822 1.494954 0.001
v 0.567274 1.493508 0.001
v 0.613681 1.483848 0.001
v 0.570705 1.465459 0.001
v 0.618857 1.466149 0.001
v 0.580995 1.438527 0.001
v 0.627491 1.45145 0.001
v 0.59764 1.414701 0.001
v 0.619656 1.395822 0.001
v 0.787944 1.66576 0.001
v 0.793719 1.622391 0.001
v 0.819599 1.669195 0.001
v 0.820322 1.625815 0.001
v 0.854876 1.664794 0.001
v 0.844824 1.622805 0.001
v 0.890656 1.650656 0.001
v 0.867497 1.614121 0.001
v 0.887812 1.600028 0.001
v 0.629408 1.596863 0.001
v 0.606371 1.580759 0.001
v 0.631186 1.542971 0.001
v 0.601255 1.575929 0.001
v 0.621167 1.52857 0.001
v 0.58394 1.553761 0.001
v 0.572374 1.52775 0.001
v 0.751308 1.406747 0.001
v 0.75151 1.399737 0.001
v 0.791854 1.377797 0.001
v 0.749923 1.392761 0.001
v 0.783308 1.361677 0.001
v 0.746673 1.386466 0.001
v 0.772181 1.349198 0.001
v 0.742033 1.381224 0.001
v 0.75778 1.339178 0.001
v 0.736475 1.377397 0.001
v 0.741654 1.332987 0.001
v 0.730165 1.375016 0.001
v 0.724163 1.330834 0.001
v 0.72344 1.374214 0.001
v 0.721367 1.330886 0.001
v 0.704297 1.33355 0.001
v 0.895494 1.423326 0.001
v 0.878119 1.386135 0.001
v 0.8798 1.384424 0.001
v 0.897662 1.422846 0.001
v 0.884489 1.381091 0.001
v 0.872377 1.400964 0.001
v 0.873063 1.395579 0.001
v 0.874968 1.390676 0.001
v 0.889187 1.422658 0.001
v 0.884226 1.420699 0.001
v 0.872561 1.403818 0.001
v 0.87978 1.417547 0.001
v 0.876793 1.414253 0.001
v 0.874013 1.40932 0.001
v 0.89479 1.423377 0.001
v 0.72344 1.430607 0.0
v 0.728526 1.430142 0.0
v 0.735325 1.427964 0.0
v 0.741284 1.424219 0.0
v 0.746105 1.41918 0.0
v 0.749442 1.413348 0.0
v 0.751308 1.406747 0.0
v 0.75151 1.399737 0.0
v 0.749923 1.392761 0.0
v 0.746673 1.386466 0.0
v 0.742033 1.381224 0.0
v 0.736475 1.377397 0.0
v 0.730165 1.375016 0.0
v 0.72344 1.374214 0.0
v 0.717417 1.374869 0.0
v 0.710703 1.377273 0.0
v 0.704888 1.3812 0.0
v 0.700231 1.3864 0.0
v 0.697091 1.392335 0.0
v 0.695448 1.398986 0.0
v 0.695473 1.406037 0.0
v 0.697273 1.412946 0.0
v 0.70074 1.419131 0.0
v 0.704727 1.42348 0.0
v 0.710431 1.427408 0.0
v 0.716773 1.429802 0.0
usemtl 1
f 1// 2// 3//
f 3// 2// 4//
f 5// 6// 1//
f 1// 6// 2//
f 7// 8// 5//
f 5// 8// 6//
f 3// 4// 7//
f 7// 4// 8//
f 6// 8// 2//
f 2// 8// 4//
f 7// 5// 3//
f 3// 5// 1//
f 9// 10// 11//
f 11// 10// 12//
f 13// 14// 9//
f 9// 14// 10//
f 15// 16// 13//
f 13// 16// 14//
f 11// 12// 15//
f 15// 12// 16//
f 14// 16// 10//
f 10// 16// 12//
f 15// 13// 11//
f 11// 13// 9//
f 17// 18// 19//
f 19// 18// 20//
f 21// 22// 17//
f 17// 22// 18//
f 23// 24// 21//
f 21// 24// 22//
f 19// 20// 23//
f 23// 20// 24//
f 22// 24// 18//
f 18// 24// 20//
f 23// 21// 19//
f 19// 21// 17//
f 25// 26// 27//
f 27// 26// 28//
f 29// 30// 25//
f 25// 30// 26//
f 31// 32// 29//
f 29// 32// 30//
f 27// 28// 31//
f 31// 28// 32//
f 30// 32// 26//
f 26// 32// 28//
f 31// 29// 27//
f 27// 29// 25//
f 33// 34// 35//
f 35// 34// 36//
f 37// 38// 33//
f 33// 38// 34//
f 39// 40// 37//
f 37// 40// 38//
f 41// 42// 39//
f 39// 42// 40//
f 35// 36// 41//
f 41// 36// 42//
f 40// 42// 38//
f 38// 42// 36//
f 38// 36// 34//
f 41// 39// 35//
f 35// 39// 37//
f 35// 37// 33//
f 43// 44// 45//
f 45// 44// 46//
f 47// 48// 43//
f 43// 48// 44//
f 49// 50// 47//
f 47// 50// 48//
f 45// 46// 49//
f 49// 46// 50//
f 48// 50// 44//
f 44// 50// 46//
f 49// 47// 45//
f 45// 47// 43//
f 51// 52// 53//
f 53// 52// 54//
f 55// 56// 51//
f 51// 56// 52//
f 57// 58// 55//
f 55// 58// 56//
f 53// 54// 57//
f 57// 54// 58//
f 56// 58// 52//
f 52// 58// 54//
f 57// 55// 53//
f 53// 55// 51//
f 59// 60// 61//
f 61// 60// 62//
f 63// 64// 59//
f 59// 64// 60//
f 65// 66// 63//
f 63// 66// 64//
f 61// 62// 65//
f 65// 62// 66//
f 64// 66// 60//
f 60// 66// 62//
f 65// 63// 61//
f 61// 63// 59//
f 67// 68// 69//
f 69// 68// 70//
f 71// 72// 67//
f 67// 72// 68//
f 73// 74// 71//
f 71// 74// 72//
f 69// 70// 73//
f 73// 70// 74//
f 72// 74// 68//
f 68// 74// 70//
f 73// 71// 69//
f 69// 71// 67//
f 75// 76// 77//
f 77// 76// 78//
f 79// 80// 75//
f 75// 80// 76//
f 81// 82// 79//
f 79// 82// 80//
f 77// 78// 81//
f 81// 78// 82//
f 80// 82// 76//
f 76// 82// 78//
f 81// 79// 77//
f 77// 79// 75//
f 83// 84// 85//
f 85// 84// 86//
f 87// 88// 83//
f 83// 88// 84//
f 89// 90// 87//
f 87// 90// 88//
f 85// 86// 89//
f 89// 86// 90//
f 88// 90// 84//
f 84// 90// 86//
f 89// 87// 85//
f 85// 87// 83//
f 91// 92// 93//
f 93// 92// 94//
f 95// 96// 91//
f 91// 96// 92//
f 97// 98// 95//
f 95// 98// 96//
f 93// 94// 97//
f 97// 94// 98//
f 96// 98// 92//
f 92// 98// 94//
f 97// 95// 93//
f 93// 95// 91//
f 99// 100// 101//
f 101// 100// 102//
f 103// 104// 99//
f 99// 104// 100//
f 105// 106// 103//
f 103// 106// 104//
f 101// 102// 105//
f 105// 102// 106//
f 104// 106// 100//
f 100// 106// 102//
f 105// 103// 101//
f 101// 103// 99//
f 107// 108// 109//
f 109// 108// 110//
f 111// 112// 107//
f 107// 112// 108//
f 113// 114// 111//
f 111// 114// 112//
f 109// 110// 113//
f 113// 110// 114//
f 112// 114// 108//
f 108// 114// 110//
f 113// 111// 109//
f 109// 111// 107//
f 115// 116// 117//
f 117// 116// 118//
f 119// 120// 115//
f 115// 120// 116//
f 121// 122// 119//
f 119// 122// 120//
f 117// 118// 121//
f 121// 118// 122//
f 120// 122// 116//
f 116// 122// 118//
f 121// 119// 117//
f 117// 119// 115//
f 123// 124// 125//
f 125// 124// 126//
f 127// 128// 123//
f 123// 128// 124//
f 129// 130// 127//
f 127// 130// 128//
f 125// 126// 129//
f 129// 126// 130//
f 128// 130// 124//
f 124// 130// 126//
f 129// 127// 125//
f 125// 127// 123//
f 131// 132// 133//
f 133// 132// 134//
f 135// 136// 131//
f 131// 136// 132//
f 137// 138// 135//
f 135// 138// 136//
f 133// 134// 137//
f 137// 134// 138//
f 136// 138// 132//
f 132// 138// 134//
f 137// 135// 133//
f 133// 135// 131//
f 139// 140// 141//
f 141// 140// 142//
f 143// 144// 139//
f 139// 144// 140//
f 145// 146// 143//
f 143// 146// 144//
f 141// 142// 145//
f 145// 142// 146//
f 144// 146// 140//
f 140// 146// 142//
f 145// 143// 141//
f 141// 143// 139//
f 147// 148// 149//
f 149// 148// 150//
f 151// 152// 147//
f 147// 152// 148//
f 153// 154// 151//
f 151// 154// 152//
f 149// 150// 153//
f 153// 150// 154//
f 152// 154// 148//
f 148// 154// 150//
f 153// 151// 149//
f 149// 151// 147//
f 155// 156// 157//
f 157// 156// 158//
f 159// 160// 155//
f 155// 160// 156//
f 161// 162// 159//
f 159// 162// 160//
f 157// 158// 161//
f 161// 158// 162//
f 160// 162// 156//
f 156// 162// 158//
f 161// 159// 157//
f 157// 159// 155//
f 163// 164// 165//
f 165// 164// 166//
f 167// 168// 163//
f 163// 168// 164//
f 169// 170// 167//
f 167// 170// 168//
f 165// 166// 169//
f 169// 166// 170//
f 168// 170// 164//
f 164// 170// 166//
f 169// 167// 165//
f 165// 167// 163//
f 171// 172// 173//
f 173// 172// 174//
f 175// 176// 171//
f 171// 176// 172//
f 177// 178// 175//
f 175// 178// 176//
f 173// 174// 177//
f 177// 174// 178//
f 176// 178// 172//
f 172// 178// 174//
f 177// 175// 173//
f 173// 175// 171//
f 179// 180// 181//
f 181// 180// 182//
f 183// 184// 179//
f 179// 184// 180//
f 185// 186// 183//
f 183// 186// 184//
f 181// 182// 185//
f 185// 182// 186//
f 184// 186// 180//
f 180// 186// 182//
f 185// 183// 181//
f 181// 183// 179//
f 187// 188// 189//
f 189// 188// 190//
f 191// 192// 187//
f 187// 192// 188//
f 193// 194// 191//
f 191// 194// 192//
f 189// 190// 193//
f 193// 190// 194//
f 192// 194// 188//
f 188// 194// 190//
f 193// 191// 189//
f 189// 191// 187//
f 195// 196// 197//
f 197// 196// 198//
f 199// 200// 195//
f 195// 200// 196//
f 201// 202// 199//
f 199// 202// 200//
f 197// 198// 201//
f 201// 198// 202//
f 200// 202// 196//
f 196// 202// 198//
f 201// 199// 197//
f 197// 199// 195//
f 203// 204// 205//
f 205// 204// 206//
f 207// 208// 203//
f 203// 208// 204//
f 209// 210// 207//
f 207// 210// 208//
f 205// 206// 209//
f 209// 206// 210//
f 208// 210// 204//
f 204// 210// 206//
f 209// 207// 205//
f 205// 207// 203//
f 211// 212// 213//
f 213// 212// 214//
f 215// 216// 211//
f 211// 216// 212//
f 217// 218// 215//
f 215// 218// 216//
f 213// 214// 217//
f 217// 214// 218//
f 216// 218// 212//
f 212// 218// 214//
f 217// 215// 213//
f 213// 215// 211//
f 219// 220// 221//
f 221// 220// 222//
f 223// 224// 219//
f 219// 224// 220//
f 225// 226// 223//
f 223// 226// 224//
f 221// 222// 225//
f 225// 222// 226//
f 224// 226// 220//
f 220// 226// 222//
f 225// 223// 221//
f 221// 223// 219//
f 227// 228// 229//
f 229// 228// 230//
f 231// 232// 227//
f 227// 232// 228//
f 233// 234// 231//
f 231// 234// 232//
f 229// 230// 233//
f 233// 230// 234//
f 232// 234// 228//
f 228// 234// 230//
f 233// 231// 229//
f 229// 231// 227//
usemtl 2
f 235// 236// 237//
f 238// 239// 240//
f 241// 242// 243//
f 244// 245// 246//
f 247// 248// 240//
f 249// 250// 251//
f 252// 253// 254//
f 255// 256// 257//
f 257// 256// 258//
f 259// 260// 257//
f 257// 260// 261//
f 257// 261// 262//
f 262// 263// 257//
f 257// 263// 264//
f 257// 264// 255//
f 265// 266// 267//
f 265// 267// 268//
f 268// 267// 269//
f 269// 267// 270//
f 269// 270// 271//
f 271// 270// 272//
f 271// 272// 273//
f 254// 253// 272//
f 272// 253// 274//
f 272// 274// 275//
f 272// 276// 273//
f 273// 276// 277//
f 273// 277// 278//
f 278// 277// 279//
f 278// 279// 280//
f 275// 281// 272//
f 272// 281// 282//
f 272// 282// 276//
f 283// 284// 254//
f 254// 284// 285//
f 254// 285// 252//
f 286// 287// 288//
f 286// 288// 289//
f 287// 290// 288//
f 288// 290// 291//
f 288// 291// 283//
f 283// 291// 292//
f 283// 292// 284//
f 293// 289// 294//
f 294// 289// 288//
f 294// 288// 295//
f 295// 288// 296//
f 297// 298// 299//
f 299// 298// 300//
f 299// 300// 301//
f 300// 302// 301//
f 301// 302// 303//
f 301// 303// 304//
f 304// 303// 305//
f 304// 305// 288//
f 288// 305// 306//
f 288// 306// 296//
f 307// 308// 309//
f 308// 310// 309//
f 309// 310// 311//
f 309// 311// 312//
f 313// 314// 315//
f 313// 315// 316//
f 317// 318// 319//
f 314// 320// 315//
f 315// 320// 321//
f 315// 321// 322//
f 317// 319// 323//
f 318// 324// 319//
f 319// 324// 325//
f 319// 325// 326//
f 327// 328// 329//
f 329// 328// 330//
f 329// 330// 315//
f 315// 330// 331//
f 315// 331// 316//
f 315// 332// 333//
f 334// 335// 307//
f 335// 336// 307//
f 307// 336// 337//
f 307// 337// 338//
f 338// 339// 307//
f 307// 339// 340//
f 307// 340// 341//
f 341// 340// 327//
f 341// 327// 342//
f 342// 327// 329//
f 322// 343// 315//
f 315// 343// 344//
f 315// 344// 345//
f 345// 346// 315//
f 315// 346// 347//
f 315// 347// 332//
f 348// 349// 350//
f 348// 350// 351//
f 333// 352// 315//
f 315// 352// 353//
f 315// 353// 354//
f 354// 353// 355//
f 354// 355// 356//
f 357// 358// 359//
f 359// 358// 360//
f 359// 360// 361//
f 362// 363// 364//
f 364// 363// 359//
f 364// 359// 365//
f 365// 359// 361//
f 354// 366// 367//
f 356// 368// 354//
f 354// 368// 369//
f 354// 369// 366//
f 370// 371// 372//
f 372// 371// 354//
f 372// 354// 373//
f 373// 354// 367//
f 370// 350// 371//
f 371// 350// 349//
f 371// 349// 251//
f 251// 349// 374//
f 251// 374// 249//
f 375// 376// 362//
f 362// 376// 377//
f 362// 377// 363//
f 375// 378// 376//
f 376// 378// 379//
f 376// 379// 380//
f 381// 382// 383//
f 382// 384// 383//
f 383// 384// 385//
f 383// 385// 386//
f 358// 383// 387//
f 357// 351// 358//
f 358// 351// 350//
f 358// 350// 383//
f 383// 350// 388//
f 383// 388// 381//
f 387// 389// 358//
f 358// 389// 390//
f 358// 390// 391//
f 386// 385// 392//
f 392// 385// 393//
f 392// 393// 394//
f 394// 393// 395//
f 394// 395// 396//
f 397// 398// 391//
f 391// 398// 399//
f 391// 399// 358//
f 247// 240// 400//
f 256// 401// 258//
f 258// 401// 402//
f 258// 402// 400//
f 403// 404// 405//
f 404// 403// 406//
f 406// 403// 407//
f 406// 407// 408//
f 408// 407// 409//
f 408// 409// 410//
f 411// 412// 413//
f 414// 415// 407//
f 416// 417// 409//
f 409// 417// 418//
f 409// 418// 419//
f 419// 420// 409//
f 409// 420// 421//
f 409// 421// 422//
f 415// 423// 407//
f 407// 423// 424//
f 407// 424// 409//
f 409// 424// 425//
f 409// 425// 416//
f 426// 427// 428//
f 428// 427// 429//
f 428// 429// 430//
f 430// 429// 431//
f 432// 433// 403//
f 403// 433// 434//
f 403// 434// 407//
f 407// 434// 435//
f 407// 435// 414//
f 436// 437// 422//
f 422// 437// 438//
f 421// 426// 422//
f 422// 426// 428//
f 422// 428// 436//
f 436// 428// 439//
f 436// 439// 440//
f 440// 439// 441//
f 440// 441// 442//
f 442// 441// 443//
f 444// 445// 446//
f 446// 445// 447//
f 446// 447// 428//
f 428// 447// 448//
f 428// 448// 439//
f 449// 444// 450//
f 450// 444// 446//
f 450// 446// 451//
f 451// 446// 428//
f 451// 428// 452//
f 452// 428// 430//
f 452// 430// 453//
f 453// 430// 454//
f 453// 454// 455//
f 455// 454// 456//
f 437// 457// 438//
f 438// 457// 244//
f 438// 244// 458//
f 458// 244// 246//
f 459// 460// 461//
f 462// 463// 464//
f 463// 465// 464//
f 464// 465// 466//
f 464// 466// 467//
f 467// 466// 468//
f 459// 461// 464//
f 464// 461// 469//
f 464// 469// 462//
f 470// 471// 472//
f 472// 471// 473//
f 472// 473// 474//
f 474// 473// 475//
f 476// 477// 242//
f 242// 477// 478//
f 242// 478// 243//
f 243// 479// 480//
f 480// 479// 481//
f 482// 483// 484//
f 468// 485// 467//
f 467// 485// 486//
f 467// 486// 484//
f 484// 486// 487//
f 484// 487// 482//
f 488// 489// 243//
f 243// 489// 490//
f 483// 491// 484//
f 484// 491// 492//
f 484// 492// 479//
f 479// 492// 493//
f 479// 493// 481//
f 494// 495// 480//
f 480// 495// 496//
f 480// 496// 243//
f 243// 496// 497//
f 243// 497// 488//
f 490// 498// 243//
f 243// 498// 499//
f 243// 499// 241//
f 500// 501// 502//
f 502// 501// 503//
f 502// 503// 504//
f 502// 505// 500//
f 500// 505// 506//
f 500// 506// 507//
f 507// 508// 500//
f 500// 508// 509//
f 500// 509// 510//
f 510// 509// 511//
f 510// 511// 512//
f 512// 511// 513//
f 512// 513// 480//
f 480// 513// 514//
f 480// 514// 494//
f 515// 516// 504//
f 504// 516// 517//
f 504// 517// 502//
f 518// 519// 460//
f 460// 519// 520//
f 460// 520// 461//
f 518// 521// 519//
f 519// 521// 522//
f 519// 522// 523//
f 523// 522// 524//
f 523// 525// 526//
f 524// 527// 523//
f 523// 527// 528//
f 523// 528// 529//
f 529// 530// 523//
f 523// 530// 531//
f 523// 531// 525//
f 526// 532// 523//
f 523// 532// 533//
f 523// 533// 534//
f 403// 535// 536//
f 537// 538// 536//
f 536// 538// 430//
f 536// 430// 403//
f 403// 430// 431//
f 403// 431// 432//
f 535// 403// 539//
f 539// 403// 540//
f 539// 540// 541//
f 538// 542// 430//
f 430// 542// 543//
f 430// 543// 454//
f 454// 543// 544//
f 454// 544// 545//
f 545// 544// 546//
f 545// 546// 541//
f 541// 546// 547//
f 541// 547// 539//
f 548// 549// 550//
f 550// 549// 551//
f 552// 553// 549//
f 549// 553// 554//
f 549// 554// 551//
f 551// 554// 555//
f 556// 456// 557//
f 558// 559// 456//
f 456// 559// 548//
f 456// 548// 557//
f 557// 548// 560//
f 561// 562// 454//
f 563// 564// 545//
f 562// 565// 454//
f 454// 565// 566//
f 454// 566// 456//
f 456// 566// 567//
f 456// 567// 558//
f 563// 545// 568//
f 552// 569// 553//
f 553// 569// 570//
f 553// 570// 545//
f 545// 570// 571//
f 545// 571// 568//
f 564// 572// 545//
f 545// 572// 573//
f 545// 573// 454//
f 454// 573// 574//
f 454// 574// 561//
f 575// 576// 577//
f 577// 576// 578//
f 577// 578// 579//
f 578// 560// 579//
f 579// 560// 548//
f 579// 548// 580//
f 580// 548// 550//
f 580// 550// 581//
f 581// 550// 582//
f 581// 582// 583//
f 583// 582// 584//
f 555// 554// 585//
f 585// 554// 586//
f 585// 586// 587//
f 588// 589// 590//
f 591// 592// 593//
f 593// 592// 594//
f 593// 594// 590//
f 590// 594// 595//
f 590// 595// 588//
f 589// 596// 590//
f 590// 596// 597//
f 590// 597// 598//
f 598// 599// 590//
f 590// 599// 600//
f 590// 600// 601//
f 601// 602// 590//
f 590// 602// 603//
f 590// 603// 604//
f 605// 606// 604//
f 604// 606// 607//
f 604// 607// 590//
f 608// 609// 610//
f 605// 611// 606//
f 606// 611// 612//
f 606// 612// 610//
f 610// 612// 613//
f 610// 613// 608//
f 614// 615// 616//
f 616// 615// 617//
f 616// 617// 618//
f 618// 617// 619//
f 620// 621// 622//
f 622// 621// 623//
f 624// 625// 626//
f 626// 625// 627//
f 626// 627// 628//
f 628// 629// 626//
f 626// 629// 630//
f 626// 630// 631//
f 632// 633// 634//
f 635// 636// 632//
f 632// 636// 637//
f 632// 637// 633//
f 634// 638// 632//
f 632// 638// 639//
f 632// 639// 640//
f 641// 642// 643//
f 643// 642// 644//
f 643// 644// 645//
f 593// 646// 591//
f 591// 646// 647//
f 591// 647// 648//
f 648// 647// 649//
f 648// 649// 650//
f 651// 652// 642//
f 642// 652// 653//
f 653// 652// 654//
f 653// 654// 655//
f 656// 657// 658//
f 658// 657// 659//
f 660// 661// 659//
f 659// 661// 651//
f 659// 651// 658//
f 658// 651// 642//
f 400// 240// 258//
f 258// 240// 239//
f 258// 239// 662//
f 663// 664// 658//
f 656// 658// 665//
f 665// 658// 664//
f 665// 664// 666//
f 654// 667// 655//
f 655// 667// 238//
f 655// 238// 319//
f 319// 238// 240//
f 319// 240// 323//
f 323// 240// 248//
f 668// 669// 670//
f 670// 669// 671//
f 672// 653// 673//
f 673// 653// 674//
f 653// 675// 676//
f 677// 678// 679//
f 672// 680// 653//
f 653// 680// 681//
f 653// 681// 675//
f 682// 683// 684//
f 684// 683// 685//
f 684// 685// 686//
f 686// 685// 679//
f 686// 679// 687//
f 687// 679// 678//
f 653// 684// 642//
f 642// 684// 688//
f 642// 688// 689//
f 676// 690// 653//
f 653// 690// 691//
f 653// 691// 684//
f 684// 691// 692//
f 684// 692// 682//
f 693// 694// 671//
f 671// 694// 695//
f 671// 695// 696//
f 644// 697// 698//
f 699// 700// 679//
f 679// 700// 701//
f 679// 701// 702//
f 698// 703// 644//
f 644// 703// 704//
f 644// 704// 705//
f 689// 706// 642//
f 642// 706// 707//
f 642// 707// 644//
f 644// 707// 708//
f 644// 708// 697//
f 702// 709// 679//
f 679// 709// 710//
f 679// 710// 677//
f 711// 712// 713//
f 713// 712// 714//
f 713// 714// 715//
f 716// 717// 243//
f 243// 717// 718//
f 243// 718// 479//
f 479// 718// 719//
f 479// 719// 246//
f 720// 721// 722//
f 722// 723// 720//
f 720// 723// 724//
f 720// 724// 719//
f 719// 724// 725//
f 719// 725// 246//
f 246// 725// 726//
f 246// 726// 458//
f 727// 728// 478//
f 478// 728// 729//
f 478// 729// 730//
f 731// 732// 243//
f 243// 732// 733//
f 243// 733// 716//
f 730// 734// 478//
f 478// 734// 735//
f 478// 735// 243//
f 243// 735// 736//
f 243// 736// 737//
f 738// 739// 727//
f 727// 739// 740//
f 727// 740// 741//
f 741// 742// 727//
f 727// 742// 743//
f 727// 743// 728//
f 737// 744// 243//
f 243// 744// 745//
f 243// 745// 731//
f 301// 746// 747//
f 747// 746// 748//
f 747// 748// 749//
f 750// 751// 304//
f 752// 753// 301//
f 301// 753// 754//
f 301// 754// 755//
f 755// 756// 301//
f 301// 756// 757//
f 301// 757// 746//
f 749// 758// 747//
f 747// 758// 759//
f 747// 759// 760//
f 760// 761// 747//
f 747// 761// 762//
f 747// 762// 763//
f 763// 762// 764//
f 763// 764// 765//
f 304// 751// 301//
f 301// 751// 766//
f 301// 766// 752//
f 765// 767// 763//
f 763// 767// 768//
f 763// 768// 769//
f 769// 770// 304//
f 304// 770// 771//
f 304// 771// 750//
f 235// 772// 773//
f 773// 772// 774//
f 773// 774// 775//
f 775// 774// 776//
f 775// 776// 777//
f 777// 776// 778//
f 777// 778// 779//
f 779// 778// 727//
f 779// 727// 780//
f 780// 727// 478//
f 780// 478// 781//
f 781// 478// 477//
f 781// 477// 782//
f 782// 477// 783//
f 782// 783// 784//
f 784// 783// 714//
f 784// 714// 785//
f 785// 714// 712//
f 785// 712// 786//
f 786// 712// 787//
f 786// 787// 299//
f 299// 787// 309//
f 299// 309// 297//
f 297// 309// 312//
f 711// 674// 712//
f 712// 674// 653//
f 712// 653// 787//
f 787// 653// 655//
f 787// 655// 309//
f 309// 655// 319//
f 309// 319// 307//
f 307// 319// 326//
f 307// 326// 334//
f 476// 475// 477//
f 477// 475// 473//
f 477// 473// 783//
f 783// 473// 471//
f 783// 471// 714//
f 714// 471// 670//
f 714// 670// 715//
f 715// 670// 671//
f 715// 671// 788//
f 788// 671// 696//
f 772// 789// 774//
f 774// 789// 409//
f 774// 409// 776//
f 776// 409// 422//
f 776// 422// 778//
f 778// 422// 438//
f 778// 438// 727//
f 727// 438// 458//
f 727// 458// 738//
f 738// 458// 726//
f 470// 464// 471//
f 471// 464// 467//
f 471// 467// 670//
f 670// 467// 644//
f 670// 644// 668//
f 668// 644// 705//
f 641// 624// 642//
f 642// 624// 626//
f 642// 626// 658//
f 658// 626// 790//
f 658// 790// 663//
f 245// 455// 246//
f 246// 455// 456//
f 246// 456// 479//
f 479// 456// 556//
f 479// 556// 484//
f 484// 556// 791//
f 484// 791// 467//
f 467// 791// 591//
f 467// 591// 644//
f 644// 591// 648//
f 644// 648// 645//
f 645// 648// 650//
f 792// 793// 790//
f 790// 793// 794//
f 795// 796// 797//
f 797// 796// 257//
f 797// 257// 794//
f 794// 257// 258//
f 794// 258// 790//
f 790// 258// 662//
f 790// 662// 663//
f 631// 635// 626//
f 626// 635// 632//
f 626// 632// 790//
f 790// 632// 796//
f 790// 796// 792//
f 792// 796// 795//
f 792// 795// 798//
f 557// 799// 556//
f 556// 799// 587//
f 556// 587// 791//
f 791// 587// 586//
f 791// 586// 591//
f 591// 586// 615//
f 591// 615// 592//
f 592// 615// 614//
f 413// 410// 411//
f 411// 410// 409//
f 411// 409// 800//
f 800// 409// 789//
f 800// 789// 801//
f 801// 789// 802//
f 801// 802// 405//
f 405// 802// 803//
f 405// 803// 403//
f 403// 803// 804//
f 403// 804// 540//
f 235// 237// 772//
f 772// 237// 805//
f 772// 805// 789//
f 789// 805// 806//
f 789// 806// 802//
f 802// 806// 807//
f 802// 807// 803//
f 803// 807// 808//
f 803// 808// 804//
f 769// 304// 763//
f 763// 304// 288//
f 763// 288// 809//
f 809// 288// 283//
f 809// 283// 810//
f 810// 283// 254//
f 810// 254// 811//
f 811// 254// 272//
f 811// 272// 812//
f 812// 272// 270//
f 812// 270// 813//
f 640// 622// 632//
f 632// 622// 623//
f 632// 623// 796//
f 796// 623// 814//
f 796// 814// 257//
f 257// 814// 267//
f 257// 267// 259//
f 259// 267// 266//
f 808// 815// 804//
f 804// 815// 816//
f 804// 816// 540//
f 540// 816// 817//
f 540// 817// 541//
f 541// 817// 818//
f 541// 818// 545//
f 545// 818// 819//
f 545// 819// 553//
f 553// 819// 820//
f 553// 820// 554//
f 554// 820// 821//
f 554// 821// 586//
f 586// 821// 822//
f 586// 822// 615//
f 615// 822// 823//
f 615// 823// 617//
f 617// 823// 621//
f 617// 621// 619//
f 619// 621// 620//
f 236// 824// 825//
f 826// 827// 227//
f 227// 827// 215//
f 825// 231// 236//
f 236// 231// 227//
f 236// 227// 815//
f 815// 227// 215//
f 815// 215// 211//
f 195// 828// 829//
f 183// 179// 815//
f 829// 183// 195//
f 195// 183// 815//
f 195// 815// 199//
f 199// 815// 211//
f 199// 211// 830//
f 830// 211// 831//
f 163// 832// 833//
f 151// 147// 815//
f 833// 151// 163//
f 163// 151// 815//
f 163// 815// 167//
f 167// 815// 179//
f 167// 179// 834//
f 834// 179// 835//
f 836// 837// 25//
f 25// 837// 815//
f 25// 815// 29//
f 29// 815// 147//
f 29// 147// 838//
f 838// 147// 839//
f 747// 840// 841//
f 842// 843// 19//
f 19// 843// 51//
f 841// 17// 747//
f 747// 17// 19//
f 747// 19// 236//
f 236// 19// 51//
f 236// 51// 53//
f 83// 85// 236//
f 69// 844// 845//
f 845// 83// 69//
f 69// 83// 236//
f 69// 236// 67//
f 67// 236// 53//
f 67// 53// 846//
f 846// 53// 847//
f 101// 848// 849//
f 115// 117// 236//
f 849// 115// 101//
f 101// 115// 236//
f 101// 236// 99//
f 99// 236// 85//
f 99// 85// 850//
f 850// 85// 851//
f 852// 824// 133//
f 133// 824// 236//
f 133// 236// 131//
f 131// 236// 117//
f 131// 117// 853//
f 853// 117// 854//
f 11// 855// 856//
f 813// 857// 858//
f 747// 813// 145//
f 145// 813// 141//
f 858// 9// 813//
f 813// 9// 11//
f 813// 11// 141//
f 141// 11// 856//
f 161// 859// 860//
f 173// 177// 747//
f 860// 173// 161//
f 161// 173// 747//
f 161// 747// 157//
f 157// 747// 145//
f 157// 145// 861//
f 861// 145// 862//
f 193// 863// 864//
f 205// 209// 747//
f 864// 205// 193//
f 193// 205// 747//
f 193// 747// 189//
f 189// 747// 177//
f 189// 177// 865//
f 865// 177// 866//
f 867// 840// 225//
f 225// 840// 747//
f 225// 747// 221//
f 221// 747// 209//
f 221// 209// 868//
f 868// 209// 869//
f 837// 870// 815//
f 815// 870// 123//
f 815// 123// 125//
f 871// 872// 125//
f 125// 872// 107//
f 125// 107// 815//
f 815// 107// 109//
f 815// 109// 813//
f 75// 77// 813//
f 93// 873// 874//
f 874// 75// 93//
f 93// 75// 813//
f 93// 813// 91//
f 91// 813// 109//
f 91// 109// 875//
f 875// 109// 876//
f 61// 877// 878//
f 43// 45// 813//
f 878// 43// 61//
f 61// 43// 813//
f 61// 813// 59//
f 59// 813// 77//
f 59// 77// 879//
f 879// 77// 880//
f 881// 857// 1//
f 1// 857// 813//
f 1// 813// 5//
f 5// 813// 45//
f 5// 45// 882//
f 882// 45// 883//
f 884// 837// 836//
f 885// 857// 881//
f 838// 839// 886//
f 886// 839// 887//
f 882// 883// 888//
f 888// 883// 889//
f 836// 890// 884//
f 884// 890// 886//
f 884// 886// 891//
f 891// 886// 887//
f 891// 887// 892//
f 881// 893// 885//
f 885// 893// 888//
f 885// 888// 884//
f 884// 888// 889//
f 884// 889// 894//
f 833// 832// 892//
f 892// 832// 895//
f 892// 895// 891//
f 891// 895// 896//
f 897// 879// 880//
f 898// 899// 884//
f 834// 835// 896//
f 896// 835// 900//
f 896// 900// 891//
f 891// 900// 901//
f 880// 898// 897//
f 897// 898// 884//
f 897// 884// 902//
f 902// 884// 894//
f 902// 894// 877//
f 877// 894// 878//
f 829// 828// 901//
f 901// 828// 903//
f 901// 903// 891//
f 891// 903// 904//
f 905// 875// 876//
f 830// 831// 904//
f 904// 831// 906//
f 904// 906// 891//
f 891// 906// 907//
f 908// 909// 884//
f 824// 852// 910//
f 876// 908// 905//
f 905// 908// 884//
f 905// 884// 911//
f 911// 884// 899//
f 911// 899// 873//
f 873// 899// 874//
f 912// 891// 913//
f 913// 891// 910//
f 827// 826// 907//
f 907// 826// 914//
f 907// 914// 891//
f 891// 914// 915//
f 891// 915// 910//
f 910// 915// 825//
f 910// 825// 824//
f 870// 837// 916//
f 916// 837// 884//
f 916// 884// 917//
f 917// 884// 909//
f 917// 909// 871//
f 871// 909// 872//
f 918// 849// 848//
f 919// 920// 912//
f 848// 919// 918//
f 918// 919// 912//
f 918// 912// 921//
f 921// 912// 913//
f 921// 913// 854//
f 854// 913// 853//
f 922// 845// 844//
f 923// 924// 912//
f 844// 923// 922//
f 922// 923// 912//
f 922// 912// 925//
f 925// 912// 920//
f 925// 920// 851//
f 851// 920// 850//
f 926// 843// 842//
f 927// 928// 912//
f 928// 841// 929//
f 929// 841// 840//
f 929// 840// 867//
f 868// 869// 930//
f 930// 869// 931//
f 912// 928// 932//
f 842// 927// 926//
f 926// 927// 912//
f 926// 912// 933//
f 933// 912// 924//
f 933// 924// 847//
f 847// 924// 846//
f 928// 929// 932//
f 932// 929// 930//
f 932// 930// 885//
f 885// 930// 931//
f 885// 931// 934//
f 935// 865// 866//
f 936// 937// 885//
f 866// 936// 935//
f 935// 936// 885//
f 935// 885// 938//
f 938// 885// 934//
f 938// 934// 863//
f 863// 934// 864//
f 939// 861// 862//
f 940// 941// 885//
f 862// 940// 939//
f 939// 940// 885//
f 939// 885// 942//
f 942// 885// 937//
f 942// 937// 859//
f 859// 937// 860//
f 858// 857// 943//
f 943// 857// 885//
f 943// 885// 944//
f 944// 885// 941//
f 944// 941// 855//
f 855// 941// 856//
usemtl 1
f 1// 3// 881//
f 881// 3// 893//
usemtl 3
f 3// 7// 893//
f 893// 7// 888//
f 7// 5// 888//
f 888// 5// 882//
f 5// 7// 1//
f 1// 7// 3//
f 227// 229// 826//
f 826// 229// 914//
f 229// 233// 914//
f 914// 233// 915//
f 233// 231// 915//
f 915// 231// 825//
f 231// 233// 227//
f 227// 233// 229//
f 219// 221// 930//
f 930// 221// 868//
f 225// 223// 867//
f 867// 223// 929//
f 223// 219// 929//
f 929// 219// 930//
f 223// 225// 219//
f 219// 225// 221//
f 211// 213// 831//
f 831// 213// 906//
f 213// 217// 906//
f 906// 217// 907//
f 217// 215// 907//
f 907// 215// 827//
f 215// 217// 211//
f 211// 217// 213//
f 203// 205// 934//
f 934// 205// 864//
f 209// 207// 869//
f 869// 207// 931//
f 207// 203// 931//
f 931// 203// 934//
f 207// 209// 203//
f 203// 209// 205//
f 195// 197// 828//
f 828// 197// 903//
f 197// 201// 903//
f 903// 201// 904//
f 201// 199// 904//
f 904// 199// 830//
f 199// 201// 195//
f 195// 201// 197//
f 187// 189// 935//
f 935// 189// 865//
f 193// 191// 863//
f 863// 191// 938//
f 191// 187// 938//
f 938// 187// 935//
f 191// 193// 187//
f 187// 193// 189//
f 179// 181// 835//
f 835// 181// 900//
f 181// 185// 900//
f 900// 185// 901//
f 185// 183// 901//
f 901// 183// 829//
f 183// 185// 179//
f 179// 185// 181//
f 171// 173// 937//
f 937// 173// 860//
f 177// 175// 866//
f 866// 175// 936//
f 175// 171// 936//
f 936// 171// 937//
f 175// 177// 171//
f 171// 177// 173//
f 163// 165// 832//
f 832// 165// 895//
f 165// 169// 895//
f 895// 169// 896//
f 169// 167// 896//
f 896// 167// 834//
f 167// 169// 163//
f 163// 169// 165//
f 155// 157// 939//
f 939// 157// 861//
f 161// 159// 859//
f 859// 159// 942//
f 159// 155// 942//
f 942// 155// 939//
f 159// 161// 155//
f 155// 161// 157//
f 147// 149// 839//
f 839// 149// 887//
f 149// 153// 887//
f 887// 153// 892//
f 153// 151// 892//
f 892// 151// 833//
f 151// 153// 147//
f 147// 153// 149//
f 139// 141// 941//
f 941// 141// 856//
f 145// 143// 862//
f 862// 143// 940//
f 143// 139// 940//
f 940// 139// 941//
f 143// 145// 139//
f 139// 145// 141//
f 69// 73// 844//
f 844// 73// 923//
f 73// 71// 923//
f 923// 71// 924//
f 71// 67// 924//
f 924// 67// 846//
f 71// 73// 67//
f 67// 73// 69//
f 61// 65// 877//
f 877// 65// 902//
f 65// 63// 902//
f 902// 63// 897//
f 63// 59// 897//
f 897// 59// 879//
f 63// 65// 59//
f 59// 65// 61//
f 53// 57// 847//
f 847// 57// 933//
f 57// 55// 933//
f 933// 55// 926//
f 55// 51// 926//
f 926// 51// 843//
f 55// 57// 51//
f 51// 57// 53//
f 45// 49// 883//
f 883// 49// 889//
f 49// 47// 889//
f 889// 47// 894//
f 47// 43// 894//
f 894// 43// 878//
f 47// 49// 43//
f 43// 49// 45//
f 11// 15// 855//
f 855// 15// 944//
f 15// 13// 944//
f 944// 13// 943//
f 13// 9// 943//
f 943// 9// 858//
f 13// 15// 9//
f 9// 15// 11//
f 19// 23// 842//
f 842// 23// 927//
f 23// 21// 927//
f 927// 21// 928//
f 21// 17// 928//
f 928// 17// 841//
f 21// 23// 17//
f 17// 23// 19//
f 25// 27// 836//
f 836// 27// 890//
f 27// 31// 890//
f 890// 31// 886//
f 31// 29// 886//
f 886// 29// 838//
f 29// 31// 25//
f 25// 31// 27//
f 33// 35// 891//
f 891// 35// 884//
f 35// 41// 884//
f 884// 41// 885//
f 41// 39// 885//
f 885// 39// 932//
f 39// 37// 932//
f 932// 37// 912//
f 37// 33// 912//
f 912// 33// 891//
f 39// 41// 37//
f 37// 41// 35//
f 37// 35// 33//
f 77// 81// 880//
f 880// 81// 898//
f 81// 79// 898//
f 898// 79// 899//
f 79// 75// 899//
f 899// 75// 874//
f 79// 81// 75//
f 75// 81// 77//
f 85// 89// 851//
f 851// 89// 925//
f 89// 87// 925//
f 925// 87// 922//
f 87// 83// 922//
f 922// 83// 845//
f 87// 89// 83//
f 83// 89// 85//
f 93// 97// 873//
f 873// 97// 911//
f 97// 95// 911//
f 911// 95// 905//
f 95// 91// 905//
f 905// 91// 875//
f 95// 97// 91//
f 91// 97// 93//
f 101// 105// 848//
f 848// 105// 919//
f 105// 103// 919//
f 919// 103// 920//
f 103// 99// 920//
f 920// 99// 850//
f 103// 105// 99//
f 99// 105// 101//
f 109// 113// 876//
f 876// 113// 908//
f 113// 111// 908//
f 908// 111// 909//
f 111// 107// 909//
f 909// 107// 872//
f 111// 113// 107//
f 107// 113// 109//
f 117// 121// 854//
f 854// 121// 921//
f 121// 119// 921//
f 921// 119// 918//
f 119// 115// 918//
f 918// 115// 849//
f 119// 121// 115//
f 115// 121// 117//
f 125// 129// 871//
f 871// 129// 917//
f 129// 127// 917//
f 917// 127// 916//
f 127// 123// 916//
f 916// 123// 870//
f 127// 129// 123//
f 123// 129// 125//
f 133// 137// 852//
f 852// 137// 910//
f 137// 135// 910//
f 910// 135// 913//
f 135// 131// 913//
f 913// 131// 853//
f 135// 137// 131//
f 131// 137// 133//
usemtl 1
f 945// 752// 946//
f 946// 752// 766//
f 946// 766// 947//
f 947// 766// 751//
f 947// 751// 948//
f 948// 751// 750//
f 948// 750// 949//
f 949// 750// 771//
f 949// 771// 950//
f 950// 771// 770//
f 950// 770// 951//
f 951// 770// 769//
f 951// 769// 952//
f 952// 769// 768//
f 952// 768// 953//
f 953// 768// 767//
f 953// 767// 954//
f 954// 767// 765//
f 954// 765// 955//
f 955// 765// 764//
f 955// 764// 956//
f 956// 764// 762//
f 956// 762// 957//
f 957// 762// 761//
f 957// 761// 958//
f 958// 761// 760//
f 958// 760// 959//
f 959// 760// 759//
f 959// 759// 960//
f 960// 759// 758//
f 960// 758// 961//
f 961// 758// 749//
f 961// 749// 962//
f 962// 749// 748//
f 962// 748// 963//
f 963// 748// 746//
f 963// 746// 964//
f 964// 746// 757//
f 964// 757// 965//
f 965// 757// 756//
f 965// 756// 966//
f 966// 756// 755//
f 966// 755// 967//
f 967// 755// 754//
f 967// 754// 968//
f 968// 754// 753//
f 968// 753// 945//
f 945// 753// 752//
f 967// 968// 969//
f 969// 968// 945//
f 969// 945// 946//
f 964// 965// 969//
f 969// 965// 966//
f 969// 966// 967//
f 961// 962// 969//
f 969// 962// 963//
f 969// 963// 964//
f 958// 959// 969//
f 969// 959// 960//
f 969// 960// 961//
f 955// 956// 969//
f 969// 956// 957//
f 969// 957// 958//
f 952// 953// 969//
f 969// 953// 954//
f 969// 954// 955//
f 949// 950// 969//
f 969// 950// 951//
f 969// 951// 952//
f 946// 947// 969//
f 969// 947// 948//
f 969// 948// 949//
usemtl 4
f 970// 971// 792//
f 792// 971// 793//
f 972// 970// 798//
f 798// 970// 792//
f 973// 972// 795//
f 795// 972// 798//
f 974// 973// 797//
f 797// 973// 795//
f 975// 974// 794//
f 794// 974// 797//
f 971// 975// 793//
f 793// 975// 794//
f 973// 974// 972//
f 972// 974// 975//
f 972// 975// 970//
f 970// 975// 971//
f 649// 976// 650//
f 650// 976// 977//
f 650// 977// 645//
f 645// 977// 978//
f 645// 978// 643//
f 649// 647// 976//
f 976// 647// 646//
f 976// 646// 979//
f 980// 979// 593//
f 593// 979// 646//
f 980// 593// 590//
f 980// 590// 981//
f 590// 607// 981//
f 981// 607// 606//
f 981// 606// 982//
f 982// 606// 610//
f 982// 610// 983//
f 983// 610// 609//
f 983// 609// 984//
f 984// 609// 608//
f 984// 608// 985//
f 985// 608// 613//
f 985// 613// 986//
f 986// 613// 612//
f 986// 612// 987//
f 987// 612// 611//
f 987// 611// 988//
f 988// 611// 605//
f 988// 605// 989//
f 989// 605// 604//
f 989// 604// 990//
f 990// 604// 603//
f 990// 603// 991//
f 991// 603// 602//
f 991// 602// 992//
f 992// 602// 601//
f 992// 601// 993//
f 993// 601// 600//
f 993// 600// 994//
f 994// 600// 599//
f 994// 599// 995//
f 995// 599// 598//
f 995// 598// 996//
f 996// 598// 597//
f 996// 597// 997//
f 997// 597// 596//
f 997// 596// 998//
f 998// 596// 589//
f 998// 589// 999//
f 592// 1000// 1001//
f 999// 589// 588//
f 999// 588// 1002//
f 1002// 588// 595//
f 1002// 595// 1001//
f 1001// 595// 594//
f 1001// 594// 592//
f 1003// 1000// 614//
f 614// 1000// 592//
f 1003// 614// 616//
f 1003// 616// 1004//
f 620// 1005// 619//
f 619// 1005// 1004//
f 619// 1004// 618//
f 618// 1004// 616//
f 1005// 620// 622//
f 1005// 622// 1006//
f 622// 640// 1006//
f 1006// 640// 639//
f 1006// 639// 1007//
f 1007// 639// 638//
f 1007// 638// 1008//
f 1008// 638// 634//
f 1008// 634// 1009//
f 1009// 634// 633//
f 1009// 633// 1010//
f 1010// 633// 637//
f 1010// 637// 1011//
f 1011// 637// 636//
f 1011// 636// 1012//
f 1012// 636// 635//
f 1012// 635// 1013//
f 1013// 635// 631//
f 1013// 631// 1014//
f 1014// 631// 630//
f 1014// 630// 1015//
f 1015// 630// 629//
f 1015// 629// 1016//
f 1016// 629// 628//
f 1016// 628// 1017//
f 625// 1018// 627//
f 627// 1018// 1017//
f 627// 1017// 628//
f 624// 1019// 625//
f 625// 1019// 1020//
f 625// 1020// 1018//
f 624// 641// 1019//
f 1019// 641// 643//
f 1019// 643// 978//
f 996// 997// 1006//
f 992// 993// 1010//
f 1010// 993// 1009//
f 1006// 997// 1005//
f 997// 998// 1005//
f 1005// 998// 999//
f 1005// 999// 1004//
f 1004// 999// 1002//
f 1004// 1002// 1003//
f 1003// 1002// 1001//
f 1003// 1001// 1000//
f 979// 980// 976//
f 976// 980// 981//
f 976// 981// 977//
f 977// 981// 982//
f 977// 982// 978//
f 978// 982// 983//
f 978// 983// 1019//
f 1019// 983// 984//
f 1019// 984// 1020//
f 1020// 984// 985//
f 1020// 985// 1018//
f 1018// 985// 986//
f 1018// 986// 1017//
f 1017// 986// 987//
f 1017// 987// 1016//
f 1016// 987// 988//
f 1016// 988// 1015//
f 1013// 991// 1012//
f 1012// 991// 992//
f 1012// 992// 1011//
f 1011// 992// 1010//
f 993// 994// 1009//
f 1009// 994// 995//
f 1009// 995// 1008//
f 1008// 995// 996//
f 1008// 996// 1007//
f 1007// 996// 1006//
f 1015// 988// 1014//
f 1014// 988// 989//
f 1014// 989// 1013//
f 1013// 989// 990//
f 1013// 990// 991//
f 1021// 1022// 560//
f 560// 1022// 557//
f 576// 1023// 578//
f 578// 1023// 1021//
f 578// 1021// 560//
f 1024// 1023// 575//
f 575// 1023// 576//
f 579// 1025// 577//
f 577// 1025// 1024//
f 577// 1024// 575//
f 1026// 1025// 580//
f 580// 1025// 579//
f 583// 1027// 581//
f 581// 1027// 1026//
f 581// 1026// 580//
f 1028// 1027// 584//
f 584// 1027// 583//
f 550// 1029// 582//
f 582// 1029// 1028//
f 582// 1028// 584//
f 1030// 1029// 551//
f 551// 1029// 550//
f 585// 1031// 555//
f 555// 1031// 1030//
f 555// 1030// 551//
f 1032// 1031// 587//
f 587// 1031// 585//
f 557// 1022// 799//
f 799// 1022// 1032//
f 799// 1032// 587//
f 1032// 1022// 1021//
f 1021// 1023// 1032//
f 1032// 1023// 1024//
f 1032// 1024// 1031//
f 1029// 1030// 1028//
f 1028// 1030// 1031//
f 1028// 1031// 1027//
f 1027// 1031// 1024//
f 1027// 1024// 1026//
f 1026// 1024// 1025//
f 1033// 1034// 1035//
f 1035// 1034// 1036//
f 1035// 1036// 1037//
f 1037// 1036// 1038//
f 1037// 1038// 1039//
f 1039// 1038// 1040//
f 1039// 1040// 1041//
f 1041// 1040// 1042//
f 1041// 1042// 1043//
f 1043// 1042// 1044//
f 1043// 1044// 1045//
f 1044// 1046// 1045//
f 1045// 1046// 1047//
f 1045// 1047// 1048//
f 1048// 1047// 1049//
f 1048// 1049// 1050//
f 1050// 1049// 1051//
f 1050// 1051// 1052//
f 1052// 1051// 1053//
f 1052// 1053// 1054//
f 1054// 1053// 1055//
f 1054// 1055// 1056//
f 1056// 1055// 1057//
f 1056// 1057// 1058//
f 1058// 1057// 1059//
f 1058// 1059// 1060//
f 1060// 1059// 1061//
f 1060// 1061// 1062//
f 1062// 1061// 1063//
f 1062// 1063// 1064//
f 1064// 1063// 1065//
f 1064// 1065// 1066//
f 1066// 1065// 1067//
f 1066// 1067// 1033//
f 1033// 1067// 1068//
f 1033// 1068// 1034//
f 1039// 1041// 559//
f 559// 1041// 548//
f 565// 1033// 1035//
f 1039// 559// 558//
f 1039// 558// 1037//
f 1037// 558// 567//
f 1037// 567// 1035//
f 1035// 567// 566//
f 1035// 566// 565//
f 1033// 565// 562//
f 1033// 562// 1066//
f 1066// 562// 561//
f 1066// 561// 1064//
f 1064// 561// 574//
f 1064// 574// 1062//
f 1062// 574// 573//
f 1062// 573// 1060//
f 1060// 573// 572//
f 1060// 572// 1058//
f 1058// 572// 564//
f 1058// 564// 1056//
f 1056// 564// 563//
f 1056// 563// 1054//
f 1054// 563// 568//
f 1054// 568// 1052//
f 1052// 568// 571//
f 570// 1048// 571//
f 571// 1048// 1050//
f 571// 1050// 1052//
f 570// 569// 1048//
f 1048// 569// 552//
f 1048// 552// 1045//
f 1043// 1045// 549//
f 549// 1045// 552//
f 1041// 1043// 548//
f 548// 1043// 549//
f 1046// 1044// 1069//
f 1069// 1044// 1070//
f 1044// 1042// 1070//
f 1070// 1042// 1071//
f 1042// 1040// 1071//
f 1071// 1040// 1072//
f 1068// 1073// 1074//
f 1068// 1074// 1034//
f 1034// 1074// 1075//
f 1034// 1075// 1036//
f 1036// 1075// 1076//
f 1036// 1076// 1038//
f 1038// 1076// 1072//
f 1038// 1072// 1040//
f 1061// 1077// 1078//
f 1061// 1078// 1063//
f 1063// 1078// 1079//
f 1063// 1079// 1065//
f 1065// 1079// 1080//
f 1065// 1080// 1067//
f 1067// 1080// 1073//
f 1067// 1073// 1068//
f 1053// 1081// 1082//
f 1053// 1082// 1055//
f 1055// 1082// 1083//
f 1055// 1083// 1057//
f 1057// 1083// 1084//
f 1057// 1084// 1059//
f 1059// 1084// 1077//
f 1059// 1077// 1061//
f 1046// 1069// 1085//
f 1046// 1085// 1047//
f 1047// 1085// 1086//
f 1047// 1086// 1049//
f 1049// 1086// 1087//
f 1049// 1087// 1051//
f 1051// 1087// 1081//
f 1051// 1081// 1053//
usemtl 2
f 1070// 1071// 1069//
f 1069// 1071// 1072//
f 1069// 1072// 1085//
f 1085// 1072// 1076//
f 1085// 1076// 1075//
f 1075// 1074// 1085//
f 1085// 1074// 1073//
f 1085// 1073// 1080//
f 1077// 1081// 1078//
f 1078// 1081// 1087//
f 1080// 1079// 1085//
f 1085// 1079// 1078//
f 1085// 1078// 1086//
f 1086// 1078// 1087//
f 1084// 1083// 1077//
f 1077// 1083// 1082//
f 1077// 1082// 1081//
usemtl 4
f 1088// 1089// 1090//
f 1090// 1089// 1091//
f 1092// 1093// 1088//
f 1088// 1093// 1094//
f 1088// 1094// 1089//
f 1089// 1094// 1095//
f 1092// 1096// 1093//
f 1093// 1096// 1097//
f 1093// 1097// 1098//
f 1098// 1097// 1099//
f 1098// 1099// 1100//
f 1100// 1101// 1098//
f 1098// 1101// 1090//
f 1098// 1090// 1102//
f 1102// 1090// 1091//
f 1102// 1091// 1103//
f 1098// 1102// 539//
f 539// 1102// 535//
f 1093// 1098// 547//
f 547// 1098// 539//
f 544// 1094// 546//
f 546// 1094// 1093//
f 546// 1093// 547//
f 1095// 1094// 543//
f 543// 1094// 544//
f 1089// 1095// 542//
f 542// 1095// 543//
f 537// 1091// 538//
f 538// 1091// 1089//
f 538// 1089// 542//
f 1103// 1091// 536//
f 536// 1091// 537//
f 1102// 1103// 535//
f 535// 1103// 536//
f 1088// 1090// 1104//
f 1104// 1090// 1105//
f 1090// 1101// 1105//
f 1105// 1101// 1106//
f 1099// 1107// 1108//
f 1099// 1108// 1100//
f 1100// 1108// 1106//
f 1100// 1106// 1101//
f 1099// 1097// 1107//
f 1107// 1097// 1109//
f 1092// 1110// 1111//
f 1092// 1111// 1096//
f 1096// 1111// 1109//
f 1096// 1109// 1097//
f 1092// 1088// 1110//
f 1110// 1088// 1104//
usemtl 2
f 1107// 1109// 1108//
f 1108// 1109// 1111//
f 1108// 1111// 1106//
f 1106// 1111// 1110//
f 1106// 1110// 1105//
f 1105// 1110// 1104//
usemtl 4
f 1112// 1113// 652//
f 652// 1113// 654//
f 661// 1114// 651//
f 651// 1114// 1112//
f 651// 1112// 652//
f 1115// 1114// 660//
f 660// 1114// 661//
f 1116// 1115// 659//
f 659// 1115// 660//
f 1117// 1116// 657//
f 657// 1116// 659//
f 1118// 1117// 656//
f 656// 1117// 657//
f 1118// 656// 1119//
f 1119// 656// 665//
f 1119// 665// 666//
f 1120// 1119// 664//
f 664// 1119// 666//
f 1121// 1120// 663//
f 663// 1120// 664//
f 1122// 1121// 662//
f 662// 1121// 663//
f 238// 1123// 239//
f 239// 1123// 1122//
f 239// 1122// 662//
f 654// 1113// 667//
f 667// 1113// 1123//
f 667// 1123// 238//
f 1123// 1113// 1112//
f 1112// 1114// 1123//
f 1123// 1114// 1115//
f 1123// 1115// 1122//
f 1120// 1121// 1119//
f 1119// 1121// 1122//
f 1119// 1122// 1118//
f 1118// 1122// 1115//
f 1118// 1115// 1117//
f 1117// 1115// 1116//
f 1124// 1125// 1126//
f 1126// 1125// 1127//
f 1128// 1129// 1127//
f 1127// 1129// 1130//
f 1127// 1130// 1131//
f 1132// 1133// 1134//
f 1134// 1133// 1135//
f 1131// 1136// 1127//
f 1127// 1136// 1137//
f 1127// 1137// 1126//
f 1126// 1137// 1138//
f 1126// 1138// 1132//
f 1132// 1138// 1139//
f 1132// 1139// 1133//
f 1140// 1141// 1142//
f 1142// 1141// 1143//
f 1144// 1128// 1145//
f 1145// 1128// 1127//
f 1145// 1127// 1146//
f 1146// 1127// 1147//
f 1146// 1147// 1148//
f 1148// 1147// 1149//
f 1148// 1149// 1150//
f 1150// 1149// 1151//
f 1150// 1151// 1143//
f 1143// 1151// 1152//
f 1143// 1152// 1142//
f 1153// 1154// 1155//
f 1155// 1154// 1156//
f 1155// 1156// 1157//
f 1157// 1156// 1158//
f 1157// 1158// 1159//
f 1159// 1158// 1160//
f 1159// 1160// 1140//
f 1140// 1160// 1161//
f 1140// 1161// 1141//
f 1162// 1163// 1164//
f 1164// 1163// 1165//
f 1164// 1165// 1166//
f 1166// 1165// 1167//
f 1166// 1167// 1168//
f 1168// 1167// 1169//
f 1168// 1169// 1170//
f 1170// 1169// 1171//
f 1170// 1171// 1172//
f 1172// 1171// 1173//
f 1172// 1173// 1135//
f 1135// 1173// 1174//
f 1135// 1174// 1134//
f 1145// 1175// 1144//
f 1144// 1175// 1176//
f 1144// 1176// 1177//
f 1177// 1176// 1178//
f 1177// 1178// 1179//
f 1179// 1178// 1180//
f 1179// 1180// 1181//
f 1181// 1180// 1182//
f 1181// 1182// 1183//
f 1183// 1182// 1184//
f 1183// 1184// 1185//
f 1185// 1184// 1186//
f 1185// 1186// 1187//
f 1187// 1186// 1188//
f 1187// 1188// 1189//
f 1189// 1188// 1190//
f 1189// 1190// 1162//
f 1162// 1190// 1191//
f 1162// 1191// 1163//
f 1159// 707// 706//
f 1159// 706// 1157//
f 1157// 706// 689//
f 1157// 689// 1155//
f 1155// 689// 688//
f 1155// 688// 1153//
f 1154// 1153// 684//
f 684// 1153// 688//
f 1154// 684// 686//
f 1154// 686// 1156//
f 1156// 686// 687//
f 1156// 687// 1158//
f 1158// 687// 678//
f 1158// 678// 1160//
f 1160// 678// 677//
f 1160// 677// 1161//
f 1161// 677// 710//
f 1161// 710// 1141//
f 1141// 710// 709//
f 1141// 709// 1143//
f 1143// 709// 702//
f 1143// 702// 1150//
f 1150// 702// 701//
f 1150// 701// 1148//
f 1148// 701// 700//
f 1148// 700// 1146//
f 1146// 700// 699//
f 1146// 699// 1145//
f 1175// 1145// 679//
f 679// 1145// 699//
f 1175// 679// 685//
f 1175// 685// 1176//
f 1176// 685// 683//
f 1176// 683// 1178//
f 1178// 683// 682//
f 1178// 682// 1180//
f 1180// 682// 692//
f 1180// 692// 1182//
f 1182// 692// 691//
f 1182// 691// 1184//
f 1184// 691// 690//
f 1184// 690// 1186//
f 1186// 690// 676//
f 1186// 676// 1188//
f 1188// 676// 675//
f 1188// 675// 1190//
f 1190// 675// 681//
f 1190// 681// 1191//
f 1191// 681// 680//
f 1191// 680// 1163//
f 711// 1169// 674//
f 674// 1169// 1167//
f 674// 1167// 673//
f 673// 1167// 1165//
f 673// 1165// 672//
f 672// 1165// 1163//
f 672// 1163// 680//
f 1169// 711// 713//
f 1169// 713// 1171//
f 1171// 713// 715//
f 1171// 715// 1173//
f 715// 788// 1173//
f 1173// 788// 696//
f 1173// 696// 1174//
f 1174// 696// 695//
f 1174// 695// 1134//
f 1134// 695// 694//
f 1134// 694// 1132//
f 1126// 1132// 693//
f 693// 1132// 694//
f 1124// 1126// 671//
f 671// 1126// 693//
f 1125// 1124// 669//
f 669// 1124// 671//
f 1127// 1125// 668//
f 668// 1125// 669//
f 1127// 668// 705//
f 1127// 705// 1147//
f 1147// 705// 704//
f 1147// 704// 1149//
f 1149// 704// 703//
f 1149// 703// 1151//
f 1151// 703// 698//
f 1151// 698// 1152//
f 1152// 698// 697//
f 1152// 697// 1142//
f 1142// 697// 708//
f 1142// 708// 1140//
f 1140// 708// 707//
f 1140// 707// 1159//
f 1177// 1192// 1193//
f 1177// 1193// 1144//
f 1144// 1193// 1194//
f 1144// 1194// 1128//
f 1128// 1194// 1195//
f 1128// 1195// 1129//
f 1185// 1196// 1197//
f 1185// 1197// 1183//
f 1183// 1197// 1198//
f 1183// 1198// 1181//
f 1181// 1198// 1199//
f 1181// 1199// 1179//
f 1179// 1199// 1192//
f 1179// 1192// 1177//
f 1164// 1200// 1201//
f 1164// 1201// 1162//
f 1162// 1201// 1202//
f 1162// 1202// 1189//
f 1189// 1202// 1203//
f 1189// 1203// 1187//
f 1187// 1203// 1196//
f 1187// 1196// 1185//
f 1170// 1204// 1205//
f 1170// 1205// 1168//
f 1168// 1205// 1206//
f 1168// 1206// 1166//
f 1166// 1206// 1200//
f 1166// 1200// 1164//
f 1139// 1207// 1208//
f 1139// 1208// 1133//
f 1133// 1208// 1209//
f 1133// 1209// 1135//
f 1135// 1209// 1210//
f 1135// 1210// 1172//
f 1172// 1210// 1204//
f 1172// 1204// 1170//
f 1131// 1211// 1212//
f 1131// 1212// 1136//
f 1136// 1212// 1213//
f 1136// 1213// 1137//
f 1137// 1213// 1214//
f 1137// 1214// 1138//
f 1138// 1214// 1207//
f 1138// 1207// 1139//
f 1131// 1130// 1211//
f 1211// 1130// 1215//
f 1130// 1129// 1215//
f 1215// 1129// 1195//
usemtl 2
f 1212// 1211// 1192//
f 1211// 1215// 1195//
f 1195// 1194// 1211//
f 1211// 1194// 1193//
f 1211// 1193// 1192//
f 1212// 1192// 1213//
f 1213// 1192// 1199//
f 1213// 1199// 1214//
f 1201// 1200// 1208//
f 1201// 1208// 1202//
f 1209// 1208// 1210//
f 1210// 1208// 1204//
f 1199// 1198// 1214//
f 1214// 1198// 1197//
f 1214// 1197// 1207//
f 1207// 1197// 1196//
f 1207// 1196// 1208//
f 1208// 1196// 1203//
f 1208// 1203// 1202//
f 1200// 1206// 1208//
f 1208// 1206// 1205//
f 1208// 1205// 1204//
usemtl 4
f 1216// 521// 518//
f 460// 1217// 518//
f 518// 1217// 1218//
f 518// 1218// 1216//
f 460// 459// 1217//
f 1217// 459// 464//
f 1217// 464// 1219//
f 1220// 1219// 470//
f 470// 1219// 464//
f 1220// 470// 1221//
f 1221// 470// 472//
f 476// 1222// 475//
f 475// 1222// 1221//
f 475// 1221// 474//
f 474// 1221// 472//
f 1223// 1222// 242//
f 242// 1222// 476//
f 242// 241// 1223//
f 1223// 241// 499//
f 1223// 499// 1224//
f 1224// 499// 498//
f 1224// 498// 1225//
f 1225// 498// 490//
f 1225// 490// 1226//
f 1226// 490// 489//
f 1226// 489// 1227//
f 1227// 489// 488//
f 1227// 488// 1228//
f 1228// 488// 497//
f 1228// 497// 1229//
f 1229// 497// 496//
f 1229// 496// 1230//
f 1230// 496// 495//
f 1230// 495// 1231//
f 1231// 495// 494//
f 1231// 494// 1232//
f 1232// 494// 514//
f 1232// 514// 1233//
f 1233// 514// 513//
f 1233// 513// 1234//
f 1234// 513// 511//
f 1234// 511// 1235//
f 1235// 511// 509//
f 1235// 509// 1236//
f 1236// 509// 508//
f 1236// 508// 1237//
f 1237// 508// 507//
f 1237// 507// 1238//
f 1238// 507// 506//
f 1238// 506// 1239//
f 1239// 506// 505//
f 1239// 505// 1240//
f 1240// 505// 502//
f 1240// 502// 1241//
f 1241// 502// 517//
f 1241// 517// 1242//
f 1242// 517// 516//
f 1242// 516// 1243//
f 1243// 516// 515//
f 1243// 515// 1244//
f 1244// 515// 504//
f 1244// 504// 1245//
f 1245// 504// 503//
f 1245// 503// 1246//
f 1246// 503// 501//
f 1246// 501// 1247//
f 1247// 501// 500//
f 1247// 500// 1248//
f 1248// 500// 510//
f 1248// 510// 1249//
f 1249// 510// 512//
f 1249// 512// 1250//
f 1250// 512// 480//
f 1250// 480// 1251//
f 1252// 1251// 481//
f 481// 1251// 480//
f 1252// 481// 493//
f 1252// 493// 1253//
f 1253// 493// 492//
f 1253// 492// 1254//
f 1254// 492// 491//
f 1254// 491// 1255//
f 1255// 491// 483//
f 1255// 483// 1256//
f 1256// 483// 482//
f 1256// 482// 1257//
f 1257// 482// 1258//
f 1258// 482// 487//
f 487// 486// 1258//
f 1258// 486// 485//
f 1258// 485// 1259//
f 1259// 485// 468//
f 1259// 468// 1260//
f 1260// 468// 466//
f 1260// 466// 1261//
f 1261// 466// 465//
f 1261// 465// 1262//
f 1262// 465// 463//
f 1262// 463// 1263//
f 1263// 463// 462//
f 1263// 462// 1264//
f 519// 1265// 1266//
f 1264// 462// 469//
f 1264// 469// 1267//
f 1267// 469// 461//
f 1267// 461// 1266//
f 1266// 461// 520//
f 1266// 520// 519//
f 1265// 519// 523//
f 1265// 523// 1268//
f 1268// 523// 534//
f 1268// 534// 1269//
f 1269// 534// 533//
f 1269// 533// 1270//
f 1270// 533// 532//
f 1270// 532// 1271//
f 1271// 532// 526//
f 1271// 526// 1272//
f 1272// 526// 525//
f 1272// 525// 1273//
f 1273// 525// 531//
f 1273// 531// 1274//
f 1274// 531// 530//
f 1274// 530// 1275//
f 1275// 530// 529//
f 1275// 529// 1276//
f 1276// 529// 528//
f 1276// 528// 1277//
f 1277// 528// 527//
f 1277// 527// 1278//
f 1278// 527// 524//
f 1278// 524// 1279//
f 1279// 524// 522//
f 1279// 522// 1280//
f 1280// 522// 521//
f 1280// 521// 1216//
f 1268// 1235// 1265//
f 1265// 1235// 1236//
f 1224// 1225// 1276//
f 1276// 1225// 1226//
f 1276// 1226// 1275//
f 1275// 1226// 1227//
f 1275// 1227// 1274//
f 1274// 1227// 1228//
f 1274// 1228// 1273//
f 1273// 1228// 1229//
f 1273// 1229// 1272//
f 1272// 1229// 1230//
f 1272// 1230// 1271//
f 1271// 1230// 1231//
f 1271// 1231// 1270//
f 1270// 1231// 1232//
f 1270// 1232// 1269//
f 1269// 1232// 1233//
f 1269// 1233// 1268//
f 1268// 1233// 1234//
f 1268// 1234// 1235//
f 1222// 1216// 1221//
f 1221// 1216// 1218//
f 1221// 1218// 1220//
f 1220// 1218// 1217//
f 1220// 1217// 1219//
f 1244// 1245// 1256//
f 1256// 1245// 1246//
f 1256// 1246// 1255//
f 1255// 1246// 1247//
f 1255// 1247// 1254//
f 1254// 1247// 1248//
f 1254// 1248// 1253//
f 1253// 1248// 1249//
f 1253// 1249// 1252//
f 1252// 1249// 1250//
f 1252// 1250// 1251//
f 1276// 1277// 1224//
f 1224// 1277// 1278//
f 1224// 1278// 1223//
f 1223// 1278// 1279//
f 1223// 1279// 1222//
f 1222// 1279// 1280//
f 1222// 1280// 1216//
f 1256// 1257// 1244//
f 1244// 1257// 1258//
f 1244// 1258// 1243//
f 1243// 1258// 1259//
f 1243// 1259// 1242//
f 1242// 1259// 1260//
f 1242// 1260// 1241//
f 1241// 1260// 1261//
f 1241// 1261// 1240//
f 1240// 1261// 1262//
f 1240// 1262// 1239//
f 1239// 1262// 1263//
f 1239// 1263// 1238//
f 1238// 1263// 1264//
f 1238// 1264// 1237//
f 1237// 1264// 1267//
f 1237// 1267// 1236//
f 1236// 1267// 1266//
f 1236// 1266// 1265//
f 1281// 1282// 725//
f 725// 1282// 726//
f 1283// 1281// 724//
f 724// 1281// 725//
f 1283// 724// 723//
f 1283// 723// 1284//
f 1284// 723// 722//
f 1284// 722// 1285//
f 1286// 1285// 721//
f 721// 1285// 722//
f 1287// 1286// 720//
f 720// 1286// 721//
f 1288// 1287// 719//
f 719// 1287// 720//
f 1289// 1288// 718//
f 718// 1288// 719//
f 1290// 1289// 717//
f 717// 1289// 718//
f 733// 1291// 716//
f 716// 1291// 1290//
f 716// 1290// 717//
f 1291// 733// 732//
f 1291// 732// 1292//
f 1292// 732// 731//
f 1292// 731// 1293//
f 1293// 731// 745//
f 1293// 745// 1294//
f 1294// 745// 744//
f 1294// 744// 1295//
f 1295// 744// 737//
f 1295// 737// 1296//
f 1296// 737// 736//
f 1296// 736// 1297//
f 1297// 736// 735//
f 1297// 735// 1298//
f 1299// 1298// 734//
f 734// 1298// 735//
f 1299// 734// 730//
f 1299// 730// 1300//
f 1300// 730// 729//
f 1300// 729// 1301//
f 1301// 729// 728//
f 1301// 728// 1302//
f 1302// 728// 743//
f 1302// 743// 1303//
f 1303// 743// 742//
f 1303// 742// 1304//
f 1304// 742// 741//
f 1304// 741// 1305//
f 1305// 741// 740//
f 1305// 740// 1306//
f 1306// 740// 739//
f 1306// 739// 1307//
f 726// 1282// 738//
f 738// 1282// 1307//
f 738// 1307// 739//
f 1284// 1285// 1307//
f 1282// 1281// 1307//
f 1307// 1281// 1283//
f 1307// 1283// 1284//
f 1288// 1289// 1287//
f 1287// 1289// 1290//
f 1287// 1290// 1286//
f 1298// 1299// 1297//
f 1297// 1299// 1300//
f 1297// 1300// 1296//
f 1296// 1300// 1301//
f 1296// 1301// 1295//
f 1295// 1301// 1302//
f 1295// 1302// 1294//
f 1294// 1302// 1303//
f 1294// 1303// 1293//
f 1285// 1286// 1307//
f 1307// 1286// 1290//
f 1307// 1290// 1306//
f 1290// 1291// 1306//
f 1306// 1291// 1292//
f 1306// 1292// 1305//
f 1305// 1292// 1293//
f 1305// 1293// 1304//
f 1304// 1293// 1303//
f 1308// 1309// 436//
f 436// 1309// 437//
f 442// 1310// 440//
f 440// 1310// 1308//
f 440// 1308// 436//
f 1311// 1310// 443//
f 443// 1310// 442//
f 439// 1312// 441//
f 441// 1312// 1311//
f 441// 1311// 443//
f 1313// 1312// 448//
f 448// 1312// 439//
f 445// 1314// 447//
f 447// 1314// 1313//
f 447// 1313// 448//
f 1314// 445// 1315//
f 1315// 445// 444//
f 1315// 444// 449//
f 451// 1316// 450//
f 450// 1316// 1315//
f 450// 1315// 449//
f 1317// 1316// 452//
f 452// 1316// 451//
f 455// 1318// 453//
f 453// 1318// 1317//
f 453// 1317// 452//
f 244// 1319// 245//
f 245// 1319// 1318//
f 245// 1318// 455//
f 437// 1309// 457//
f 457// 1309// 1319//
f 457// 1319// 244//
f 1319// 1309// 1308//
f 1308// 1310// 1319//
f 1319// 1310// 1311//
f 1319// 1311// 1318//
f 1316// 1317// 1315//
f 1315// 1317// 1318//
f 1315// 1318// 1314//
f 1314// 1318// 1311//
f 1314// 1311// 1313//
f 1313// 1311// 1312//
f 1320// 1321// 1322//
f 1322// 1321// 1323//
f 1322// 1323// 1324//
f 1324// 1323// 1325//
f 1324// 1325// 1326//
f 1326// 1325// 1327//
f 1326// 1327// 1328//
f 1328// 1327// 1329//
f 1328// 1329// 1330//
f 1330// 1329// 1331//
f 1330// 1331// 1332//
f 1331// 1333// 1332//
f 1332// 1333// 1334//
f 1332// 1334// 1335//
f 1335// 1334// 1336//
f 1335// 1336// 1337//
f 1337// 1336// 1338//
f 1337// 1338// 1339//
f 1339// 1338// 1340//
f 1339// 1340// 1341//
f 1341// 1340// 1342//
f 1341// 1342// 1343//
f 1343// 1342// 1344//
f 1343// 1344// 1345//
f 1345// 1344// 1346//
f 1345// 1346// 1347//
f 1347// 1346// 1348//
f 1347// 1348// 1349//
f 1349// 1348// 1350//
f 1349// 1350// 1351//
f 1351// 1350// 1352//
f 1351// 1352// 1353//
f 1353// 1352// 1354//
f 1353// 1354// 1320//
f 1320// 1354// 1355//
f 1320// 1355// 1321//
f 1326// 1328// 421//
f 421// 1328// 426//
f 1326// 421// 420//
f 1326// 420// 1324//
f 1324// 420// 419//
f 1324// 419// 1322//
f 1322// 419// 418//
f 1322// 418// 1320//
f 1320// 418// 417//
f 1320// 417// 1353//
f 1353// 417// 416//
f 1353// 416// 1351//
f 1351// 416// 425//
f 1351// 425// 1349//
f 1349// 425// 424//
f 1349// 424// 1347//
f 434// 1339// 435//
f 435// 1339// 1341//
f 435// 1341// 414//
f 414// 1341// 1343//
f 414// 1343// 415//
f 415// 1343// 1345//
f 415// 1345// 423//
f 423// 1345// 1347//
f 423// 1347// 424//
f 1339// 434// 433//
f 1339// 433// 1337//
f 1337// 433// 432//
f 1337// 432// 1335//
f 1335// 432// 431//
f 1335// 431// 1332//
f 1330// 1332// 429//
f 429// 1332// 431//
f 426// 1328// 427//
f 427// 1328// 1330//
f 427// 1330// 429//
f 1333// 1331// 1356//
f 1356// 1331// 1357//
f 1331// 1329// 1357//
f 1357// 1329// 1358//
f 1329// 1327// 1358//
f 1358// 1327// 1359//
f 1355// 1360// 1361//
f 1355// 1361// 1321//
f 1321// 1361// 1362//
f 1321// 1362// 1323//
f 1323// 1362// 1363//
f 1323// 1363// 1325//
f 1325// 1363// 1359//
f 1325// 1359// 1327//
f 1348// 1364// 1365//
f 1348// 1365// 1350//
f 1350// 1365// 1366//
f 1350// 1366// 1352//
f 1352// 1366// 1367//
f 1352// 1367// 1354//
f 1354// 1367// 1360//
f 1354// 1360// 1355//
f 1340// 1368// 1369//
f 1340// 1369// 1342//
f 1342// 1369// 1370//
f 1342// 1370// 1344//
f 1344// 1370// 1371//
f 1344// 1371// 1346//
f 1346// 1371// 1364//
f 1346// 1364// 1348//
f 1333// 1356// 1372//
f 1333// 1372// 1334//
f 1334// 1372// 1373//
f 1334// 1373// 1336//
f 1336// 1373// 1374//
f 1336// 1374// 1338//
f 1338// 1374// 1368//
f 1338// 1368// 1340//
usemtl 2
f 1357// 1358// 1356//
f 1356// 1358// 1359//
f 1356// 1359// 1372//
f 1372// 1359// 1363//
f 1372// 1363// 1362//
f 1362// 1361// 1372//
f 1372// 1361// 1360//
f 1372// 1360// 1367//
f 1364// 1368// 1365//
f 1365// 1368// 1374//
f 1367// 1366// 1372//
f 1372// 1366// 1365//
f 1372// 1365// 1373//
f 1373// 1365// 1374//
f 1371// 1370// 1364//
f 1364// 1370// 1369//
f 1364// 1369// 1368//
usemtl 4
f 1375// 1376// 1377//
f 1377// 1376// 1378//
f 1379// 1380// 1375//
f 1375// 1380// 1381//
f 1375// 1381// 1376//
f 1376// 1381// 1382//
f 1379// 1383// 1380//
f 1380// 1383// 1384//
f 1380// 1384// 1385//
f 1385// 1384// 1386//
f 1385// 1386// 1387//
f 1387// 1388// 1385//
f 1385// 1388// 1377//
f 1385// 1377// 1389//
f 1389// 1377// 1378//
f 1389// 1378// 1390//
f 405// 1385// 801//
f 801// 1385// 1389//
f 801// 1389// 800//
f 1380// 1385// 404//
f 404// 1385// 405//
f 408// 1381// 406//
f 406// 1381// 1380//
f 406// 1380// 404//
f 1382// 1381// 410//
f 410// 1381// 408//
f 1376// 1382// 413//
f 413// 1382// 410//
f 1378// 1376// 412//
f 412// 1376// 413//
f 1390// 1378// 411//
f 411// 1378// 412//
f 1389// 1390// 800//
f 800// 1390// 411//
f 1375// 1377// 1391//
f 1391// 1377// 1392//
f 1377// 1388// 1392//
f 1392// 1388// 1393//
f 1386// 1394// 1395//
f 1386// 1395// 1387//
f 1387// 1395// 1393//
f 1387// 1393// 1388//
f 1386// 1384// 1394//
f 1394// 1384// 1396//
f 1379// 1397// 1398//
f 1379// 1398// 1383//
f 1383// 1398// 1396//
f 1383// 1396// 1384//
f 1379// 1375// 1397//
f 1397// 1375// 1391//
usemtl 2
f 1394// 1396// 1395//
f 1395// 1396// 1398//
f 1395// 1398// 1393//
f 1393// 1398// 1397//
f 1393// 1397// 1392//
f 1392// 1397// 1391//
usemtl 4
f 1399// 1400// 1401//
f 1402// 1403// 1404//
f 1405// 1406// 1407//
f 1408// 1409// 1410//
f 1410// 1409// 1411//
f 1412// 1413// 1401//
f 1401// 1413// 1414//
f 1401// 1414// 1399//
f 1404// 1403// 1415//
f 1416// 1417// 1418//
f 1419// 1420// 1409//
f 1409// 1420// 1421//
f 1409// 1421// 1411//
f 1411// 1421// 1422//
f 1423// 1424// 1425//
f 1425// 1424// 1426//
f 1425// 1426// 1427//
f 1427// 1426// 1428//
f 1427// 1428// 1429//
f 1429// 1428// 1430//
f 1429// 1430// 1431//
f 1431// 1430// 1401//
f 1431// 1401// 1432//
f 1433// 1434// 1423//
f 1423// 1434// 1435//
f 1423// 1435// 1424//
f 1408// 1410// 1418//
f 1418// 1410// 1436//
f 1418// 1436// 1416//
f 1437// 1400// 1438//
f 1438// 1400// 1439//
f 1438// 1439// 1440//
f 1441// 1442// 1443//
f 1443// 1442// 1444//
f 1443// 1444// 1445//
f 1445// 1444// 1446//
f 1445// 1446// 1447//
f 1447// 1446// 1448//
f 1405// 1407// 1449//
f 1449// 1407// 1450//
f 1449// 1450// 1451//
f 1451// 1450// 1452//
f 1451// 1452// 1453//
f 1403// 1454// 1415//
f 1415// 1454// 1455//
f 1415// 1455// 1456//
f 1456// 1455// 1457//
f 1456// 1457// 1405//
f 1405// 1457// 1458//
f 1405// 1458// 1406//
f 1422// 1421// 1423//
f 1423// 1421// 1459//
f 1423// 1459// 1433//
f 1460// 1461// 1462//
f 1462// 1461// 1463//
f 1462// 1463// 1464//
f 1464// 1463// 1465//
f 1464// 1465// 1466//
f 1466// 1465// 1467//
f 1466// 1467// 1468//
f 1468// 1467// 1469//
f 1468// 1469// 1470//
f 1437// 1471// 1400//
f 1400// 1471// 1472//
f 1400// 1472// 1401//
f 1401// 1472// 1473//
f 1401// 1473// 1432//
f 1446// 1474// 1448//
f 1448// 1474// 1475//
f 1448// 1475// 1476//
f 1476// 1475// 1477//
f 1476// 1477// 1478//
f 1478// 1477// 1479//
f 1478// 1479// 1480//
f 1480// 1479// 1481//
f 1480// 1481// 1482//
f 1482// 1481// 1483//
f 1482// 1483// 1484//
f 1484// 1483// 1485//
f 1484// 1485// 1460//
f 1460// 1485// 1486//
f 1460// 1486// 1461//
f 1487// 1488// 1489//
f 1489// 1488// 1490//
f 1489// 1490// 1443//
f 1443// 1490// 1491//
f 1443// 1491// 1441//
f 1492// 1493// 1494//
f 1494// 1493// 1495//
f 1494// 1495// 1496//
f 1496// 1495// 1497//
f 1496// 1497// 1498//
f 1498// 1497// 1499//
f 1498// 1499// 1500//
f 1500// 1499// 1501//
f 1500// 1501// 1412//
f 1412// 1501// 1502//
f 1412// 1502// 1413//
f 1453// 1452// 1503//
f 1503// 1452// 1504//
f 1503// 1504// 1505//
f 1505// 1504// 1506//
f 1505// 1506// 1507//
f 1507// 1506// 1508//
f 1507// 1508// 1509//
f 1509// 1508// 1510//
f 1509// 1510// 1487//
f 1487// 1510// 1511//
f 1487// 1511// 1488//
f 1404// 1512// 1402//
f 1402// 1512// 1513//
f 1402// 1513// 1514//
f 1514// 1513// 1515//
f 1514// 1515// 1516//
f 1516// 1515// 1517//
f 1516// 1517// 1492//
f 1492// 1517// 1518//
f 1492// 1518// 1493//
f 1417// 1519// 1418//
f 1418// 1519// 1520//
f 1418// 1520// 1521//
f 1521// 1520// 1522//
f 1521// 1522// 1523//
f 1523// 1522// 1524//
f 1523// 1524// 1525//
f 1525// 1524// 1526//
f 1525// 1526// 1527//
f 1527// 1526// 1528//
f 1527// 1528// 1529//
f 1529// 1528// 1530//
f 1529// 1530// 1531//
f 1531// 1530// 1532//
f 1531// 1532// 1533//
f 1533// 1532// 1440//
f 1533// 1440// 1534//
f 1534// 1440// 1439//
f 1535// 1536// 1537//
f 1469// 1538// 1470//
f 1470// 1538// 1535//
f 1470// 1535// 1539//
f 1539// 1535// 1537//
f 1540// 1541// 1535//
f 1535// 1541// 1542//
f 1535// 1542// 1536//
f 1543// 1544// 1545//
f 1544// 1546// 1545//
f 1545// 1546// 1547//
f 1545// 1547// 1548//
f 1540// 1535// 1545//
f 1545// 1535// 1549//
f 1545// 1549// 1543//
f 1480// 247// 400//
f 1480// 400// 1478//
f 1478// 400// 402//
f 1478// 402// 1476//
f 1476// 402// 401//
f 1476// 401// 1448//
f 401// 256// 1448//
f 1448// 256// 255//
f 1448// 255// 1447//
f 1447// 255// 264//
f 1447// 264// 1445//
f 1445// 264// 263//
f 1445// 263// 1443//
f 1443// 263// 262//
f 1443// 262// 1489//
f 1489// 262// 261//
f 1489// 261// 1487//
f 1509// 1487// 260//
f 260// 1487// 261//
f 260// 259// 1509//
f 1509// 259// 266//
f 1509// 266// 1507//
f 1507// 266// 265//
f 1507// 265// 1505//
f 273// 1451// 271//
f 271// 1451// 1453//
f 271// 1453// 269//
f 269// 1453// 1503//
f 269// 1503// 268//
f 268// 1503// 1505//
f 268// 1505// 265//
f 1451// 273// 278//
f 1451// 278// 1449//
f 1449// 278// 280//
f 1449// 280// 1405//
f 1405// 280// 279//
f 1405// 279// 1456//
f 1456// 279// 277//
f 1456// 277// 1415//
f 1415// 277// 276//
f 1415// 276// 1404//
f 1404// 276// 282//
f 1404// 282// 1512//
f 1512// 282// 281//
f 1512// 281// 1513//
f 1513// 281// 275//
f 1513// 275// 1515//
f 1515// 275// 274//
f 1515// 274// 1517//
f 1517// 274// 253//
f 1517// 253// 1518//
f 253// 252// 1518//
f 1518// 252// 285//
f 1518// 285// 1493//
f 1493// 285// 284//
f 1493// 284// 1495//
f 1495// 284// 1497//
f 1497// 284// 292//
f 292// 291// 1497//
f 1497// 291// 290//
f 1497// 290// 1499//
f 1499// 290// 287//
f 1499// 287// 1501//
f 1501// 287// 286//
f 1501// 286// 1502//
f 1502// 286// 289//
f 1502// 289// 1413//
f 1413// 289// 293//
f 1413// 293// 1414//
f 1414// 293// 294//
f 1414// 294// 1399//
f 294// 295// 1399//
f 1399// 295// 296//
f 1399// 296// 1400//
f 1400// 296// 306//
f 1400// 306// 1439//
f 1439// 306// 305//
f 1439// 305// 1534//
f 305// 303// 1534//
f 1534// 303// 302//
f 1534// 302// 1533//
f 1533// 302// 300//
f 1533// 300// 1531//
f 342// 1408// 1418//
f 1531// 300// 298//
f 1531// 298// 1529//
f 1529// 298// 297//
f 1529// 297// 1527//
f 297// 312// 1527//
f 1527// 312// 311//
f 1527// 311// 1525//
f 1525// 311// 310//
f 1525// 310// 1523//
f 1523// 310// 308//
f 1523// 308// 1521//
f 1521// 308// 307//
f 1521// 307// 1418//
f 1418// 307// 341//
f 1418// 341// 342//
f 1409// 1408// 329//
f 329// 1408// 342//
f 1419// 1409// 315//
f 315// 1409// 329//
f 371// 1420// 354//
f 354// 1420// 1419//
f 354// 1419// 315//
f 250// 1421// 251//
f 251// 1421// 1420//
f 251// 1420// 371//
f 1421// 250// 249//
f 1421// 249// 1459//
f 1459// 249// 374//
f 1459// 374// 1433//
f 374// 349// 1433//
f 1433// 349// 348//
f 1433// 348// 1434//
f 1434// 348// 351//
f 1434// 351// 1435//
f 1435// 351// 357//
f 1435// 357// 1424//
f 1424// 357// 359//
f 1424// 359// 1426//
f 1426// 359// 363//
f 1426// 363// 1428//
f 363// 377// 1428//
f 1428// 377// 376//
f 1428// 376// 1430//
f 1430// 376// 380//
f 1430// 380// 1401//
f 365// 1494// 1496//
f 1401// 380// 379//
f 1401// 379// 1412//
f 1412// 379// 378//
f 1412// 378// 1500//
f 1500// 378// 375//
f 1500// 375// 1498//
f 1498// 375// 362//
f 1498// 362// 1496//
f 1496// 362// 364//
f 1496// 364// 365//
f 1494// 365// 361//
f 1494// 361// 1492//
f 1492// 361// 360//
f 1492// 360// 1516//
f 1516// 360// 358//
f 1516// 358// 1514//
f 358// 399// 1514//
f 1514// 399// 398//
f 1514// 398// 1402//
f 1402// 398// 397//
f 1402// 397// 1403//
f 1403// 397// 391//
f 1403// 391// 1454//
f 1454// 391// 390//
f 1454// 390// 1455//
f 1455// 390// 389//
f 1455// 389// 1457//
f 1457// 389// 387//
f 1457// 387// 1458//
f 1458// 387// 383//
f 1458// 383// 1406//
f 1406// 383// 386//
f 1406// 386// 1407//
f 1407// 386// 392//
f 1407// 392// 1450//
f 1450// 392// 394//
f 1450// 394// 1452//
f 1452// 394// 396//
f 1452// 396// 1504//
f 1504// 396// 395//
f 1504// 395// 1506//
f 370// 1441// 350//
f 350// 1441// 1491//
f 350// 1491// 388//
f 388// 1491// 1490//
f 388// 1490// 381//
f 381// 1490// 1488//
f 381// 1488// 382//
f 382// 1488// 1511//
f 382// 1511// 384//
f 384// 1511// 1510//
f 384// 1510// 385//
f 385// 1510// 1508//
f 385// 1508// 393//
f 393// 1508// 1506//
f 393// 1506// 395//
f 1442// 1441// 372//
f 372// 1441// 370//
f 1442// 372// 373//
f 1442// 373// 1444//
f 1444// 373// 367//
f 1444// 367// 1446//
f 1446// 367// 366//
f 1446// 366// 1474//
f 1474// 366// 369//
f 1474// 369// 1475//
f 1475// 369// 368//
f 1475// 368// 1477//
f 1477// 368// 356//
f 1477// 356// 1479//
f 1479// 356// 355//
f 1479// 355// 1481//
f 1481// 355// 1483//
f 1483// 355// 353//
f 353// 352// 1483//
f 1483// 352// 333//
f 1483// 333// 1485//
f 1485// 333// 332//
f 1485// 332// 1486//
f 1486// 332// 347//
f 1486// 347// 1461//
f 1461// 347// 346//
f 1461// 346// 1463//
f 1463// 346// 345//
f 1463// 345// 1465//
f 1465// 345// 344//
f 1465// 344// 1467//
f 1469// 1467// 343//
f 343// 1467// 344//
f 1469// 343// 322//
f 1469// 322// 1538//
f 1538// 322// 321//
f 1538// 321// 1535//
f 1535// 321// 320//
f 1535// 320// 1549//
f 1549// 320// 314//
f 1549// 314// 1543//
f 1543// 314// 313//
f 1543// 313// 1544//
f 1544// 313// 316//
f 1544// 316// 1546//
f 1546// 316// 331//
f 1546// 331// 1547//
f 1547// 331// 330//
f 1547// 330// 1548//
f 1548// 330// 328//
f 1548// 328// 1545//
f 1545// 328// 327//
f 1545// 327// 1540//
f 1540// 327// 340//
f 1540// 340// 1541//
f 1541// 340// 339//
f 1541// 339// 1542//
f 1542// 339// 338//
f 1542// 338// 1536//
f 1536// 338// 337//
f 1536// 337// 1537//
f 1537// 337// 336//
f 1537// 336// 1539//
f 1539// 336// 335//
f 1539// 335// 1470//
f 1470// 335// 334//
f 1470// 334// 1468//
f 1466// 1468// 326//
f 326// 1468// 334//
f 1466// 326// 325//
f 1466// 325// 1464//
f 1464// 325// 324//
f 1464// 324// 1462//
f 1462// 324// 318//
f 1462// 318// 1460//
f 247// 1480// 248//
f 248// 1480// 1482//
f 248// 1482// 323//
f 323// 1482// 1484//
f 323// 1484// 317//
f 317// 1484// 1460//
f 317// 1460// 318//
f 1422// 1550// 1551//
f 1422// 1551// 1411//
f 1411// 1551// 1552//
f 1411// 1552// 1410//
f 1410// 1552// 1553//
f 1410// 1553// 1436//
f 1436// 1553// 1554//
f 1436// 1554// 1416//
f 1416// 1554// 1555//
f 1416// 1555// 1417//
f 1417// 1555// 1556//
f 1417// 1556// 1519//
f 1519// 1556// 1557//
f 1519// 1557// 1520//
f 1520// 1557// 1558//
f 1520// 1558// 1522//
f 1522// 1558// 1559//
f 1522// 1559// 1524//
f 1524// 1559// 1560//
f 1524// 1560// 1526//
f 1526// 1560// 1561//
f 1526// 1561// 1528//
f 1528// 1561// 1562//
f 1528// 1562// 1530//
f 1530// 1562// 1563//
f 1530// 1563// 1532//
f 1532// 1563// 1564//
f 1532// 1564// 1440//
f 1440// 1564// 1565//
f 1440// 1565// 1438//
f 1438// 1565// 1566//
f 1438// 1566// 1437//
f 1437// 1566// 1567//
f 1437// 1567// 1471//
f 1471// 1567// 1568//
f 1471// 1568// 1472//
f 1472// 1568// 1569//
f 1472// 1569// 1473//
f 1473// 1569// 1570//
f 1473// 1570// 1432//
f 1432// 1570// 1571//
f 1432// 1571// 1431//
f 1431// 1571// 1572//
f 1431// 1572// 1429//
f 1429// 1572// 1573//
f 1429// 1573// 1427//
f 1427// 1573// 1574//
f 1427// 1574// 1425//
f 1425// 1574// 1575//
f 1425// 1575// 1423//
f 1423// 1575// 1550//
f 1423// 1550// 1422//
usemtl 2
f 1562// 1551// 1563//
f 1563// 1551// 1550//
f 1563// 1550// 1575//
f 1575// 1574// 1563//
f 1563// 1574// 1573//
f 1563// 1573// 1572//
f 1560// 1554// 1553//
f 1568// 1567// 1572//
f 1572// 1567// 1566//
f 1562// 1561// 1551//
f 1551// 1561// 1560//
f 1551// 1560// 1552//
f 1552// 1560// 1553//
f 1566// 1565// 1572//
f 1572// 1565// 1564//
f 1572// 1564// 1563//
f 1571// 1570// 1572//
f 1572// 1570// 1569//
f 1572// 1569// 1568//
f 1558// 1557// 1559//
f 1559// 1557// 1556//
f 1559// 1556// 1560//
f 1560// 1556// 1555//
f 1560// 1555// 1554//
